0.0
0.00010000333344444814
0.0002000066668888963
0.00030001000033334443
0.0004000133337777926
0.0005000166672222407
0.0006000200006666889
0.000700023334111137
0.0008000266675555852
0.0009000300010000333
0.0010000333344444814
0.0011000366678889295
0.0012000400013333777
0.001300043334777826
0.001400046668222274
0.001500050001666722
0.0016000533351111703
0.0017000566685556186
0.0018000600020000666
0.0019000633354445146
0.002000066668888963
0.002100070002333411
0.002200073335777859
0.002300076669222307
0.0024000800026667555
0.0025000833361112037
0.002600086669555652
0.0027000900030000998
0.002800093336444548
0.0029000966698889963
0.003000100003333444
0.0031001033367778924
0.0032001066702223406
0.003300110003666789
0.003400113337111237
0.003500116670555685
0.003600120004000133
0.0037001233374445814
0.0038001266708890293
0.0039001300043334775
0.004000133337777926
0.004100136671222374
0.004200140004666822
0.00430014333811127
0.004400146671555718
0.004500150005000167
0.004600153338444614
0.004700156671889063
0.004800160005333511
0.004900163338777959
0.005000166672222407
0.005100170005666855
0.005200173339111304
0.005300176672555752
0.0054001800060001996
0.005500183339444648
0.005600186672889096
0.005700190006333544
0.0058001933397779926
0.00590019667322244
0.006000200006666888
0.006100203340111337
0.006200206673555785
0.006300210007000233
0.006400213340444681
0.006500216673889129
0.006600220007333578
0.0067002233407780255
0.006800226674222474
0.006900230007666922
0.00700023334111137
0.0071002366745558185
0.007200240008000266
0.007300243341444714
0.007400246674889163
0.007500250008333611
0.0076002533417780585
0.007700256675222507
0.007800260008666955
0.007900263342111403
0.008000266675555852
0.0081002700090003
0.008200273342444747
0.008300276675889196
0.008400280009333645
0.008500283342778091
0.00860028667622254
0.008700290009666989
0.008800293343111436
0.008900296676555884
0.009000300010000333
0.009100303343444782
0.009200306676889229
0.009300310010333677
0.009400313343778126
0.009500316677222573
0.009600320010667022
0.00970032334411147
0.009800326677555917
0.009900330011000366
0.010000333344444815
0.010100336677889262
0.01020034001133371
0.01030034334477816
0.010400346678222608
0.010500350011667055
0.010600353345111503
0.010700356678555952
0.010800360012000399
0.010900363345444848
0.011000366678889296
0.011100370012333743
0.011200373345778192
0.01130037667922264
0.011400380012667088
0.011500383346111536
0.011600386679555985
0.011700390013000432
0.01180039334644488
0.01190039667988933
0.012000400013333776
0.012100403346778225
0.012200406680222674
0.012300410013667122
0.01240041334711157
0.012500416680556018
0.012600420014000467
0.012700423347444914
0.012800426680889362
0.012900430014333811
0.013000433347778258
0.013100436681222707
0.013200440014667155
0.013300443348111602
0.013400446681556051
0.0135004500150005
0.013600453348444948
0.013700456681889395
0.013800460015333844
0.013900463348778293
0.01400046668222274
0.014100470015667188
0.014200473349111637
0.014300476682556084
0.014400480016000533
0.014500483349444981
0.014600486682889428
0.014700490016333877
0.014800493349778326
0.014900496683222773
0.015000500016667221
0.01510050335011167
0.015200506683556117
0.015300510017000566
0.015400513350445014
0.015500516683889463
0.01560052001733391
0.01570052335077836
0.015800526684222806
0.015900530017667256
0.016000533351111703
0.01610053668455615
0.0162005400180006
0.016300543351445047
0.016400546684889494
0.016500550018333945
0.01660055335177839
0.01670055668522284
0.01680056001866729
0.016900563352111736
0.017000566685556183
0.017100570019000633
0.01720057335244508
0.017300576685889527
0.017400580019333978
0.017500583352778425
0.01760058668622287
0.017700590019667322
0.01780059335311177
0.01790059668655622
0.018000600020000666
0.018100603353445113
0.018200606686889564
0.01830061002033401
0.018400613353778458
0.018500616687222908
0.018600620020667355
0.018700623354111802
0.018800626687556252
0.0189006300210007
0.019000633354445146
0.019100636687889597
0.019200640021334044
0.01930064335477849
0.01940064668822294
0.019500650021667388
0.019600653355111835
0.019700656688556285
0.019800660022000732
0.01990066335544518
0.02000066668888963
0.020100670022334077
0.020200673355778524
0.020300676689222974
0.02040068002266742
0.020500683356111868
0.02060068668955632
0.020700690023000765
0.020800693356445216
0.020900696689889663
0.02100070002333411
0.02110070335677856
0.021200706690223007
0.021300710023667454
0.021400713357111904
0.02150071669055635
0.021600720024000798
0.02170072335744525
0.021800726690889696
0.021900730024334143
0.022000733357778593
0.02210073669122304
0.022200740024667487
0.022300743358111937
0.022400746691556384
0.02250075002500083
0.02260075335844528
0.02270075669188973
0.022800760025334176
0.022900763358778626
0.023000766692223073
0.02310077002566752
0.02320077335911197
0.023300776692556417
0.023400780026000864
0.023500783359445315
0.02360078669288976
0.02370079002633421
0.02380079335977866
0.023900796693223106
0.024000800026667553
0.024100803360112003
0.02420080669355645
0.0243008100270009
0.024400813360445348
0.024500816693889794
0.024600820027334245
0.024700823360778692
0.02480082669422314
0.02490083002766759
0.025000833361112036
0.025100836694556483
0.025200840028000934
0.02530084336144538
0.025400846694889827
0.025500850028334278
0.025600853361778725
0.025700856695223172
0.025800860028667622
0.02590086336211207
0.026000866695556516
0.026100870029000967
0.026200873362445413
0.02630087669588986
0.02640088002933431
0.026500883362778758
0.026600886696223205
0.026700890029667655
0.026800893363112102
0.02690089669655655
0.027000900030001
0.027100903363445446
0.027200906696889897
0.027300910030334344
0.02740091336377879
0.02750091669722324
0.027600920030667688
0.027700923364112135
0.027800926697556586
0.027900930031001032
0.02800093336444548
0.02810093669788993
0.028200940031334377
0.028300943364778824
0.028400946698223274
0.02850095003166772
0.028600953365112168
0.02870095669855662
0.028800960032001065
0.028900963365445512
0.029000966698889963
0.02910097003233441
0.029200973365778857
0.029300976699223307
0.029400980032667754
0.0295009833661122
0.02960098669955665
0.0297009900330011
0.029800993366445545
0.029900996699889996
0.030001000033334443
0.03010100336677889
0.03020100670022334
0.030301010033667787
0.030401013367112234
0.030501016700556684
0.03060102003400113
0.030701023367445582
0.03080102670089003
0.030901030034334476
0.031001033367778926
0.031101036701223373
0.03120104003466782
0.03130104336811227
0.03140104670155672
0.031501050035001164
0.03160105336844561
0.03170105670189006
0.03180106003533451
0.03190106336877896
0.032001066702223406
0.03210107003566785
0.0322010733691123
0.032301076702556754
0.0324010800360012
0.03250108336944565
0.032601086702890095
0.03270109003633454
0.03280109336977899
0.03290109670322344
0.03300110003666789
0.033101103370112336
0.03320110670355678
0.03330111003700123
0.03340111337044568
0.03350111670389013
0.03360112003733458
0.033701123370779025
0.03380112670422347
0.03390113003766792
0.034001133371112366
0.03410113670455682
0.03420114003800127
0.034301143371445714
0.03440114670489016
0.03450115003833461
0.034601153371779055
0.03470115670522351
0.034801160038667955
0.0349011633721124
0.03500116670555685
0.035101170039001296
0.03520117337244574
0.0353011767058902
0.035401180039334644
0.03550118337277909
0.03560118670622354
0.035701190039667985
0.03580119337311244
0.035901196706556886
0.03600120004000133
0.03610120337344578
0.03620120670689023
0.036301210040334674
0.03640121337377913
0.036501216707223574
0.03660122004066802
0.03670122337411247
0.036801226707556915
0.03690123004100136
0.037001233374445816
0.03710123670789026
0.03720124004133471
0.03730124337477916
0.037401246708223604
0.03750125004166805
0.037601253375112505
0.03770125670855695
0.0378012600420014
0.037901263375445846
0.03800126670889029
0.03810127004233474
0.03820127337577919
0.03830127670922364
0.03840128004266809
0.038501283376112534
0.03860128670955698
0.038701290043001435
0.03880129337644588
0.03890129670989033
0.039001300043334776
0.03910130337677922
0.03920130671022367
0.039301310043668124
0.03940131337711257
0.03950131671055702
0.039601320044001465
0.03970132337744591
0.03980132671089036
0.03990133004433481
0.04000133337777926
0.040101336711223706
0.04020134004466815
0.0403013433781126
0.04040134671155705
0.0405013500450015
0.04060135337844595
0.040701356711890395
0.04080136004533484
0.04090136337877929
0.041001366712223736
0.04110137004566819
0.04120137337911264
0.041301376712557084
0.04140138004600153
0.04150138337944598
0.04160138671289043
0.04170139004633488
0.041801393379779325
0.04190139671322377
0.04200140004666822
0.042101403380112666
0.04220140671355712
0.04230141004700157
0.042401413380446014
0.04250141671389046
0.04260142004733491
0.042701423380779355
0.04280142671422381
0.042901430047668256
0.0430014333811127
0.04310143671455715
0.043201440048001596
0.04330144338144604
0.0434014467148905
0.043501450048334944
0.04360145338177939
0.04370145671522384
0.043801460048668285
0.04390146338211273
0.044001466715557186
0.04410147004900163
0.04420147338244608
0.04430147671589053
0.044401480049334974
0.04450148338277942
0.044601486716223875
0.04470149004966832
0.04480149338311277
0.044901496716557215
0.04500150005000166
0.045101503383446116
0.04520150671689056
0.04530151005033501
0.04540151338377946
0.045501516717223904
0.04560152005066835
0.045701523384112805
0.04580152671755725
0.0459015300510017
0.046001533384446146
0.04610153671789059
0.04620154005133504
0.046301543384779494
0.04640154671822394
0.04650155005166839
0.046601553385112834
0.04670155671855728
0.04680156005200173
0.04690156338544618
0.04700156671889063
0.047101570052335076
0.04720157338577952
0.04730157671922397
0.04740158005266842
0.04750158338611287
0.04760158671955732
0.047701590053001765
0.04780159338644621
0.04790159671989066
0.048001600053335106
0.04810160338677956
0.048201606720224006
0.04830161005366845
0.0484016133871129
0.04850161672055735
0.0486016200540018
0.04870162338744625
0.048801626720890695
0.04890163005433514
0.04900163338777959
0.049101636721224036
0.04920164005466849
0.04930164338811294
0.049401646721557384
0.04950165005500183
0.04960165338844628
0.049701656721890725
0.04980166005533518
0.049901663388779625
0.05000166672222407
0.05010167005566852
0.050201673389112966
0.05030167672255741
0.05040168005600187
0.050501683389446314
0.05060168672289076
0.05070169005633521
0.050801693389779655
0.0509016967232241
0.051001700056668556
0.051101703390113
0.05120170672355745
0.0513017100570019
0.051401713390446344
0.0515017167238908
0.051601720057335244
0.05170172339077969
0.05180172672422414
0.051901730057668585
0.05200173339111303
0.052101736724557486
0.05220174005800193
0.05230174339144638
0.05240174672489083
0.052501750058335274
0.05260175339177972
0.052701756725224175
0.05280176005866862
0.05290176339211307
0.053001766725557516
0.05310177005900196
0.05320177339244641
0.05330177672589086
0.05340178005933531
0.05350178339277976
0.053601786726224204
0.05370179005966865
0.0538017933931131
0.05390179672655755
0.054001800060002
0.054101803393446446
0.05420180672689089
0.05430181006033534
0.054401813393779794
0.05450181672722424
0.05460182006066869
0.054701823394113135
0.05480182672755758
0.05490183006100203
0.05500183339444648
0.05510183672789093
0.055201840061335376
0.05530184339477982
0.05540184672822427
0.05550185006166872
0.05560185339511317
0.05570185672855762
0.055801860062002065
0.05590186339544651
0.05600186672889096
0.056101870062335406
0.05620187339577986
0.05630187672922431
0.056401880062668754
0.0565018833961132
0.05660188672955765
0.056701890063002094
0.05680189339644655
0.056901896729890995
0.05700190006333544
0.05710190339677989
0.057201906730224336
0.05730191006366878
0.05740191339711324
0.057501916730557684
0.05760192006400213
0.05770192339744658
0.057801926730891025
0.05790193006433548
0.058001933397779926
0.05810193673122437
0.05820194006466882
0.058301943398113266
0.05840194673155771
0.05850195006500217
0.058601953398446614
0.05870195673189106
0.05880196006533551
0.058901963398779955
0.0590019667322244
0.059101970065668856
0.0592019733991133
0.05930197673255775
0.0594019800660022
0.059501983399446644
0.05960198673289109
0.059701990066335545
0.05980199339977999
0.05990199673322444
0.060002000066668885
0.06010200340011333
0.06020200673355778
0.06030201006700223
0.06040201340044668
0.06050201673389113
0.060602020067335574
0.06070202340078002
0.06080202673422447
0.06090203006766892
0.06100203340111337
0.061102036734557816
0.06120204006800226
0.06130204340144671
0.061402046734891164
0.06150205006833561
0.06160205340178006
0.061702056735224504
0.06180206006866895
0.0619020634021134
0.06200206673555785
0.0621020700690023
0.062202073402446746
0.06230207673589119
0.06240208006933564
0.06250208340278009
0.06260208673622454
0.06270209006966898
0.06280209340311343
0.06290209673655789
0.06300210007000233
0.06310210340344678
0.06320210673689122
0.06330211007033568
0.06340211340378012
0.06350211673722457
0.06360212007066902
0.06370212340411346
0.06380212673755792
0.06390213007100236
0.06400213340444681
0.06410213673789127
0.0642021400713357
0.06430214340478016
0.0644021467382246
0.06450215007166905
0.06460215340511351
0.06470215673855795
0.0648021600720024
0.06490216340544684
0.0650021667388913
0.06510217007233574
0.06520217340578019
0.06530217673922464
0.06540218007266908
0.06550218340611354
0.06560218673955798
0.06570219007300243
0.06580219340644688
0.06590219673989132
0.06600220007333578
0.06610220340678022
0.06620220674022467
0.06630221007366911
0.06640221340711357
0.06650221674055802
0.06660222007400246
0.06670222340744691
0.06680222674089135
0.06690223007433581
0.06700223340778026
0.0671022367412247
0.06720224007466916
0.0673022434081136
0.06740224674155805
0.0675022500750025
0.06760225340844694
0.0677022567418914
0.06780226007533584
0.06790226340878029
0.06800226674222473
0.06810227007566919
0.06820227340911364
0.06830227674255808
0.06840228007600253
0.06850228340944697
0.06860228674289143
0.06870229007633588
0.06880229340978032
0.06890229674322478
0.06900230007666922
0.06910230341011367
0.06920230674355811
0.06930231007700256
0.06940231341044702
0.06950231674389146
0.06960232007733591
0.06970232341078035
0.0698023267442248
0.06990233007766926
0.0700023334111137
0.07010233674455815
0.07020234007800259
0.07030234341144705
0.07040234674489149
0.07050235007833594
0.0706023534117804
0.07070235674522483
0.07080236007866929
0.07090236341211373
0.07100236674555818
0.07110237007900264
0.07120237341244708
0.07130237674589153
0.07140238007933597
0.07150238341278042
0.07160238674622488
0.07170239007966932
0.07180239341311377
0.07190239674655821
0.07200240008000267
0.0721024034134471
0.07220240674689156
0.07230241008033601
0.07240241341378045
0.07250241674722491
0.07260242008066935
0.0727024234141138
0.07280242674755825
0.0729024300810027
0.07300243341444715
0.07310243674789159
0.07320244008133604
0.07330244341478048
0.07340244674822494
0.07350245008166939
0.07360245341511383
0.07370245674855828
0.07380246008200272
0.07390246341544718
0.07400246674889163
0.07410247008233607
0.07420247341578053
0.07430247674922497
0.07440248008266942
0.07450248341611387
0.07460248674955831
0.07470249008300277
0.07480249341644721
0.07490249674989166
0.0750025000833361
0.07510250341678056
0.07520250675022501
0.07530251008366945
0.0754025134171139
0.07550251675055834
0.0756025200840028
0.07570252341744725
0.07580252675089169
0.07590253008433615
0.07600253341778059
0.07610253675122504
0.07620254008466948
0.07630254341811393
0.07640254675155839
0.07650255008500283
0.07660255341844728
0.07670255675189172
0.07680256008533617
0.07690256341878063
0.07700256675222507
0.07710257008566952
0.07720257341911396
0.07730257675255842
0.07740258008600287
0.07750258341944731
0.07760258675289176
0.0777025900863362
0.07780259341978066
0.0779025967532251
0.07800260008666955
0.078102603420114
0.07820260675355845
0.0783026100870029
0.07840261342044734
0.0785026167538918
0.07860262008733625
0.07870262342078069
0.07880262675422514
0.07890263008766958
0.07900263342111404
0.07910263675455848
0.07920264008800293
0.07930264342144738
0.07940264675489182
0.07950265008833628
0.07960265342178072
0.07970265675522517
0.07980266008866962
0.07990266342211406
0.08000266675555852
0.08010267008900296
0.08020267342244741
0.08030267675589187
0.0804026800893363
0.08050268342278076
0.0806026867562252
0.08070269008966965
0.0808026934231141
0.08090269675655855
0.081002700090003
0.08110270342344744
0.0812027067568919
0.08130271009033634
0.08140271342378079
0.08150271675722524
0.08160272009066968
0.08170272342411414
0.08180272675755858
0.08190273009100303
0.08200273342444747
0.08210273675789193
0.08220274009133638
0.08230274342478082
0.08240274675822527
0.08250275009166971
0.08260275342511417
0.08270275675855862
0.08280276009200306
0.08290276342544751
0.08300276675889195
0.08310277009233641
0.08320277342578086
0.0833027767592253
0.08340278009266976
0.0835027834261142
0.08360278675955865
0.08370279009300309
0.08380279342644754
0.083902796759892
0.08400280009333644
0.08410280342678089
0.08420280676022533
0.08430281009366979
0.08440281342711424
0.08450281676055868
0.08460282009400313
0.08470282342744757
0.08480282676089203
0.08490283009433647
0.08500283342778092
0.08510283676122538
0.08520284009466982
0.08530284342811427
0.08540284676155871
0.08550285009500316
0.08560285342844762
0.08570285676189206
0.08580286009533651
0.08590286342878095
0.0860028667622254
0.08610287009566985
0.0862028734291143
0.08630287676255875
0.08640288009600319
0.08650288342944765
0.08660288676289209
0.08670289009633654
0.086802893429781
0.08690289676322543
0.08700290009666989
0.08710290343011433
0.08720290676355878
0.08730291009700324
0.08740291343044768
0.08750291676389213
0.08760292009733657
0.08770292343078102
0.08780292676422546
0.08790293009766992
0.08800293343111437
0.08810293676455881
0.08820294009800327
0.0883029434314477
0.08840294676489216
0.08850295009833661
0.08860295343178105
0.08870295676522551
0.08880296009866995
0.0889029634321144
0.08900296676555884
0.0891029700990033
0.08920297343244775
0.08930297676589219
0.08940298009933664
0.08950298343278108
0.08960298676622554
0.08970299009966999
0.08980299343311443
0.08990299676655888
0.09000300010000332
0.09010300343344778
0.09020300676689223
0.09030301010033667
0.09040301343378113
0.09050301676722557
0.09060302010067002
0.09070302343411446
0.09080302676755891
0.09090303010100337
0.09100303343444781
0.09110303676789226
0.0912030401013367
0.09130304343478116
0.09140304676822561
0.09150305010167005
0.0916030534351145
0.09170305676855894
0.0918030601020034
0.09190306343544784
0.09200306676889229
0.09210307010233675
0.09220307343578119
0.09230307676922564
0.09240308010267008
0.09250308343611453
0.09260308676955899
0.09270309010300343
0.09280309343644788
0.09290309676989232
0.09300310010333677
0.09310310343678123
0.09320310677022567
0.09330311010367012
0.09340311343711456
0.09350311677055902
0.09360312010400346
0.09370312343744791
0.09380312677089236
0.0939031301043368
0.09400313343778126
0.0941031367712257
0.09420314010467015
0.0943031434381146
0.09440314677155905
0.0945031501050035
0.09460315343844794
0.0947031567718924
0.09480316010533683
0.09490316343878129
0.09500316677222574
0.09510317010567018
0.09520317343911464
0.09530317677255908
0.09540318010600353
0.09550318343944798
0.09560318677289242
0.09570319010633688
0.09580319343978132
0.09590319677322577
0.09600320010667021
0.09610320344011467
0.09620320677355912
0.09630321010700356
0.09640321344044801
0.09650321677389245
0.0966032201073369
0.09670322344078136
0.0968032267742258
0.09690323010767025
0.0970032334411147
0.09710323677455915
0.0972032401080036
0.09730324344144804
0.0974032467748925
0.09750325010833694
0.09760325344178139
0.09770325677522583
0.09780326010867028
0.09790326344211474
0.09800326677555918
0.09810327010900363
0.09820327344244807
0.09830327677589253
0.09840328010933698
0.09850328344278142
0.09860328677622587
0.09870329010967031
0.09880329344311477
0.09890329677655921
0.09900330011000366
0.09910330344344812
0.09920330677689256
0.09930331011033701
0.09940331344378145
0.0995033167772259
0.09960332011067036
0.0997033234441148
0.09980332677755925
0.09990333011100369
0.10000333344444814
0.1001033367778926
0.10020334011133704
0.10030334344478149
0.10040334677822593
0.10050335011167039
0.10060335344511483
0.10070335677855928
0.10080336011200373
0.10090336344544817
0.10100336677889263
0.10110337011233707
0.10120337344578152
0.10130337677922598
0.10140338011267042
0.10150338344611487
0.10160338677955931
0.10170339011300376
0.1018033934464482
0.10190339677989266
0.10200340011333711
0.10210340344678155
0.102203406780226
0.10230341011367045
0.1024034134471149
0.10250341678055935
0.1026034201140038
0.10270342344744825
0.10280342678089269
0.10290343011433714
0.1030034334477816
0.10310343678122603
0.10320344011467049
0.10330344344811493
0.10340344678155938
0.10350345011500382
0.10360345344844828
0.10370345678189273
0.10380346011533717
0.10390346344878162
0.10400346678222606
0.10410347011567052
0.10420347344911497
0.10430347678255941
0.10440348011600387
0.1045034834494483
0.10460348678289276
0.1047034901163372
0.10480349344978165
0.10490349678322611
0.10500350011667055
0.105103503450115
0.10520350678355944
0.1053035101170039
0.10540351345044835
0.10550351678389279
0.10560352011733724
0.10570352345078168
0.10580352678422614
0.10590353011767059
0.10600353345111503
0.10610353678455949
0.10620354011800393
0.10630354345144838
0.10640354678489282
0.10650355011833727
0.10660355345178173
0.10670355678522617
0.10680356011867062
0.10690356345211506
0.10700356678555951
0.10710357011900397
0.10720357345244841
0.10730357678589286
0.1074035801193373
0.10750358345278176
0.1076035867862262
0.10770359011967065
0.1078035934531151
0.10790359678655954
0.108003600120004
0.10810360345344844
0.10820360678689289
0.10830361012033735
0.10840361345378179
0.10850361678722624
0.10860362012067068
0.10870362345411513
0.10880362678755959
0.10890363012100403
0.10900363345444848
0.10910363678789292
0.10920364012133738
0.10930364345478182
0.10940364678822627
0.10950365012167072
0.10960365345511516
0.10970365678855962
0.10980366012200406
0.10990366345544851
0.11000366678889296
0.1101036701223374
0.11020367345578186
0.1103036767892263
0.11040368012267075
0.11050368345611519
0.11060368678955965
0.1107036901230041
0.11080369345644854
0.110903696789893
0.11100370012333743
0.11110370345678189
0.11120370679022634
0.11130371012367078
0.11140371345711524
0.11150371679055968
0.11160372012400413
0.11170372345744857
0.11180372679089302
0.11190373012433748
0.11200373345778192
0.11210373679122637
0.11220374012467081
0.11230374345811527
0.11240374679155972
0.11250375012500416
0.11260375345844861
0.11270375679189305
0.11280376012533751
0.11290376345878196
0.1130037667922264
0.11310377012567085
0.1132037734591153
0.11330377679255975
0.11340378012600419
0.11350378345944864
0.1136037867928931
0.11370379012633754
0.11380379345978199
0.11390379679322643
0.11400380012667088
0.11410380346011534
0.11420380679355978
0.11430381012700423
0.11440381346044867
0.11450381679389313
0.11460382012733757
0.11470382346078202
0.11480382679422647
0.11490383012767091
0.11500383346111537
0.11510383679455981
0.11520384012800426
0.11530384346144872
0.11540384679489316
0.11550385012833761
0.11560385346178205
0.1157038567952265
0.11580386012867096
0.1159038634621154
0.11600386679555985
0.11610387012900429
0.11620387346244875
0.11630387679589319
0.11640388012933764
0.11650388346278209
0.11660388679622653
0.11670389012967099
0.11680389346311543
0.11690389679655988
0.11700390013000433
0.11710390346344877
0.11720390679689323
0.11730391013033767
0.11740391346378212
0.11750391679722656
0.11760392013067102
0.11770392346411547
0.11780392679755991
0.11790393013100436
0.1180039334644488
0.11810393679789326
0.11820394013133771
0.11830394346478215
0.1184039467982266
0.11850395013167105
0.1186039534651155
0.11870395679855995
0.1188039601320044
0.11890396346544885
0.11900396679889329
0.11910397013233774
0.11920397346578218
0.11930397679922664
0.11940398013267109
0.11950398346611553
0.11960398679955998
0.11970399013300442
0.11980399346644888
0.11990399679989333
0.12000400013333777
0.12010400346678222
0.12020400680022666
0.12030401013367112
0.12040401346711556
0.12050401680056001
0.12060402013400447
0.1207040234674489
0.12080402680089336
0.1209040301343378
0.12100403346778225
0.12110403680122671
0.12120404013467115
0.1213040434681156
0.12140404680156004
0.1215040501350045
0.12160405346844894
0.12170405680189339
0.12180406013533784
0.12190406346878228
0.12200406680222674
0.12210407013567118
0.12220407346911563
0.12230407680256009
0.12240408013600453
0.12250408346944898
0.12260408680289342
0.12270409013633787
0.12280409346978233
0.12290409680322677
0.12300410013667122
0.12310410347011566
0.12320410680356012
0.12330411013700456
0.12340411347044901
0.12350411680389346
0.1236041201373379
0.12370412347078236
0.1238041268042268
0.12390413013767125
0.1240041334711157
0.12410413680456014
0.1242041401380046
0.12430414347144904
0.12440414680489349
0.12450415013833793
0.12460415347178239
0.12470415680522684
0.12480416013867128
0.12490416347211573
0.12500416680556017
0.12510417013900463
0.12520417347244908
0.12530417680589354
0.12540418013933796
0.12550418347278242
0.12560418680622687
0.12570419013967132
0.12580419347311578
0.1259041968065602
0.12600420014000466
0.1261042034734491
0.12620420680689357
0.12630421014033802
0.12640421347378245
0.1265042168072269
0.12660422014067135
0.1267042234741158
0.12680422680756023
0.1269042301410047
0.12700423347444914
0.1271042368078936
0.12720424014133805
0.12730424347478247
0.12740424680822693
0.12750425014167138
0.12760425347511584
0.1277042568085603
0.12780426014200472
0.12790426347544917
0.12800426680889362
0.12810427014233808
0.12820427347578253
0.12830427680922696
0.1284042801426714
0.12850428347611587
0.12860428680956032
0.12870429014300477
0.1288042934764492
0.12890429680989365
0.1290043001433381
0.12910430347678256
0.12920430681022702
0.12930431014367144
0.1294043134771159
0.12950431681056035
0.1296043201440048
0.12970432347744923
0.12980432681089368
0.12990433014433814
0.1300043334777826
0.13010433681122704
0.13020434014467147
0.13030434347811592
0.13040434681156038
0.13050435014500483
0.1306043534784493
0.1307043568118937
0.13080436014533817
0.13090436347878262
0.13100436681222707
0.13110437014567153
0.13120437347911595
0.1313043768125604
0.13140438014600486
0.13150438347944932
0.13160438681289377
0.1317043901463382
0.13180439347978265
0.1319043968132271
0.13200440014667156
0.132104403480116
0.13220440681356044
0.1323044101470049
0.13240441348044935
0.1325044168138938
0.13260442014733823
0.13270442348078268
0.13280442681422713
0.1329044301476716
0.13300443348111604
0.13310443681456047
0.13320444014800492
0.13330444348144938
0.13340444681489383
0.13350445014833828
0.1336044534817827
0.13370445681522716
0.13380446014867162
0.13390446348211607
0.13400446681556052
0.13410447014900495
0.1342044734824494
0.13430447681589386
0.1344044801493383
0.13450448348278277
0.1346044868162272
0.13470449014967165
0.1348044934831161
0.13490449681656055
0.135004500150005
0.13510450348344943
0.1352045068168939
0.13530451015033834
0.1354045134837828
0.13550451681722722
0.13560452015067168
0.13570452348411613
0.13580452681756058
0.13590453015100504
0.13600453348444946
0.13610453681789392
0.13620454015133837
0.13630454348478283
0.13640454681822728
0.1365045501516717
0.13660455348511616
0.1367045568185606
0.13680456015200507
0.13690456348544952
0.13700456681889395
0.1371045701523384
0.13720457348578285
0.1373045768192273
0.13740458015267176
0.1375045834861162
0.13760458681956064
0.1377045901530051
0.13780459348644955
0.137904596819894
0.13800460015333843
0.13810460348678288
0.13820460682022734
0.1383046101536718
0.13840461348711622
0.13850461682056067
0.13860462015400513
0.13870462348744958
0.13880462682089403
0.13890463015433846
0.1390046334877829
0.13910463682122737
0.13920464015467182
0.13930464348811628
0.1394046468215607
0.13950465015500516
0.1396046534884496
0.13970465682189406
0.13980466015533852
0.13990466348878294
0.1400046668222274
0.14010467015567185
0.1402046734891163
0.14030467682256076
0.14040468015600518
0.14050468348944964
0.1406046868228941
0.14070469015633855
0.14080469348978297
0.14090469682322743
0.14100470015667188
0.14110470349011633
0.1412047068235608
0.14130471015700521
0.14140471349044967
0.14150471682389412
0.14160472015733858
0.14170472349078303
0.14180472682422746
0.1419047301576719
0.14200473349111636
0.14210473682456082
0.14220474015800527
0.1423047434914497
0.14240474682489415
0.1425047501583386
0.14260475349178306
0.1427047568252275
0.14280476015867194
0.1429047634921164
0.14300476682556085
0.1431047701590053
0.14320477349244976
0.14330477682589418
0.14340478015933864
0.1435047834927831
0.14360478682622754
0.14370479015967197
0.14380479349311642
0.14390479682656088
0.14400480016000533
0.14410480349344978
0.1442048068268942
0.14430481016033866
0.14440481349378312
0.14450481682722757
0.14460482016067203
0.14470482349411645
0.1448048268275609
0.14490483016100536
0.14500483349444981
0.14510483682789427
0.1452048401613387
0.14530484349478315
0.1454048468282276
0.14550485016167206
0.1456048534951165
0.14570485682856094
0.1458048601620054
0.14590486349544984
0.1460048668288943
0.14610487016233875
0.14620487349578318
0.14630487682922763
0.14640488016267209
0.14650488349611654
0.14660488682956097
0.14670489016300542
0.14680489349644987
0.14690489682989433
0.14700490016333878
0.1471049034967832
0.14720490683022766
0.14730491016367211
0.14740491349711657
0.14750491683056102
0.14760492016400545
0.1477049234974499
0.14780492683089436
0.1479049301643388
0.14800493349778326
0.1481049368312277
0.14820494016467214
0.1483049434981166
0.14840494683156105
0.1485049501650055
0.14860495349844993
0.14870495683189439
0.14880496016533884
0.1489049634987833
0.14900496683222775
0.14910497016567217
0.14920497349911663
0.14930497683256108
0.14940498016600554
0.14950498349944996
0.14960498683289442
0.14970499016633887
0.14980499349978332
0.14990499683322778
0.1500050001666722
0.15010500350011666
0.1502050068335611
0.15030501016700556
0.15040501350045002
0.15050501683389444
0.1506050201673389
0.15070502350078335
0.1508050268342278
0.15090503016767226
0.1510050335011167
0.15110503683456114
0.1512050401680056
0.15130504350145005
0.1514050468348945
0.15150505016833893
0.15160505350178338
0.15170505683522784
0.1518050601686723
0.15190506350211674
0.15200506683556117
0.15210507016900562
0.15220507350245008
0.15230507683589453
0.15240508016933896
0.1525050835027834
0.15260508683622787
0.15270509016967232
0.15280509350311677
0.1529050968365612
0.15300510017000565
0.1531051035034501
0.15320510683689456
0.15330511017033902
0.15340511350378344
0.1535051168372279
0.15360512017067235
0.1537051235041168
0.15380512683756126
0.15390513017100568
0.15400513350445014
0.1541051368378946
0.15420514017133904
0.1543051435047835
0.15440514683822792
0.15450515017167238
0.15460515350511683
0.1547051568385613
0.15480516017200574
0.15490516350545017
0.15500516683889462
0.15510517017233907
0.15520517350578353
0.15530517683922795
0.1554051801726724
0.15550518350611686
0.15560518683956132
0.15570519017300577
0.1558051935064502
0.15590519683989465
0.1560052001733391
0.15610520350678356
0.156205206840228
0.15630521017367244
0.1564052135071169
0.15650521684056135
0.1566052201740058
0.15670522350745025
0.15680522684089468
0.15690523017433913
0.1570052335077836
0.15710523684122804
0.1572052401746725
0.15730524350811692
0.15740524684156137
0.15750525017500583
0.15760525350845028
0.15770525684189474
0.15780526017533916
0.15790526350878362
0.15800526684222807
0.15810527017567252
0.15820527350911695
0.1583052768425614
0.15840528017600586
0.1585052835094503
0.15860528684289477
0.1587052901763392
0.15880529350978365
0.1589052968432281
0.15900530017667255
0.159105303510117
0.15920530684356143
0.1593053101770059
0.15940531351045034
0.1595053168438948
0.15960532017733925
0.15970532351078368
0.15980532684422813
0.15990533017767258
0.16000533351111704
0.1601053368445615
0.16020534017800592
0.16030534351145037
0.16040534684489482
0.16050535017833928
0.16060535351178373
0.16070535684522816
0.1608053601786726
0.16090536351211707
0.16100536684556152
0.16110537017900595
0.1612053735124504
0.16130537684589485
0.1614053801793393
0.16150538351278376
0.1616053868462282
0.16170539017967264
0.1618053935131171
0.16190539684656155
0.162005400180006
0.16210540351345043
0.16220540684689488
0.16230541018033934
0.1624054135137838
0.16250541684722825
0.16260542018067267
0.16270542351411713
0.16280542684756158
0.16290543018100603
0.1630054335144505
0.1631054368478949
0.16320544018133937
0.16330544351478382
0.16340544684822828
0.16350545018167273
0.16360545351511716
0.1637054568485616
0.16380546018200606
0.16390546351545052
0.16400546684889494
0.1641054701823394
0.16420547351578385
0.1643054768492283
0.16440548018267276
0.16450548351611718
0.16460548684956164
0.1647054901830061
0.16480549351645055
0.164905496849895
0.16500550018333943
0.16510550351678388
0.16520550685022833
0.1653055101836728
0.16540551351711724
0.16550551685056167
0.16560552018400612
0.16570552351745058
0.16580552685089503
0.16590553018433948
0.1660055335177839
0.16610553685122836
0.16620554018467282
0.16630554351811727
0.16640554685156173
0.16650555018500615
0.1666055535184506
0.16670555685189506
0.1668055601853395
0.16690556351878394
0.1670055668522284
0.16710557018567285
0.1672055735191173
0.16730557685256175
0.16740558018600618
0.16750558351945063
0.1676055868528951
0.16770559018633954
0.167805593519784
0.16790559685322842
0.16800560018667288
0.16810560352011733
0.16820560685356178
0.16830561018700624
0.16840561352045066
0.16850561685389512
0.16860562018733957
0.16870562352078403
0.16880562685422848
0.1689056301876729
0.16900563352111736
0.1691056368545618
0.16920564018800627
0.1693056435214507
0.16940564685489515
0.1695056501883396
0.16960565352178406
0.1697056568552285
0.16980566018867294
0.1699056635221174
0.17000566685556184
0.1701056701890063
0.17020567352245075
0.17030567685589518
0.17040568018933963
0.17050568352278409
0.17060568685622854
0.170705690189673
0.17080569352311742
0.17090569685656187
0.17100570019000633
0.17110570352345078
0.17120570685689523
0.17130571019033966
0.17140571352378411
0.17150571685722857
0.17160572019067302
0.17170572352411748
0.1718057268575619
0.17190573019100636
0.1720057335244508
0.17210573685789526
0.1722057401913397
0.17230574352478414
0.1724057468582286
0.17250575019167305
0.1726057535251175
0.17270575685856193
0.17280576019200639
0.17290576352545084
0.1730057668588953
0.17310577019233975
0.17320577352578417
0.17330577685922863
0.17340578019267308
0.17350578352611754
0.173605786859562
0.17370579019300642
0.17380579352645087
0.17390579685989532
0.17400580019333978
0.17410580352678423
0.17420580686022866
0.1743058101936731
0.17440581352711756
0.17450581686056202
0.17460582019400647
0.1747058235274509
0.17480582686089535
0.1749058301943398
0.17500583352778426
0.1751058368612287
0.17520584019467314
0.1753058435281176
0.17540584686156205
0.1755058501950065
0.17560585352845093
0.17570585686189538
0.17580586019533984
0.1759058635287843
0.17600586686222874
0.17610587019567317
0.17620587352911762
0.17630587686256208
0.17640588019600653
0.17650588352945099
0.1766058868628954
0.17670589019633987
0.17680589352978432
0.17690589686322877
0.17700590019667323
0.17710590353011765
0.1772059068635621
0.17730591019700656
0.17740591353045101
0.17750591686389547
0.1776059201973399
0.17770592353078435
0.1778059268642288
0.17790593019767326
0.17800593353111768
0.17810593686456214
0.1782059401980066
0.17830594353145104
0.1784059468648955
0.17850595019833992
0.17860595353178438
0.17870595686522883
0.17880596019867329
0.17890596353211774
0.17900596686556217
0.17910597019900662
0.17920597353245107
0.17930597686589553
0.17940598019933998
0.1795059835327844
0.17960598686622886
0.17970599019967332
0.17980599353311777
0.17990599686656222
0.18000600020000665
0.1801060035334511
0.18020600686689556
0.18030601020034
0.18040601353378447
0.1805060168672289
0.18060602020067335
0.1807060235341178
0.18080602686756225
0.18090603020100668
0.18100603353445113
0.1811060368678956
0.18120604020134004
0.1813060435347845
0.18140604686822892
0.18150605020167337
0.18160605353511783
0.18170605686856228
0.18180606020200674
0.18190606353545116
0.18200606686889562
0.18210607020234007
0.18220607353578452
0.18230607686922898
0.1824060802026734
0.18250608353611786
0.1826060868695623
0.18270609020300677
0.18280609353645122
0.18290609686989565
0.1830061002033401
0.18310610353678455
0.183206106870229
0.18330611020367346
0.1834061135371179
0.18350611687056234
0.1836061202040068
0.18370612353745125
0.18380612687089568
0.18390613020434013
0.18400613353778458
0.18410613687122904
0.1842061402046735
0.18430614353811792
0.18440614687156237
0.18450615020500682
0.18460615353845128
0.18470615687189573
0.18480616020534016
0.1849061635387846
0.18500616687222907
0.18510617020567352
0.18520617353911797
0.1853061768725624
0.18540618020600685
0.1855061835394513
0.18560618687289576
0.18570619020634022
0.18580619353978464
0.1859061968732291
0.18600620020667355
0.186106203540118
0.18620620687356246
0.18630621020700688
0.18640621354045134
0.1865062168738958
0.18660622020734025
0.18670622354078467
0.18680622687422913
0.18690623020767358
0.18700623354111803
0.1871062368745625
0.1872062402080069
0.18730624354145137
0.18740624687489582
0.18750625020834027
0.18760625354178473
0.18770625687522915
0.1878062602086736
0.18790626354211806
0.18800626687556252
0.18810627020900697
0.1882062735424514
0.18830627687589585
0.1884062802093403
0.18850628354278476
0.1886062868762292
0.18870629020967364
0.1888062935431181
0.18890629687656255
0.189006300210007
0.18910630354345145
0.18920630687689588
0.18930631021034033
0.1894063135437848
0.18950631687722924
0.18960632021067367
0.18970632354411812
0.18980632687756258
0.18990633021100703
0.19000633354445148
0.1901063368778959
0.19020634021134036
0.19030634354478482
0.19040634687822927
0.19050635021167373
0.19060635354511815
0.1907063568785626
0.19080636021200706
0.1909063635454515
0.19100636687889597
0.1911063702123404
0.19120637354578485
0.1913063768792293
0.19140638021267375
0.1915063835461182
0.19160638687956263
0.1917063902130071
0.19180639354645154
0.191906396879896
0.19200640021334042
0.19210640354678488
0.19220640688022933
0.19230641021367378
0.19240641354711824
0.19250641688056266
0.19260642021400712
0.19270642354745157
0.19280642688089603
0.19290643021434048
0.1930064335477849
0.19310643688122936
0.1932064402146738
0.19330644354811827
0.19340644688156272
0.19350645021500715
0.1936064535484516
0.19370645688189606
0.1938064602153405
0.19390646354878496
0.1940064668822294
0.19410647021567384
0.1942064735491183
0.19430647688256275
0.1944064802160072
0.19450648354945163
0.19460648688289608
0.19470649021634054
0.194806493549785
0.19490649688322942
0.19500650021667387
0.19510650355011833
0.19520650688356278
0.19530651021700723
0.19540651355045166
0.19550651688389611
0.19560652021734057
0.19570652355078502
0.19580652688422948
0.1959065302176739
0.19600653355111836
0.1961065368845628
0.19620654021800726
0.19630654355145172
0.19640654688489614
0.1965065502183406
0.19660655355178505
0.1967065568852295
0.19680656021867396
0.19690656355211839
0.19700656688556284
0.1971065702190073
0.19720657355245175
0.1973065768858962
0.19740658021934063
0.19750658355278508
0.19760658688622953
0.197706590219674
0.19780659355311841
0.19790659688656287
0.19800660022000732
0.19810660355345178
0.19820660688689623
0.19830661022034066
0.1984066135537851
0.19850661688722956
0.19860662022067402
0.19870662355411847
0.1988066268875629
0.19890663022100735
0.1990066335544518
0.19910663688789626
0.19920664022134071
0.19930664355478514
0.1994066468882296
0.19950665022167405
0.1996066535551185
0.19970665688856296
0.19980666022200738
0.19990666355545184
0.2000066668888963
0.20010667022234074
0.2002066735557852
0.20030667688922962
0.20040668022267408
0.20050668355611853
0.20060668688956299
0.2007066902230074
0.20080669355645187
0.20090669688989632
0.20100670022334077
0.20110670355678523
0.20120670689022965
0.2013067102236741
0.20140671355711856
0.20150671689056301
0.20160672022400747
0.2017067235574519
0.20180672689089635
0.2019067302243408
0.20200673355778526
0.2021067368912297
0.20220674022467414
0.2023067435581186
0.20240674689156304
0.2025067502250075
0.20260675355845195
0.20270675689189638
0.20280676022534083
0.20290676355878529
0.20300676689222974
0.2031067702256742
0.20320677355911862
0.20330677689256307
0.20340678022600753
0.20350678355945198
0.2036067868928964
0.20370679022634086
0.20380679355978532
0.20390679689322977
0.20400680022667422
0.20410680356011865
0.2042068068935631
0.20430681022700756
0.204406813560452
0.20450681689389646
0.2046068202273409
0.20470682356078534
0.2048068268942298
0.20490683022767425
0.2050068335611187
0.20510683689456313
0.2052068402280076
0.20530684356145204
0.2054068468948965
0.20550685022834095
0.20560685356178537
0.20570685689522983
0.20580686022867428
0.20590686356211874
0.2060068668955632
0.20610687022900762
0.20620687356245207
0.20630687689589652
0.20640688022934098
0.2065068835627854
0.20660688689622986
0.2067068902296743
0.20680689356311877
0.20690689689656322
0.20700690023000765
0.2071069035634521
0.20720690689689655
0.207306910230341
0.20740691356378546
0.2075069168972299
0.20760692023067434
0.2077069235641188
0.20780692689756325
0.2079069302310077
0.20800693356445213
0.20810693689789658
0.20820694023134104
0.2083069435647855
0.20840694689822994
0.20850695023167437
0.20860695356511882
0.20870695689856328
0.20880696023200773
0.2089069635654522
0.2090069668988966
0.20910697023234107
0.20920697356578552
0.20930697689922997
0.2094069802326744
0.20950698356611885
0.2096069868995633
0.20970699023300776
0.20980699356645222
0.20990699689989664
0.2100070002333411
0.21010700356678555
0.21020700690023
0.21030701023367446
0.21040701356711888
0.21050701690056334
0.2106070202340078
0.21070702356745225
0.2108070269008967
0.21090703023434113
0.21100703356778558
0.21110703690123003
0.2112070402346745
0.21130704356811894
0.21140704690156337
0.21150705023500782
0.21160705356845227
0.21170705690189673
0.21180706023534118
0.2119070635687856
0.21200706690223006
0.21210707023567452
0.21220707356911897
0.2123070769025634
0.21240708023600785
0.2125070835694523
0.21260708690289676
0.2127070902363412
0.21280709356978564
0.2129070969032301
0.21300710023667455
0.213107103570119
0.21320710690356345
0.21330711023700788
0.21340711357045233
0.2135071169038968
0.21360712023734124
0.2137071235707857
0.21380712690423012
0.21390713023767458
0.21400713357111903
0.21410713690456348
0.21420714023800794
0.21430714357145236
0.21440714690489682
0.21450715023834127
0.21460715357178572
0.21470715690523018
0.2148071602386746
0.21490716357211906
0.2150071669055635
0.21510717023900797
0.2152071735724524
0.21530717690589685
0.2154071802393413
0.21550718357278575
0.2156071869062302
0.21570719023967463
0.2158071935731191
0.21590719690656354
0.216007200240008
0.21610720357345245
0.21620720690689688
0.21630721024034133
0.21640721357378578
0.21650721690723024
0.2166072202406747
0.21670722357411912
0.21680722690756357
0.21690723024100803
0.21700723357445248
0.21710723690789693
0.21720724024134136
0.2173072435747858
0.21740724690823027
0.21750725024167472
0.21760725357511917
0.2177072569085636
0.21780726024200806
0.2179072635754525
0.21800726690889696
0.2181072702423414
0.21820727357578584
0.2183072769092303
0.21840728024267475
0.2185072835761192
0.21860728690956363
0.21870729024300808
0.21880729357645254
0.218907296909897
0.21900730024334145
0.21910730357678587
0.21920730691023033
0.21930731024367478
0.21940731357711923
0.2195073169105637
0.21960732024400811
0.21970732357745257
0.21980732691089702
0.21990733024434148
0.22000733357778593
0.22010733691123036
0.2202073402446748
0.22030734357811926
0.22040734691156372
0.22050735024500814
0.2206073535784526
0.22070735691189705
0.2208073602453415
0.22090736357878596
0.22100736691223039
0.22110737024567484
0.2212073735791193
0.22130737691256375
0.2214073802460082
0.22150738357945263
0.22160738691289708
0.22170739024634153
0.221807393579786
0.22190739691323044
0.22200740024667487
0.22210740358011932
0.22220740691356378
0.22230741024700823
0.22240741358045268
0.2225074169138971
0.22260742024734156
0.22270742358078602
0.22280742691423047
0.22290743024767493
0.22300743358111935
0.2231074369145638
0.22320744024800826
0.2233074435814527
0.22340744691489714
0.2235074502483416
0.22360745358178605
0.2237074569152305
0.22380746024867496
0.22390746358211938
0.22400746691556384
0.2241074702490083
0.22420747358245274
0.2243074769158972
0.22440748024934162
0.22450748358278608
0.22460748691623053
0.22470749024967498
0.22480749358311944
0.22490749691656386
0.22500750025000832
0.22510750358345277
0.22520750691689723
0.22530751025034168
0.2254075135837861
0.22550751691723056
0.22560752025067501
0.22570752358411947
0.22580752691756392
0.22590753025100835
0.2260075335844528
0.22610753691789726
0.2262075402513417
0.22630754358478614
0.2264075469182306
0.22650755025167504
0.2266075535851195
0.22670755691856395
0.22680756025200838
0.22690756358545283
0.22700756691889729
0.22710757025234174
0.2272075735857862
0.22730757691923062
0.22740758025267507
0.22750758358611953
0.22760758691956398
0.22770759025300844
0.22780759358645286
0.22790759691989732
0.22800760025334177
0.22810760358678622
0.22820760692023068
0.2283076102536751
0.22840761358711956
0.228507616920564
0.22860762025400846
0.22870762358745292
0.22880762692089734
0.2289076302543418
0.22900763358778625
0.2291076369212307
0.22920764025467513
0.2293076435881196
0.22940764692156404
0.2295076502550085
0.22960765358845295
0.22970765692189737
0.22980766025534183
0.22990766358878628
0.23000766692223074
0.2301076702556752
0.23020767358911962
0.23030767692256407
0.23040768025600852
0.23050768358945298
0.23060768692289743
0.23070769025634186
0.2308076935897863
0.23090769692323077
0.23100770025667522
0.23110770359011967
0.2312077069235641
0.23130771025700855
0.231407713590453
0.23150771692389746
0.23160772025734191
0.23170772359078634
0.2318077269242308
0.23190773025767525
0.2320077335911197
0.23210773692456413
0.23220774025800858
0.23230774359145304
0.2324077469248975
0.23250775025834194
0.23260775359178637
0.23270775692523082
0.23280776025867528
0.23290776359211973
0.23300776692556419
0.2331077702590086
0.23320777359245307
0.23330777692589752
0.23340778025934197
0.23350778359278643
0.23360778692623085
0.2337077902596753
0.23380779359311976
0.23390779692656422
0.23400780026000867
0.2341078035934531
0.23420780692689755
0.234307810260342
0.23440781359378646
0.2345078169272309
0.23460782026067534
0.2347078235941198
0.23480782692756424
0.2349078302610087
0.23500783359445312
0.23510783692789758
0.23520784026134203
0.2353078435947865
0.23540784692823094
0.23550785026167537
0.23560785359511982
0.23570785692856427
0.23580786026200873
0.23590786359545318
0.2360078669288976
0.23610787026234206
0.23620787359578652
0.23630787692923097
0.23640788026267542
0.23650788359611985
0.2366078869295643
0.23670789026300876
0.2368078935964532
0.23690789692989767
0.2370079002633421
0.23710790359678655
0.237207906930231
0.23730791026367545
0.2374079135971199
0.23750791693056433
0.2376079202640088
0.23770792359745324
0.2378079269308977
0.23790793026434212
0.23800793359778658
0.23810793693123103
0.23820794026467548
0.23830794359811994
0.23840794693156436
0.23850795026500882
0.23860795359845327
0.23870795693189772
0.23880796026534218
0.2389079635987866
0.23900796693223106
0.2391079702656755
0.23920797359911997
0.23930797693256442
0.23940798026600885
0.2395079835994533
0.23960798693289775
0.2397079902663422
0.23980799359978666
0.2399079969332311
0.24000800026667554
0.24010800360012
0.24020800693356445
0.2403080102670089
0.24040801360045333
0.24050801693389778
0.24060802026734224
0.2407080236007867
0.24080802693423112
0.24090803026767557
0.24100803360112003
0.24110803693456448
0.24120804026800893
0.24130804360145336
0.2414080469348978
0.24150805026834227
0.24160805360178672
0.24170805693523117
0.2418080602686756
0.24190806360212005
0.2420080669355645
0.24210807026900896
0.24220807360245342
0.24230807693589784
0.2424080802693423
0.24250808360278675
0.2426080869362312
0.24270809026967566
0.24280809360312008
0.24290809693656454
0.243008100270009
0.24310810360345345
0.24320810693689787
0.24330811027034233
0.24340811360378678
0.24350811693723123
0.2436081202706757
0.2437081236041201
0.24380812693756457
0.24390813027100902
0.24400813360445348
0.24410813693789793
0.24420814027134236
0.2443081436047868
0.24440814693823126
0.24450815027167572
0.24460815360512017
0.2447081569385646
0.24480816027200905
0.2449081636054535
0.24500816693889796
0.2451081702723424
0.24520817360578684
0.2453081769392313
0.24540818027267575
0.2455081836061202
0.24560818693956465
0.24570819027300908
0.24580819360645353
0.245908196939898
0.24600820027334244
0.24610820360678687
0.24620820694023132
0.24630821027367578
0.24640821360712023
0.24650821694056468
0.2466082202740091
0.24670822360745356
0.24680822694089802
0.24690823027434247
0.24700823360778693
0.24710823694123135
0.2472082402746758
0.24730824360812026
0.2474082469415647
0.24750825027500917
0.2476082536084536
0.24770825694189805
0.2478082602753425
0.24790826360878696
0.2480082669422314
0.24810827027567584
0.2482082736091203
0.24830827694256474
0.2484082802760092
0.24850828360945365
0.24860828694289808
0.24870829027634253
0.24880829360978698
0.24890829694323144
0.24900830027667586
0.24910830361012032
0.24920830694356477
0.24930831027700923
0.24940831361045368
0.2495083169438981
0.24960832027734256
0.24970832361078701
0.24980832694423147
0.24990833027767592
0.25000833361112035
0.2501083369445648
0.25020834027800926
0.2503083436114537
0.25040834694489816
0.2505083502783426
0.25060835361178707
0.25070835694523147
0.2508083602786759
0.2509083636121204
0.25100836694556483
0.2511083702790093
0.25120837361245374
0.2513083769458982
0.25140838027934265
0.2515083836127871
0.25160838694623155
0.25170839027967595
0.2518083936131204
0.25190839694656486
0.2520084002800093
0.25210840361345377
0.2522084069468982
0.2523084102803427
0.25240841361378713
0.2525084169472316
0.25260842028067604
0.25270842361412044
0.2528084269475649
0.25290843028100934
0.2530084336144538
0.25310843694789825
0.2532084402813427
0.25330844361478716
0.2534084469482316
0.25350845028167607
0.25360845361512047
0.2537084569485649
0.2538084602820094
0.2539084636154538
0.2540084669488983
0.25410847028234274
0.2542084736157872
0.25430847694923164
0.2544084802826761
0.25450848361612055
0.25460848694956495
0.2547084902830094
0.25480849361645386
0.2549084969498983
0.25500850028334276
0.2551085036167872
0.2552085069502317
0.2553085102836761
0.2554085136171206
0.25550851695056503
0.25560852028400943
0.2557085236174539
0.25580852695089834
0.2559085302843428
0.25600853361778725
0.2561085369512317
0.25620854028467616
0.2563085436181206
0.25640854695156506
0.25650855028500946
0.2566085536184539
0.25670855695189837
0.2568085602853428
0.2569085636187873
0.25700856695223173
0.2571085702856762
0.25720857361912064
0.2573085769525651
0.25740858028600955
0.25750858361945395
0.2576085869528984
0.25770859028634285
0.2578085936197873
0.25790859695323176
0.2580086002866762
0.25810860362012067
0.2582086069535651
0.2583086102870096
0.25840861362045403
0.25850861695389843
0.2586086202873429
0.25870862362078734
0.2588086269542318
0.25890863028767624
0.2590086336211207
0.25910863695456515
0.2592086402880096
0.25930864362145406
0.25940864695489846
0.2595086502883429
0.25960865362178737
0.2597086569552318
0.2598086602886763
0.25990866362212073
0.2600086669555652
0.26010867028900964
0.2602086736224541
0.26030867695589854
0.26040868028934294
0.2605086836227874
0.26060868695623185
0.2607086902896763
0.26080869362312076
0.2609086969565652
0.26100870029000967
0.2611087036234541
0.2612087069568986
0.261308710290343
0.2614087136237874
0.2615087169572319
0.26160872029067633
0.2617087236241208
0.26180872695756524
0.2619087302910097
0.26200873362445415
0.2621087369578986
0.26220874029134306
0.26230874362478745
0.2624087469582319
0.26250875029167636
0.2626087536251208
0.26270875695856527
0.2628087602920097
0.2629087636254542
0.26300876695889863
0.2631087702923431
0.26320877362578754
0.26330877695923194
0.2634087802926764
0.26350878362612085
0.2636087869595653
0.26370879029300975
0.2638087936264542
0.26390879695989866
0.2640088002933431
0.26410880362678757
0.264208806960232
0.2643088102936764
0.2644088136271209
0.26450881696056533
0.2646088202940098
0.26470882362745424
0.2648088269608987
0.26490883029434314
0.2650088336277876
0.26510883696123205
0.26520884029467645
0.2653088436281209
0.26540884696156536
0.2655088502950098
0.26560885362845427
0.2657088569618987
0.2658088602953432
0.26590886362878763
0.2660088669622321
0.26610887029567654
0.26620887362912093
0.2663088769625654
0.26640888029600984
0.2665088836294543
0.26660888696289875
0.2667088902963432
0.26680889362978766
0.2669088969632321
0.26700890029667657
0.267108903630121
0.2672089069635654
0.26730891029700987
0.2674089136304543
0.2675089169638988
0.26760892029734323
0.2677089236307877
0.26780892696423214
0.2679089302976766
0.26800893363112105
0.26810893696456545
0.2682089402980099
0.26830894363145436
0.2684089469648988
0.26850895029834326
0.2686089536317877
0.26870895696523217
0.2688089602986766
0.2689089636321211
0.26900896696556553
0.26910897029900993
0.2692089736324544
0.26930897696589884
0.2694089802993433
0.26950898363278775
0.2696089869662322
0.26970899029967665
0.2698089936331211
0.26990899696656556
0.27000900030001
0.2701090036334544
0.27020900696689887
0.2703090103003433
0.2704090136337878
0.27050901696723223
0.2706090203006767
0.27070902363412114
0.2708090269675656
0.27090903030101005
0.27100903363445444
0.2711090369678989
0.27120904030134335
0.2713090436347878
0.27140904696823226
0.2715090503016767
0.27160905363512117
0.2717090569685656
0.2718090603020101
0.27190906363545453
0.2720090669688989
0.2721090703023434
0.27220907363578783
0.2723090769692323
0.27240908030267674
0.2725090836361212
0.27260908696956565
0.2727090903030101
0.27280909363645456
0.272909096969899
0.2730091003033434
0.27310910363678786
0.2732091069702323
0.27330911030367677
0.2734091136371212
0.2735091169705657
0.27360912030401013
0.2737091236374546
0.27380912697089904
0.27390913030434344
0.2740091336377879
0.27410913697123235
0.2742091403046768
0.27430914363812126
0.2744091469715657
0.27450915030501016
0.2746091536384546
0.27470915697189907
0.2748091603053435
0.2749091636387879
0.2750091669722324
0.27510917030567683
0.2752091736391213
0.27530917697256574
0.2754091803060102
0.27550918363945465
0.2756091869728991
0.27570919030634355
0.275809193639788
0.2759091969732324
0.27600920030667686
0.2761092036401213
0.27620920697356577
0.2763092103070102
0.2764092136404547
0.27650921697389913
0.2766092203073436
0.27670922364078804
0.27680922697423244
0.2769092303076769
0.27700923364112134
0.2771092369745658
0.27720924030801025
0.2773092436414547
0.27740924697489916
0.2775092503083436
0.27760925364178807
0.2777092569752325
0.2778092603086769
0.2779092636421214
0.2780092669755658
0.2781092703090103
0.27820927364245474
0.2783092769758992
0.27840928030934364
0.2785092836427881
0.27860928697623255
0.278709290309677
0.2788092936431214
0.27890929697656586
0.2790093003100103
0.27910930364345476
0.2792093069768992
0.2793093103103437
0.2794093136437881
0.2795093169772326
0.27960932031067703
0.27970932364412143
0.2798093269775659
0.27990933031101034
0.2800093336444548
0.28010933697789925
0.2802093403113437
0.28030934364478816
0.2804093469782326
0.28050935031167706
0.2806093536451215
0.2807093569785659
0.28080936031201037
0.2809093636454548
0.2810093669788993
0.28110937031234373
0.2812093736457882
0.28130937697923264
0.2814093803126771
0.28150938364612155
0.28160938697956595
0.2817093903130104
0.28180939364645485
0.2819093969798993
0.28200940031334376
0.2821094036467882
0.28220940698023267
0.2823094103136771
0.2824094136471216
0.28250941698056603
0.28260942031401043
0.2827094236474549
0.28280942698089934
0.2829094303143438
0.28300943364778824
0.2831094369812327
0.28320944031467715
0.2833094436481216
0.28340944698156606
0.2835094503150105
0.2836094536484549
0.28370945698189937
0.2838094603153438
0.2839094636487883
0.28400946698223273
0.2841094703156772
0.28420947364912164
0.2843094769825661
0.28440948031601054
0.28450948364945494
0.2846094869828994
0.28470949031634385
0.2848094936497883
0.28490949698323276
0.2850095003166772
0.28510950365012167
0.2852095069835661
0.2853095103170106
0.285409513650455
0.2855095169838994
0.2856095203173439
0.28570952365078833
0.2858095269842328
0.28590953031767724
0.2860095336511217
0.28610953698456615
0.2862095403180106
0.28630954365145506
0.2864095469848995
0.2865095503183439
0.28660955365178836
0.2867095569852328
0.28680956031867727
0.2869095636521217
0.2870095669855662
0.28710957031901063
0.2872095736524551
0.28730957698589954
0.28740958031934394
0.2875095836527884
0.28760958698623285
0.2877095903196773
0.28780959365312175
0.2879095969865662
0.28800960032001066
0.2881096036534551
0.28820960698689957
0.288309610320344
0.2884096136537884
0.2885096169872329
0.28860962032067733
0.2887096236541218
0.28880962698756624
0.2889096303210107
0.28900963365445514
0.2891096369878996
0.28920964032134405
0.2893096436547885
0.2894096469882329
0.28950965032167736
0.2896096536551218
0.28970965698856627
0.2898096603220107
0.2899096636554552
0.29000966698889963
0.2901096703223441
0.29020967365578854
0.29030967698923293
0.2904096803226774
0.29050968365612184
0.2906096869895663
0.29070969032301075
0.2908096936564552
0.29090969698989966
0.2910097003233441
0.29110970365678857
0.291209706990233
0.2913097103236774
0.29140971365712187
0.2915097169905663
0.2916097203240108
0.29170972365745523
0.2918097269908997
0.29190973032434414
0.2920097336577886
0.29210973699123305
0.2922097403246775
0.2923097436581219
0.29240974699156635
0.2925097503250108
0.29260975365845526
0.2927097569918997
0.29280976032534417
0.2929097636587886
0.2930097669922331
0.29310977032567753
0.29320977365912193
0.2933097769925664
0.29340978032601084
0.2935097836594553
0.29360978699289975
0.2937097903263442
0.29380979365978865
0.2939097969932331
0.29400980032667756
0.294109803660122
0.2942098069935664
0.29430981032701087
0.2944098136604553
0.2945098169938998
0.29460982032734423
0.2947098236607887
0.29480982699423314
0.2949098303276776
0.29500983366112205
0.2951098369945665
0.2952098403280109
0.29530984366145535
0.2954098469948998
0.29550985032834426
0.2956098536617887
0.29570985699523317
0.2958098603286776
0.2959098636621221
0.29600986699556653
0.2961098703290109
0.2962098736624554
0.29630987699589983
0.2964098803293443
0.29650988366278874
0.2966098869962332
0.29670989032967765
0.2968098936631221
0.29690989699656656
0.297009900330011
0.2971099036634554
0.29720990699689986
0.2973099103303443
0.29740991366378877
0.2975099169972332
0.2976099203306777
0.29770992366412213
0.2978099269975666
0.29790993033101104
0.2980099336644555
0.2981099369978999
0.29820994033134435
0.2983099436647888
0.29840994699823326
0.2985099503316777
0.29860995366512216
0.2987099569985666
0.29880996033201107
0.2989099636654555
0.2990099669988999
0.2991099703323444
0.29920997366578883
0.2993099769992333
0.29940998033267774
0.2995099836661222
0.29960998699956665
0.2997099903330111
0.29980999366645555
0.2999099969999
0.3000100003333444
0.30011000366678886
0.3002100070002333
0.30031001033367777
0.3004100136671222
0.3005100170005667
0.30061002033401113
0.3007100236674556
0.30081002700090004
0.3009100303343445
0.3010100336677889
0.30111003700123334
0.3012100403346778
0.30131004366812225
0.3014100470015667
0.30151005033501116
0.3016100536684556
0.30171005700190007
0.3018100603353445
0.3019100636687889
0.3020100670022334
0.3021100703356778
0.3022100736691223
0.30231007700256673
0.3024100803360112
0.30251008366945564
0.3026100870029001
0.30271009033634455
0.302810093669789
0.3029100970032334
0.30301010033667786
0.3031101036701223
0.30321010700356676
0.3033101103370112
0.3034101136704557
0.3035101170039001
0.3036101203373446
0.30371012367078903
0.3038101270042335
0.3039101303376779
0.30401013367112234
0.3041101370045668
0.30421014033801125
0.3043101436714557
0.30441014700490016
0.3045101503383446
0.30461015367178906
0.3047101570052335
0.3048101603386779
0.30491016367212237
0.3050101670055668
0.3051101703390113
0.30521017367245573
0.3053101770059002
0.30541018033934464
0.3055101836727891
0.30561018700623355
0.305710190339678
0.3058101936731224
0.30591019700656685
0.3060102003400113
0.30611020367345576
0.3062102070069002
0.30631021034034467
0.3064102136737891
0.3065102170072336
0.30661022034067803
0.3067102236741225
0.3068102270075669
0.30691023034101134
0.3070102336744558
0.30711023700790024
0.3072102403413447
0.30731024367478915
0.3074102470082336
0.30751025034167806
0.3076102536751225
0.3077102570085669
0.30781026034201137
0.3079102636754558
0.3080102670089003
0.3081102703423447
0.3082102736757892
0.30831027700923364
0.3084102803426781
0.30851028367612254
0.308610287009567
0.3087102903430114
0.30881029367645585
0.3089102970099003
0.30901030034334476
0.3091103036767892
0.30921030701023366
0.3093103103436781
0.3094103136771226
0.309510317010567
0.3096103203440115
0.3097103236774559
0.30981032701090033
0.3099103303443448
0.31001033367778924
0.3101103370112337
0.31021034034467815
0.3103103436781226
0.31041034701156706
0.3105103503450115
0.3106103536784559
0.31071035701190036
0.3108103603453448
0.31091036367878927
0.3110103670122337
0.3111103703456782
0.31121037367912263
0.3113103770125671
0.31141038034601154
0.311510383679456
0.3116103870129004
0.31171039034634485
0.3118103936797893
0.31191039701323375
0.3120104003466782
0.31211040368012266
0.3122104070135671
0.31231041034701157
0.312410413680456
0.3125104170139005
0.3126104203473449
0.31271042368078933
0.3128104270142338
0.31291043034767824
0.3130104336811227
0.31311043701456714
0.3132104403480116
0.31331044368145605
0.3134104470149005
0.3135104503483449
0.31361045368178936
0.3137104570152338
0.31381046034867827
0.3139104636821227
0.3140104670155672
0.31411047034901163
0.3142104736824561
0.31431047701590054
0.314410480349345
0.3145104836827894
0.31461048701623384
0.3147104903496783
0.31481049368312275
0.3149104970165672
0.31501050035001166
0.3151105036834561
0.31521050701690057
0.315310510350345
0.3154105136837895
0.31551051701723387
0.3156105203506783
0.3157105236841228
0.31581052701756723
0.3159105303510117
0.31601053368445614
0.3161105370179006
0.31621054035134505
0.3163105436847895
0.3164105470182339
0.31651055035167835
0.3166105536851228
0.31671055701856726
0.3168105603520117
0.31691056368545617
0.3170105670189006
0.3171105703523451
0.31721057368578953
0.317310577019234
0.3174105803526784
0.31751058368612284
0.3176105870195673
0.31771059035301175
0.3178105936864562
0.31791059701990065
0.3180106003533451
0.31811060368678956
0.318210607020234
0.31831061035367847
0.31841061368712287
0.3185106170205673
0.3186106203540118
0.31871062368745623
0.3188106270209007
0.31891063035434514
0.3190106336877896
0.31911063702123404
0.3192106403546785
0.3193106436881229
0.31941064702156735
0.3195106503550118
0.31961065368845626
0.3197106570219007
0.31981066035534517
0.3199106636887896
0.3200106670222341
0.32011067035567853
0.320210673689123
0.3203106770225674
0.32041068035601183
0.3205106836894563
0.32061068702290074
0.3207106903563452
0.32081069368978965
0.3209106970232341
0.32101070035667856
0.321110703690123
0.32121070702356747
0.32131071035701186
0.3214107136904563
0.32151071702390077
0.3216107203573452
0.3217107236907897
0.32181072702423413
0.3219107303576786
0.32201073369112304
0.3221107370245675
0.3222107403580119
0.32231074369145635
0.3224107470249008
0.32251075035834526
0.3226107536917897
0.32271075702523416
0.3228107603586786
0.32291076369212307
0.3230107670255675
0.323110770359012
0.3232107736924564
0.32331077702590083
0.3234107803593453
0.32351078369278974
0.3236107870262342
0.32371079035967865
0.3238107936931231
0.32391079702656755
0.324010800360012
0.32411080369345646
0.32421080702690086
0.3243108103603453
0.32441081369378977
0.3245108170272342
0.3246108203606787
0.32471082369412313
0.3248108270275676
0.32491083036101204
0.3250108336944565
0.3251108370279009
0.32521084036134534
0.3253108436947898
0.32541084702823425
0.3255108503616787
0.32561085369512316
0.3257108570285676
0.32581086036201207
0.3259108636954565
0.326010867028901
0.3261108703623454
0.3262108736957898
0.3263108770292343
0.32641088036267873
0.3265108836961232
0.32661088702956764
0.3267108903630121
0.32681089369645655
0.326910897029901
0.32701090036334546
0.32711090369678986
0.3272109070302343
0.32731091036367876
0.3274109136971232
0.32751091703056767
0.3276109203640121
0.3277109236974566
0.32781092703090103
0.3279109303643455
0.3280109336977899
0.32811093703123434
0.3282109403646788
0.32831094369812325
0.3284109470315677
0.32851095036501216
0.3286109536984566
0.32871095703190106
0.3288109603653455
0.32891096369878997
0.32901096703223437
0.3291109703656788
0.3292109736991233
0.32931097703256773
0.3294109803660122
0.32951098369945664
0.3296109870329011
0.32971099036634555
0.32981099369979
0.32991099703323445
0.33001100036667885
0.3301110037001233
0.33021100703356776
0.3303110103670122
0.33041101370045667
0.3305110170339011
0.3306110203673456
0.33071102370079003
0.3308110270342345
0.3309110303676789
0.33101103370112334
0.3311110370345678
0.33121104036801224
0.3313110437014567
0.33141104703490115
0.3315110503683456
0.33161105370179006
0.3317110570352345
0.33181106036867897
0.33191106370212337
0.3320110670355678
0.3321110703690123
0.3322110737024567
0.3323110770359012
0.33241108036934564
0.3325110837027901
0.33261108703623454
0.332711090369679
0.33281109370312345
0.33291109703656785
0.3330111003700123
0.33311110370345676
0.3332111070369012
0.33331111037034566
0.3334111137037901
0.3335111170372346
0.333611120370679
0.3337111237041235
0.3338111270375679
0.33391113037101233
0.3340111337044568
0.33411113703790124
0.3342111403713457
0.33431114370479015
0.3344111470382346
0.33451115037167906
0.3346111537051235
0.33471115703856796
0.33481116037201236
0.3349111637054568
0.33501116703890127
0.3351111703723457
0.3352111737057902
0.33531117703923463
0.3354111803726791
0.33551118370612354
0.335611187039568
0.3357111903730124
0.33581119370645685
0.3359111970399013
0.33601120037334575
0.3361112037067902
0.33621120704023466
0.3363112103736791
0.33641121370712357
0.336511217040568
0.3366112203740125
0.3367112237074569
0.33681122704090133
0.3369112303743458
0.33701123370779024
0.3371112370412347
0.33721124037467914
0.3373112437081236
0.33741124704156805
0.3375112503750125
0.33761125370845696
0.33771125704190136
0.3378112603753458
0.33791126370879027
0.3380112670422347
0.3381112703756792
0.3382112737091236
0.3383112770425681
0.33841128037601254
0.338511283709457
0.3386112870429014
0.33871129037634584
0.3388112937097903
0.33891129704323475
0.3390113003766792
0.33911130371012366
0.3392113070435681
0.33931131037701256
0.339411313710457
0.3395113170439015
0.33961132037734587
0.3397113237107903
0.3398113270442348
0.33991133037767923
0.3400113337111237
0.34011133704456814
0.3402113403780126
0.34031134371145705
0.3404113470449015
0.34051135037834596
0.34061135371179035
0.3407113570452348
0.34081136037867926
0.3409113637121237
0.34101136704556817
0.3411113703790126
0.3412113737124571
0.34131137704590153
0.341411380379346
0.3415113837127904
0.34161138704623484
0.3417113903796793
0.34181139371312375
0.3419113970465682
0.34201140038001265
0.3421114037134571
0.34221140704690156
0.342311410380346
0.34241141371379047
0.34251141704723487
0.3426114203806793
0.3427114237141238
0.34281142704756823
0.3429114303810127
0.34301143371445714
0.3431114370479016
0.34321144038134604
0.3433114437147905
0.34341144704823495
0.34351145038167935
0.3436114537151238
0.34371145704856826
0.3438114603820127
0.34391146371545717
0.3440114670489016
0.3441114703823461
0.34421147371579053
0.344311477049235
0.3444114803826794
0.34451148371612383
0.3446114870495683
0.34471149038301274
0.3448114937164572
0.34491149704990165
0.3450115003833461
0.34511150371679056
0.345211507050235
0.34531151038367947
0.34541151371712386
0.3455115170505683
0.34561152038401277
0.3457115237174572
0.3458115270509017
0.34591153038434613
0.3460115337177906
0.34611153705123504
0.3462115403846795
0.34631154371812395
0.34641154705156835
0.3465115503850128
0.34661155371845725
0.3467115570519017
0.34681156038534616
0.3469115637187906
0.34701156705223507
0.3471115703856795
0.347211573719124
0.3473115770525684
0.34741158038601283
0.3475115837194573
0.34761158705290174
0.3477115903863462
0.34781159371979065
0.3479115970532351
0.34801160038667955
0.348111603720124
0.34821160705356846
0.34831161038701286
0.3484116137204573
0.34851161705390177
0.3486116203873462
0.3487116237207907
0.34881162705423513
0.3489116303876796
0.34901163372112404
0.3491116370545685
0.34921164038801294
0.34931164372145734
0.3494116470549018
0.34951165038834625
0.3496116537217907
0.34971165705523516
0.3498116603886796
0.34991166372212407
0.3500116670555685
0.350111670389013
0.3502116737224574
0.3503116770559018
0.3504116803893463
0.35051168372279073
0.3506116870562352
0.35071169038967964
0.3508116937231241
0.35091169705656855
0.351011700390013
0.35111170372345746
0.35121170705690186
0.3513117103903463
0.35141171372379076
0.3515117170572352
0.35161172039067967
0.3517117237241241
0.3518117270575686
0.35191173039101303
0.3520117337244575
0.35211173705790194
0.35221174039134634
0.3523117437247908
0.35241174705823525
0.3525117503916797
0.35261175372512416
0.3527117570585686
0.35281176039201306
0.3529117637254575
0.35301176705890197
0.35311177039234637
0.3532117737257908
0.3533117770592353
0.35341178039267973
0.3535117837261242
0.35361178705956864
0.3537117903930131
0.35381179372645755
0.353911797059902
0.35401180039334645
0.35411180372679085
0.3542118070602353
0.35431181039367976
0.3544118137271242
0.35451181706056867
0.3546118203940131
0.3547118237274576
0.35481182706090203
0.3549118303943465
0.35501183372779094
0.35511183706123534
0.3552118403946798
0.35531184372812424
0.3554118470615687
0.35551185039501315
0.3556118537284576
0.35571185706190206
0.3558118603953465
0.35591186372879097
0.35601186706223537
0.3561118703956798
0.3562118737291243
0.3563118770625687
0.3564118803960132
0.35651188372945763
0.3566118870629021
0.35671189039634654
0.356811893729791
0.35691189706323545
0.35701190039667985
0.3571119037301243
0.35721190706356876
0.3573119103970132
0.35741191373045766
0.3575119170639021
0.35761192039734657
0.357711923730791
0.3578119270642355
0.35791193039767993
0.35801193373112433
0.3581119370645688
0.35821194039801324
0.3583119437314577
0.35841194706490215
0.3585119503983466
0.35861195373179106
0.3587119570652355
0.35881196039867996
0.35891196373212436
0.3590119670655688
0.35911197039901327
0.3592119737324577
0.3593119770659022
0.35941198039934663
0.3595119837327911
0.35961198706623554
0.35971199039968
0.35981199373312445
0.35991199706656885
0.3600120004000133
0.36011200373345775
0.3602120070669022
0.36031201040034666
0.3604120137337911
0.36051201706723557
0.36061202040068
0.3607120237341245
0.36081202706756893
0.36091203040101333
0.3610120337344578
0.36111203706790224
0.3612120404013467
0.36131204373479114
0.3614120470682356
0.36151205040168005
0.3616120537351245
0.36171205706856896
0.36181206040201336
0.3619120637354578
0.36201206706890227
0.3621120704023467
0.3622120737357912
0.3623120770692356
0.3624120804026801
0.36251208373612454
0.362612087069569
0.36271209040301344
0.36281209373645784
0.3629120970699023
0.36301210040334675
0.3631121037367912
0.36321210707023566
0.3633121104036801
0.36341211373712456
0.363512117070569
0.3636121204040135
0.3637121237374579
0.3638121270709023
0.3639121304043468
0.36401213373779123
0.3641121370712357
0.36421214040468014
0.3643121437381246
0.36441214707156905
0.3645121504050135
0.36461215373845796
0.36471215707190235
0.3648121604053468
0.36491216373879126
0.3650121670722357
0.36511217040568017
0.3652121737391246
0.3653121770725691
0.36541218040601353
0.365512183739458
0.36561218707290244
0.36571219040634684
0.3658121937397913
0.36591219707323575
0.3660122004066802
0.36611220374012465
0.3662122070735691
0.36631221040701356
0.366412213740458
0.36651221707390247
0.3666122204073469
0.3667122237407913
0.3668122270742358
0.36691223040768023
0.3670122337411247
0.36711223707456914
0.3672122404080136
0.36731224374145804
0.3674122470749025
0.36751225040834695
0.36761225374179135
0.3677122570752358
0.36781226040868026
0.3679122637421247
0.36801226707556917
0.3681122704090136
0.3682122737424581
0.3683122770759025
0.368412280409347
0.36851228374279144
0.36861228707623583
0.3687122904096803
0.36881229374312474
0.3689122970765692
0.36901230041001365
0.3691123037434581
0.36921230707690256
0.369312310410347
0.36941231374379147
0.3695123170772359
0.3696123204106803
0.36971232374412477
0.3698123270775692
0.3699123304110137
0.37001233374445813
0.3701123370779026
0.37021234041134704
0.3703123437447915
0.37041234707823595
0.37051235041168035
0.3706123537451248
0.37071235707856925
0.3708123604120137
0.37091236374545816
0.3710123670789026
0.37111237041234707
0.3712123737457915
0.371312377079236
0.37141238041268043
0.37151238374612483
0.3716123870795693
0.37171239041301374
0.3718123937464582
0.37191239707990265
0.3720124004133471
0.37211240374679155
0.372212407080236
0.37231241041368046
0.3724124137471249
0.3725124170805693
0.37261242041401377
0.3727124237474582
0.3728124270809027
0.37291243041434713
0.3730124337477916
0.37311243708123604
0.3732124404146805
0.37331244374812494
0.37341244708156934
0.3735124504150138
0.37361245374845825
0.3737124570819027
0.37381246041534716
0.3739124637487916
0.37401246708223607
0.3741124704156805
0.374212473749125
0.37431247708256943
0.3744124804160138
0.3745124837494583
0.37461248708290273
0.3747124904163472
0.37481249374979164
0.3749124970832361
0.37501250041668055
0.375112503750125
0.37521250708356946
0.3753125104170139
0.3754125137504583
0.37551251708390276
0.3756125204173472
0.37571252375079167
0.3758125270842361
0.3759125304176806
0.37601253375112503
0.3761125370845695
0.37621254041801394
0.37631254375145834
0.3764125470849028
0.37651255041834725
0.3766125537517917
0.37671255708523615
0.3768125604186806
0.37691256375212506
0.3770125670855695
0.37711257041901397
0.3772125737524584
0.3773125770859028
0.3774125804193473
0.37751258375279173
0.3776125870862362
0.37771259041968064
0.3778125937531251
0.37791259708656955
0.378012600420014
0.37811260375345845
0.3782126070869029
0.3783126104203473
0.37841261375379176
0.3785126170872362
0.37861262042068067
0.3787126237541251
0.3788126270875696
0.37891263042101403
0.3790126337544585
0.37911263708790294
0.37921264042134734
0.3793126437547918
0.37941264708823624
0.3795126504216807
0.37961265375512515
0.3797126570885696
0.37981266042201406
0.3799126637554585
0.38001266708890297
0.3801126704223474
0.3802126737557918
0.3803126770892363
0.3804126804226807
0.3805126837561252
0.38061268708956963
0.3807126904230141
0.38081269375645854
0.380912697089903
0.38101270042334745
0.3811127037567919
0.3812127070902363
0.38131271042368076
0.3814127137571252
0.38151271709056966
0.3816127204240141
0.38171272375745857
0.381812727090903
0.3819127304243475
0.38201273375779193
0.38211273709123633
0.3822127404246808
0.38231274375812524
0.3824127470915697
0.38251275042501415
0.3826127537584586
0.38271275709190306
0.3828127604253475
0.38291276375879196
0.3830127670922364
0.3831127704256808
0.38321277375912527
0.3833127770925697
0.3834127804260142
0.38351278375945863
0.3836127870929031
0.38371279042634754
0.383812793759792
0.38391279709323645
0.38401280042668084
0.3841128037601253
0.38421280709356975
0.3843128104270142
0.38441281376045866
0.3845128170939031
0.38461282042734757
0.384712823760792
0.3848128270942365
0.38491283042768093
0.38501283376112533
0.3851128370945698
0.38521284042801424
0.3853128437614587
0.38541284709490314
0.3855128504283476
0.38561285376179205
0.3857128570952365
0.38581286042868096
0.3859128637621254
0.3860128670955698
0.38611287042901427
0.3862128737624587
0.3863128770959032
0.3864128804293476
0.3865128837627921
0.38661288709623653
0.386712890429681
0.38681289376312544
0.38691289709656984
0.3870129004300143
0.38711290376345875
0.3872129070969032
0.38731291043034766
0.3874129137637921
0.38751291709723656
0.387612920430681
0.38771292376412547
0.3878129270975699
0.3879129304310143
0.3880129337644588
0.38811293709790323
0.3882129404313477
0.38831294376479214
0.3884129470982366
0.38851295043168105
0.3886129537651255
0.38871295709856996
0.3888129604320144
0.3889129637654588
0.38901296709890326
0.3891129704323477
0.38921297376579217
0.3893129770992366
0.3894129804326811
0.38951298376612553
0.38961298709957
0.38971299043301444
0.38981299376645884
0.3899129970999033
0.39001300043334775
0.3901130037667922
0.39021300710023665
0.3903130104336811
0.39041301376712556
0.39051301710057
0.39061302043401447
0.3907130237674589
0.3908130271009033
0.3909130304343478
0.39101303376779223
0.3911130371012367
0.39121304043468114
0.3913130437681256
0.39141304710157004
0.3915130504350145
0.39161305376845895
0.3917130571019034
0.3918130604353478
0.39191306376879226
0.3920130671022367
0.39211307043568117
0.3922130737691256
0.3923130771025701
0.3924130804360145
0.392513083769459
0.39261308710290344
0.39271309043634783
0.3928130937697923
0.39291309710323674
0.3930131004366812
0.39311310377012565
0.3932131071035701
0.39331311043701456
0.393413113770459
0.39351311710390346
0.3936131204373479
0.3937131237707923
0.39381312710423677
0.3939131304376812
0.3940131337711257
0.39411313710457013
0.3942131404380146
0.39431314377145904
0.3944131471049035
0.39451315043834795
0.3946131537717924
0.3947131571052368
0.39481316043868125
0.3949131637721257
0.39501316710557016
0.3951131704390146
0.39521317377245907
0.3953131771059035
0.395413180439348
0.39551318377279243
0.39561318710623683
0.3957131904396813
0.39581319377312574
0.3959131971065702
0.39601320044001465
0.3961132037734591
0.39621320710690355
0.396313210440348
0.39641321377379246
0.3965132171072369
0.3966132204406813
0.39671322377412577
0.3968132271075702
0.3969132304410147
0.39701323377445913
0.3971132371079036
0.39721324044134804
0.3973132437747925
0.39741324710823694
0.3975132504416814
0.3976132537751258
0.39771325710857025
0.3978132604420147
0.39791326377545916
0.3980132671089036
0.39811327044234807
0.3982132737757925
0.398313277109237
0.39841328044268143
0.3985132837761258
0.3986132871095703
0.39871329044301473
0.3988132937764592
0.39891329710990364
0.3990133004433481
0.39911330377679255
0.399213307110237
0.39931331044368146
0.3994133137771259
0.3995133171105703
0.39961332044401476
0.3997133237774592
0.39981332711090367
0.3999133304443481
0.4000133337777926
0.40011333711123703
0.4002133404446815
0.40031334377812594
0.4004133471115704
0.4005133504450148
0.40061335377845925
0.4007133571119037
0.40081336044534815
0.4009133637787926
0.40101336711223706
0.4011133704456815
0.40121337377912597
0.4013133771125704
0.4014133804460148
0.4015133837794593
0.40161338711290373
0.4017133904463482
0.40181339377979264
0.4019133971132371
0.40201340044668155
0.402113403780126
0.40221340711357045
0.4023134104470149
0.4024134137804593
0.40251341711390376
0.4026134204473482
0.40271342378079267
0.4028134271142371
0.4029134304476816
0.40301343378112603
0.4031134371145705
0.40321344044801494
0.4033134437814594
0.4034134471149038
0.40351345044834824
0.4036134537817927
0.40371345711523715
0.4038134604486816
0.40391346378212606
0.4040134671155705
0.40411347044901497
0.4042134737824594
0.4043134771159038
0.4044134804493483
0.4045134837827927
0.4046134871162372
0.40471349044968163
0.4048134937831261
0.40491349711657054
0.405013500450015
0.40511350378345945
0.4052135071169039
0.4053135104503483
0.40541351378379276
0.4055135171172372
0.40561352045068166
0.4057135237841261
0.40581352711757057
0.405913530451015
0.4060135337844595
0.40611353711790393
0.4062135404513484
0.4063135437847928
0.40641354711823724
0.4065135504516817
0.40661355378512615
0.4067135571185706
0.40681356045201506
0.4069135637854595
0.40701356711890396
0.4071135704523484
0.4072135737857928
0.40731357711923727
0.4074135804526817
0.4075135837861262
0.40761358711957063
0.4077135904530151
0.40781359378645954
0.407913597119904
0.40801360045334845
0.4081136037867929
0.4082136071202373
0.40831361045368175
0.4084136137871262
0.40851361712057066
0.4086136204540151
0.40871362378745957
0.408813627120904
0.4089136304543485
0.40901363378779293
0.4091136371212374
0.4092136404546818
0.40931364378812624
0.4094136471215707
0.40951365045501514
0.4096136537884596
0.40971365712190405
0.4098136604553485
0.40991366378879296
0.4100136671222374
0.4101136704556818
0.41021367378912627
0.4103136771225707
0.4104136804560152
0.4105136837894596
0.4106136871229041
0.41071369045634853
0.410813693789793
0.41091369712323744
0.4110137004566819
0.4111137037901263
0.41121370712357075
0.4113137104570152
0.41141371379045966
0.4115137171239041
0.41161372045734856
0.411713723790793
0.41181372712423747
0.4119137304576819
0.4120137337911264
0.4121137371245708
0.41221374045801523
0.4123137437914597
0.41241374712490414
0.4125137504583486
0.41261375379179305
0.4127137571252375
0.41281376045868196
0.4129137637921264
0.4130137671255708
0.41311377045901526
0.4132137737924597
0.41331377712590417
0.4134137804593486
0.4135137837927931
0.41361378712623753
0.413713790459682
0.41381379379312644
0.4139137971265709
0.4140138004600153
0.41411380379345974
0.4142138071269042
0.41431381046034865
0.4144138137937931
0.41451381712723756
0.414613820460682
0.41471382379412647
0.4148138271275709
0.4149138304610154
0.4150138337944598
0.41511383712790423
0.4152138404613487
0.41531384379479314
0.4154138471282376
0.41551385046168204
0.4156138537951265
0.41571385712857095
0.4158138604620154
0.4159138637954598
0.41601386712890426
0.4161138704623487
0.41621387379579317
0.4163138771292376
0.4164138804626821
0.4165138837961265
0.416613887129571
0.41671389046301544
0.4168138937964599
0.4169138971299043
0.41701390046334874
0.4171139037967932
0.41721390713023765
0.4173139104636821
0.41741391379712656
0.417513917130571
0.41761392046401546
0.4177139237974599
0.4178139271309044
0.41791393046434877
0.4180139337977932
0.4181139371312377
0.41821394046468213
0.4183139437981266
0.41841394713157104
0.4185139504650155
0.41861395379845995
0.4187139571319044
0.4188139604653488
0.41891396379879325
0.4190139671322377
0.41911397046568216
0.4192139737991266
0.41931397713257107
0.4194139804660155
0.41951398379946
0.41961398713290443
0.4197139904663489
0.4198139937997933
0.41991399713323774
0.4200140004666822
0.42011400380012665
0.4202140071335711
0.42031401046701555
0.42041401380046
0.42051401713390446
0.4206140204673489
0.42071402380079337
0.42081402713423777
0.4209140304676822
0.4210140338011267
0.42111403713457113
0.4212140404680156
0.42131404380146004
0.4214140471349045
0.42151405046834894
0.4216140538017934
0.4217140571352378
0.42181406046868225
0.4219140638021267
0.42201406713557116
0.4221140704690156
0.42221407380246007
0.4223140771359045
0.422414080469349
0.4225140838027934
0.4226140871362379
0.4227140904696823
0.42281409380312673
0.4229140971365712
0.42301410047001564
0.4231141038034601
0.42321410713690455
0.423314110470349
0.42341411380379346
0.4235141171372379
0.42361412047068236
0.42371412380412676
0.4238141271375712
0.42391413047101567
0.4240141338044601
0.4241141371379046
0.42421414047134903
0.4243141438047935
0.42441414713823794
0.4245141504716824
0.4246141538051268
0.42471415713857125
0.4248141604720157
0.42491416380546015
0.4250141671389046
0.42511417047234906
0.4252141738057935
0.42531417713923797
0.4254141804726824
0.4255141838061269
0.4256141871395713
0.42571419047301573
0.4258141938064602
0.42591419713990464
0.4260142004733491
0.42611420380679355
0.426214207140238
0.42631421047368245
0.4264142138071269
0.42651421714057136
0.42661422047401576
0.4267142238074602
0.42681422714090467
0.4269142304743491
0.4270142338077936
0.42711423714123803
0.4272142404746825
0.42731424380812694
0.4274142471415714
0.4275142504750158
0.42761425380846024
0.4277142571419047
0.42781426047534915
0.4279142638087936
0.42801426714223806
0.4281142704756825
0.42821427380912697
0.4283142771425714
0.4284142804760159
0.4285142838094603
0.4286142871429047
0.4287142904763492
0.42881429380979363
0.4289142971432381
0.42901430047668254
0.429114303810127
0.42921430714357145
0.4293143104770159
0.42941431381046036
0.42951431714390476
0.4296143204773492
0.42971432381079366
0.4298143271442381
0.42991433047768257
0.430014333811127
0.4301143371445715
0.43021434047801593
0.4303143438114604
0.4304143471449048
0.43051435047834924
0.4306143538117937
0.43071435714523815
0.4308143604786826
0.43091436381212705
0.4310143671455715
0.43111437047901596
0.4312143738124604
0.43131437714590487
0.43141438047934927
0.4315143838127937
0.4316143871462382
0.43171439047968263
0.4318143938131271
0.43191439714657154
0.432014400480016
0.43211440381346045
0.4322144071469049
0.43231441048034935
0.43241441381379375
0.4325144171472382
0.43261442048068266
0.4327144238141271
0.43281442714757157
0.432914430481016
0.4330144338144605
0.43311443714790493
0.4332144404813494
0.4333144438147938
0.43341444714823824
0.4335144504816827
0.43361445381512714
0.4337144571485716
0.43381446048201605
0.4339144638154605
0.43401446714890496
0.4341144704823494
0.43421447381579387
0.43431447714923826
0.4344144804826827
0.4345144838161272
0.4346144871495716
0.4347144904830161
0.43481449381646053
0.434914497149905
0.43501450048334944
0.4351145038167939
0.43521450715023835
0.43531451048368275
0.4354145138171272
0.43551451715057166
0.4356145204840161
0.43571452381746056
0.435814527150905
0.43591453048434947
0.4360145338177939
0.4361145371512384
0.4362145404846828
0.43631454381812723
0.4364145471515717
0.43651455048501614
0.4366145538184606
0.43671455715190505
0.4368145604853495
0.43691456381879396
0.4370145671522384
0.43711457048568286
0.43721457381912726
0.4373145771525717
0.43741458048601617
0.4375145838194606
0.4376145871529051
0.43771459048634953
0.437814593819794
0.43791459715323844
0.4380146004866829
0.4381146038201273
0.43821460715357174
0.4383146104870162
0.43841461382046065
0.4385146171539051
0.43861462048734956
0.438714623820794
0.43881462715423847
0.4389146304876829
0.4390146338211274
0.4391146371545718
0.43921464048801623
0.4393146438214607
0.43941464715490514
0.4395146504883496
0.43961465382179404
0.4397146571552385
0.43981466048868295
0.4399146638221274
0.44001466715557186
0.44011467048901626
0.4402146738224607
0.44031467715590517
0.4404146804893496
0.4405146838227941
0.4406146871562385
0.440714690489683
0.44081469382312743
0.4409146971565719
0.4410147004900163
0.44111470382346074
0.4412147071569052
0.44131471049034965
0.4414147138237941
0.44151471715723856
0.441614720490683
0.44171472382412746
0.4418147271575719
0.44191473049101637
0.44201473382446077
0.4421147371579052
0.4422147404913497
0.44231474382479413
0.4424147471582386
0.44251475049168304
0.4426147538251275
0.44271475715857195
0.4428147604920164
0.44291476382546086
0.44301476715890525
0.4431147704923497
0.44321477382579416
0.4433147771592386
0.44341478049268307
0.4435147838261275
0.443614787159572
0.44371479049301643
0.4438147938264609
0.4439147971599053
0.44401480049334974
0.4441148038267942
0.44421480716023864
0.4443148104936831
0.44441481382712755
0.444514817160572
0.44461482049401646
0.4447148238274609
0.44481482716090537
0.44491483049434977
0.4450148338277942
0.4451148371612387
0.44521484049468313
0.4453148438281276
0.44541484716157204
0.4455148504950165
0.44561485382846094
0.4457148571619054
0.44581486049534985
0.44591486382879425
0.4460148671622387
0.44611487049568316
0.4462148738291276
0.44631487716257207
0.4464148804960165
0.446514883829461
0.4466148871629054
0.4467148904963499
0.4468148938297943
0.44691489716323873
0.4470149004966832
0.44711490383012764
0.4472149071635721
0.44731491049701655
0.447414913830461
0.44751491716390546
0.4476149204973499
0.44771492383079436
0.44781492716423876
0.4479149304976832
0.44801493383112767
0.4481149371645721
0.4482149404980166
0.44831494383146103
0.4484149471649055
0.44851495049834994
0.4486149538317944
0.44871495716523885
0.44881496049868325
0.4489149638321277
0.44901496716557215
0.4491149704990166
0.44921497383246106
0.4493149771659055
0.44941498049934997
0.4495149838327944
0.4496149871662389
0.4497149904996833
0.44981499383312773
0.4499149971665722
0.45001500050001664
0.4501150038334611
0.45021500716690555
0.45031501050035
0.45041501383379445
0.4505150171672389
0.45061502050068336
0.45071502383412776
0.4508150271675722
0.45091503050101667
0.4510150338344611
0.4511150371679056
0.45121504050135003
0.4513150438347945
0.45141504716823894
0.4515150505016834
0.45161505383512784
0.45171505716857224
0.4518150605020167
0.45191506383546115
0.4520150671689056
0.45211507050235006
0.4522150738357945
0.45231507716923897
0.4524150805026834
0.4525150838361279
0.45261508716957227
0.4527150905030167
0.4528150938364612
0.45291509716990563
0.4530151005033501
0.45311510383679454
0.453215107170239
0.45331511050368345
0.4534151138371279
0.45351511717057236
0.45361512050401676
0.4537151238374612
0.45381512717090566
0.4539151305043501
0.45401513383779457
0.454115137171239
0.4542151405046835
0.45431514383812793
0.4544151471715724
0.45451515050501684
0.45461515383846124
0.4547151571719057
0.45481516050535015
0.4549151638387946
0.45501516717223905
0.4551151705056835
0.45521517383912796
0.4553151771725724
0.45541518050601687
0.45551518383946127
0.4556151871729057
0.4557151905063502
0.45581519383979463
0.4559151971732391
0.45601520050668354
0.456115203840128
0.45621520717357245
0.4563152105070169
0.45641521384046135
0.45651521717390575
0.4566152205073502
0.45671522384079466
0.4568152271742391
0.45691523050768357
0.457015233841128
0.4571152371745725
0.45721524050801693
0.4573152438414614
0.45741524717490584
0.45751525050835024
0.4576152538417947
0.45771525717523914
0.4578152605086836
0.45791526384212805
0.4580152671755725
0.45811527050901696
0.4582152738424614
0.45831527717590587
0.45841528050935026
0.4585152838427947
0.4586152871762392
0.4587152905096836
0.4588152938431281
0.45891529717657253
0.459015300510017
0.45911530384346144
0.4592153071769059
0.45931531051035035
0.45941531384379475
0.4595153171772392
0.45961532051068366
0.4597153238441281
0.45981532717757256
0.459915330511017
0.46001533384446147
0.4601153371779059
0.4602153405113504
0.46031534384479483
0.46041534717823923
0.4605153505116837
0.46061535384512814
0.4607153571785726
0.46081536051201705
0.4609153638454615
0.46101536717890595
0.4611153705123504
0.46121537384579486
0.46131537717923926
0.4614153805126837
0.46151538384612817
0.4616153871795726
0.4617153905130171
0.46181539384646153
0.461915397179906
0.46201540051335044
0.4621154038467949
0.46221540718023935
0.46231541051368374
0.4624154138471282
0.46251541718057265
0.4626154205140171
0.46271542384746156
0.462815427180906
0.46291543051435047
0.4630154338477949
0.4631154371812394
0.46321544051468383
0.46331544384812823
0.4634154471815727
0.46351545051501714
0.4636154538484616
0.46371545718190604
0.4638154605153505
0.46391546384879495
0.4640154671822394
0.46411547051568386
0.46421547384912826
0.4643154771825727
0.46441548051601717
0.4645154838494616
0.4646154871829061
0.4647154905163505
0.464815493849795
0.46491549718323943
0.4650155005166839
0.46511550385012834
0.46521550718357274
0.4653155105170172
0.46541551385046165
0.4655155171839061
0.46561552051735056
0.465715523850795
0.46581552718423946
0.4659155305176839
0.46601553385112837
0.4661155371845728
0.4662155405180172
0.4663155438514617
0.46641554718490613
0.4665155505183506
0.46661555385179504
0.4667155571852395
0.46681556051868395
0.4669155638521284
0.46701556718557286
0.46711557051901725
0.4672155738524617
0.46731557718590616
0.4674155805193506
0.46751558385279507
0.4676155871862395
0.467715590519684
0.46781559385312843
0.4679155971865729
0.46801560052001734
0.46811560385346174
0.4682156071869062
0.46831561052035064
0.4684156138537951
0.46851561718723955
0.468615620520684
0.46871562385412846
0.4688156271875729
0.46891563052101737
0.4690156338544618
0.4691156371879062
0.4692156405213507
0.46931564385479513
0.4694156471882396
0.46951565052168404
0.4696156538551285
0.46971565718857294
0.4698156605220174
0.46991566385546185
0.47001566718890625
0.4701156705223507
0.47021567385579516
0.4703156771892396
0.47041568052268407
0.4705156838561285
0.470615687189573
0.4707156905230174
0.4708156938564619
0.47091569718990633
0.47101570052335073
0.4711157038567952
0.47121570719023964
0.4713157105236841
0.47141571385712855
0.471515717190573
0.47161572052401746
0.4717157238574619
0.47181572719090636
0.4719157305243508
0.4720157338577952
0.47211573719123967
0.4722157405246841
0.4723157438581286
0.47241574719157303
0.4725157505250175
0.47261575385846194
0.4727157571919064
0.47281576052535085
0.47291576385879525
0.4730157671922397
0.47311577052568415
0.4732157738591286
0.47331577719257306
0.4734157805260175
0.47351578385946197
0.4736157871929064
0.4737157905263509
0.47381579385979533
0.47391579719323973
0.4740158005266842
0.47411580386012864
0.4742158071935731
0.47431581052701755
0.474415813860462
0.47451581719390645
0.4746158205273509
0.47471582386079536
0.4748158271942398
0.4749158305276842
0.47501583386112867
0.4751158371945731
0.4752158405280176
0.47531584386146203
0.4754158471949065
0.47551585052835094
0.4756158538617954
0.47571585719523984
0.47581586052868424
0.4759158638621287
0.47601586719557315
0.4761158705290176
0.47621587386246206
0.4763158771959065
0.47641588052935097
0.4765158838627954
0.4766158871962399
0.4767158905296843
0.4768158938631287
0.4769158971965732
0.47701590053001763
0.4771159038634621
0.47721590719690654
0.477315910530351
0.47741591386379545
0.4775159171972399
0.47761592053068436
0.4777159238641288
0.4778159271975732
0.47791593053101766
0.4780159338644621
0.47811593719790657
0.478215940531351
0.4783159438647955
0.47841594719823993
0.4785159505316844
0.47861595386512884
0.47871595719857324
0.4788159605320177
0.47891596386546215
0.4790159671989066
0.47911597053235105
0.4792159738657955
0.47931597719923996
0.4794159805326844
0.47951598386612887
0.4796159871995733
0.4797159905330177
0.4798159938664622
0.47991599719990663
0.4800160005333511
0.48011600386679554
0.48021600720024
0.48031601053368445
0.4804160138671289
0.48051601720057335
0.4806160205340178
0.4807160238674622
0.48081602720090666
0.4809160305343511
0.48101603386779557
0.48111603720124
0.4812160405346845
0.48131604386812893
0.4814160472015734
0.48151605053501784
0.48161605386846223
0.4817160572019067
0.48181606053535114
0.4819160638687956
0.48201606720224005
0.4821160705356845
0.48221607386912896
0.4823160772025734
0.48241608053601787
0.4825160838694623
0.4826160872029067
0.4827160905363512
0.4828160938697956
0.4829160972032401
0.48301610053668453
0.483116103870129
0.48321610720357344
0.4833161105370179
0.48341611387046235
0.4835161172039068
0.4836161205373512
0.48371612387079566
0.4838161272042401
0.48391613053768456
0.484016133871129
0.48411613720457347
0.4842161405380179
0.4843161438714624
0.48441614720490683
0.48451615053835123
0.4846161538717957
0.48471615720524014
0.4848161605386846
0.48491616387212905
0.4850161672055735
0.48511617053901795
0.4852161738724624
0.48531617720590686
0.4854161805393513
0.4855161838727957
0.48561618720624017
0.4857161905396846
0.4858161938731291
0.48591619720657353
0.486016200540018
0.48611620387346244
0.4862162072069069
0.48631621054035135
0.48641621387379574
0.4865162172072402
0.48661622054068465
0.4867162238741291
0.48681622720757356
0.486916230541018
0.48701623387446247
0.4871162372079069
0.4872162405413514
0.48731624387479583
0.4874162472082402
0.4875162505416847
0.48761625387512914
0.4877162572085736
0.48781626054201804
0.4879162638754625
0.48801626720890695
0.4881162705423514
0.48821627387579586
0.4883162772092403
0.4884162805426847
0.48851628387612916
0.4886162872095736
0.4887162905430181
0.4888162938764625
0.488916297209907
0.48901630054335143
0.4891163038767959
0.48921630721024034
0.48931631054368474
0.4894163138771292
0.48951631721057365
0.4896163205440181
0.48971632387746256
0.489816327210907
0.48991633054435146
0.4900163338777959
0.49011633721124037
0.4902163405446848
0.4903163438781292
0.4904163472115737
0.49051635054501813
0.4906163538784626
0.49071635721190704
0.4908163605453515
0.49091636387879595
0.4910163672122404
0.49111637054568485
0.4912163738791293
0.4913163772125737
0.49141638054601816
0.4915163838794626
0.49161638721290707
0.4917163905463515
0.491816393879796
0.49191639721324043
0.4920164005466849
0.49211640388012934
0.49221640721357374
0.4923164105470182
0.49241641388046264
0.4925164172139071
0.49261642054735155
0.492716423880796
0.49281642721424046
0.4929164305476849
0.49301643388112937
0.4931164372145738
0.4932164405480182
0.4933164438814627
0.49341644721490713
0.4935164505483516
0.49361645388179604
0.4937164572152405
0.49381646054868494
0.4939164638821294
0.49401646721557385
0.4941164705490183
0.4942164738824627
0.49431647721590716
0.4944164805493516
0.49451648388279607
0.4946164872162405
0.494716490549685
0.4948164938831294
0.4949164972165739
0.49501650055001833
0.49511650388346273
0.4952165072169072
0.49531651055035164
0.4954165138837961
0.49551651721724055
0.495616520550685
0.49571652388412946
0.4958165272175739
0.49591653055101836
0.4960165338844628
0.4961165372179072
0.49621654055135167
0.4963165438847961
0.4964165472182406
0.49651655055168503
0.4966165538851295
0.49671655721857394
0.4968165605520184
0.49691656388546285
0.4970165672189073
0.4971165705523517
0.49721657388579615
0.4973165772192406
0.49741658055268506
0.4975165838861295
0.49761658721957397
0.4977165905530184
0.4978165938864629
0.49791659721990733
0.49801660055335173
0.4981166038867962
0.49821660722024064
0.4983166105536851
0.49841661388712954
0.498516617220574
0.49861662055401845
0.4987166238874629
0.49881662722090736
0.4989166305543518
0.4990166338877962
0.49911663722124067
0.4992166405546851
0.4993166438881296
0.49941664722157403
0.4995166505550185
0.49961665388846294
0.4997166572219074
0.49981666055535184
0.4999166638887963
0.5000166672222407
0.5001166705556852
0.5002166738891296
0.5003166772225741
0.5004166805560185
0.5005166838894629
0.5006166872229074
0.5007166905563518
0.5008166938897963
0.5009166972232407
0.5010167005566852
0.5011167038901296
0.5012167072235741
0.5013167105570185
0.5014167138904629
0.5015167172239074
0.5016167205573518
0.5017167238907964
0.5018167272242408
0.5019167305576853
0.5020167338911297
0.5021167372245742
0.5022167405580186
0.5023167438914631
0.5024167472249075
0.5025167505583519
0.5026167538917964
0.5027167572252408
0.5028167605586853
0.5029167638921297
0.5030167672255742
0.5031167705590186
0.5032167738924631
0.5033167772259075
0.5034167805593519
0.5035167838927964
0.5036167872262408
0.5037167905596853
0.5038167938931297
0.5039167972265742
0.5040168005600186
0.5041168038934631
0.5042168072269075
0.5043168105603519
0.5044168138937964
0.5045168172272408
0.5046168205606854
0.5047168238941298
0.5048168272275743
0.5049168305610187
0.5050168338944632
0.5051168372279076
0.5052168405613521
0.5053168438947965
0.5054168472282409
0.5055168505616854
0.5056168538951298
0.5057168572285743
0.5058168605620187
0.5059168638954632
0.5060168672289076
0.5061168705623521
0.5062168738957965
0.5063168772292409
0.5064168805626854
0.5065168838961298
0.5066168872295743
0.5067168905630187
0.5068168938964632
0.5069168972299076
0.5070169005633521
0.5071169038967965
0.5072169072302409
0.5073169105636854
0.5074169138971298
0.5075169172305743
0.5076169205640187
0.5077169238974633
0.5078169272309077
0.5079169305643522
0.5080169338977966
0.5081169372312411
0.5082169405646855
0.5083169438981299
0.5084169472315744
0.5085169505650188
0.5086169538984633
0.5087169572319077
0.5088169605653522
0.5089169638987966
0.5090169672322411
0.5091169705656855
0.5092169738991299
0.5093169772325744
0.5094169805660188
0.5095169838994633
0.5096169872329077
0.5097169905663522
0.5098169938997966
0.5099169972332411
0.5100170005666855
0.5101170039001299
0.5102170072335744
0.5103170105670188
0.5104170139004633
0.5105170172339077
0.5106170205673523
0.5107170239007967
0.5108170272342412
0.5109170305676856
0.5110170339011301
0.5111170372345745
0.5112170405680189
0.5113170439014634
0.5114170472349078
0.5115170505683523
0.5116170539017967
0.5117170572352412
0.5118170605686856
0.5119170639021301
0.5120170672355745
0.5121170705690189
0.5122170739024634
0.5123170772359078
0.5124170805693523
0.5125170839027967
0.5126170872362412
0.5127170905696856
0.5128170939031301
0.5129170972365745
0.5130171005700189
0.5131171039034634
0.5132171072369078
0.5133171105703523
0.5134171139037967
0.5135171172372412
0.5136171205706856
0.5137171239041302
0.5138171272375746
0.5139171305710191
0.5140171339044635
0.5141171372379079
0.5142171405713524
0.5143171439047968
0.5144171472382413
0.5145171505716857
0.5146171539051302
0.5147171572385746
0.5148171605720191
0.5149171639054635
0.5150171672389079
0.5151171705723524
0.5152171739057968
0.5153171772392413
0.5154171805726857
0.5155171839061302
0.5156171872395746
0.5157171905730191
0.5158171939064635
0.5159171972399079
0.5160172005733524
0.5161172039067968
0.5162172072402413
0.5163172105736857
0.5164172139071302
0.5165172172405746
0.5166172205740192
0.5167172239074636
0.5168172272409081
0.5169172305743525
0.5170172339077969
0.5171172372412414
0.5172172405746858
0.5173172439081303
0.5174172472415747
0.5175172505750192
0.5176172539084636
0.5177172572419081
0.5178172605753525
0.5179172639087969
0.5180172672422414
0.5181172705756858
0.5182172739091303
0.5183172772425747
0.5184172805760192
0.5185172839094636
0.5186172872429081
0.5187172905763525
0.5188172939097969
0.5189172972432414
0.5190173005766858
0.5191173039101303
0.5192173072435747
0.5193173105770192
0.5194173139104636
0.5195173172439081
0.5196173205773525
0.5197173239107971
0.5198173272442415
0.5199173305776859
0.5200173339111304
0.5201173372445748
0.5202173405780193
0.5203173439114637
0.5204173472449082
0.5205173505783526
0.5206173539117971
0.5207173572452415
0.5208173605786859
0.5209173639121304
0.5210173672455748
0.5211173705790193
0.5212173739124637
0.5213173772459082
0.5214173805793526
0.5215173839127971
0.5216173872462415
0.5217173905796859
0.5218173939131304
0.5219173972465748
0.5220174005800193
0.5221174039134637
0.5222174072469082
0.5223174105803526
0.5224174139137971
0.5225174172472415
0.522617420580686
0.5227174239141305
0.5228174272475749
0.5229174305810194
0.5230174339144638
0.5231174372479083
0.5232174405813527
0.5233174439147972
0.5234174472482416
0.5235174505816861
0.5236174539151305
0.5237174572485749
0.5238174605820194
0.5239174639154638
0.5240174672489083
0.5241174705823527
0.5242174739157972
0.5243174772492416
0.5244174805826861
0.5245174839161305
0.5246174872495749
0.5247174905830194
0.5248174939164638
0.5249174972499083
0.5250175005833527
0.5251175039167972
0.5252175072502416
0.5253175105836861
0.5254175139171305
0.525517517250575
0.5256175205840194
0.5257175239174638
0.5258175272509084
0.5259175305843528
0.5260175339177973
0.5261175372512417
0.5262175405846862
0.5263175439181306
0.5264175472515751
0.5265175505850195
0.5266175539184639
0.5267175572519084
0.5268175605853528
0.5269175639187973
0.5270175672522417
0.5271175705856862
0.5272175739191306
0.5273175772525751
0.5274175805860195
0.5275175839194639
0.5276175872529084
0.5277175905863528
0.5278175939197973
0.5279175972532417
0.5280176005866862
0.5281176039201306
0.5282176072535751
0.5283176105870195
0.528417613920464
0.5285176172539084
0.5286176205873528
0.5287176239207974
0.5288176272542418
0.5289176305876863
0.5290176339211307
0.5291176372545752
0.5292176405880196
0.5293176439214641
0.5294176472549085
0.5295176505883529
0.5296176539217974
0.5297176572552418
0.5298176605886863
0.5299176639221307
0.5300176672555752
0.5301176705890196
0.5302176739224641
0.5303176772559085
0.5304176805893529
0.5305176839227974
0.5306176872562418
0.5307176905896863
0.5308176939231307
0.5309176972565752
0.5310177005900196
0.5311177039234641
0.5312177072569085
0.531317710590353
0.5314177139237974
0.5315177172572418
0.5316177205906863
0.5317177239241307
0.5318177272575753
0.5319177305910197
0.5320177339244642
0.5321177372579086
0.5322177405913531
0.5323177439247975
0.5324177472582419
0.5325177505916864
0.5326177539251308
0.5327177572585753
0.5328177605920197
0.5329177639254642
0.5330177672589086
0.5331177705923531
0.5332177739257975
0.5333177772592419
0.5334177805926864
0.5335177839261308
0.5336177872595753
0.5337177905930197
0.5338177939264642
0.5339177972599086
0.5340178005933531
0.5341178039267975
0.534217807260242
0.5343178105936864
0.5344178139271308
0.5345178172605753
0.5346178205940197
0.5347178239274643
0.5348178272609087
0.5349178305943532
0.5350178339277976
0.5351178372612421
0.5352178405946865
0.5353178439281309
0.5354178472615754
0.5355178505950198
0.5356178539284643
0.5357178572619087
0.5358178605953532
0.5359178639287976
0.5360178672622421
0.5361178705956865
0.5362178739291309
0.5363178772625754
0.5364178805960198
0.5365178839294643
0.5366178872629087
0.5367178905963532
0.5368178939297976
0.5369178972632421
0.5370179005966865
0.537117903930131
0.5372179072635754
0.5373179105970198
0.5374179139304643
0.5375179172639087
0.5376179205973532
0.5377179239307976
0.5378179272642422
0.5379179305976866
0.5380179339311311
0.5381179372645755
0.5382179405980199
0.5383179439314644
0.5384179472649088
0.5385179505983533
0.5386179539317977
0.5387179572652422
0.5388179605986866
0.5389179639321311
0.5390179672655755
0.5391179705990199
0.5392179739324644
0.5393179772659088
0.5394179805993533
0.5395179839327977
0.5396179872662422
0.5397179905996866
0.5398179939331311
0.5399179972665755
0.54001800060002
0.5401180039334644
0.5402180072669088
0.5403180106003533
0.5404180139337977
0.5405180172672422
0.5406180206006866
0.5407180239341312
0.5408180272675756
0.5409180306010201
0.5410180339344645
0.5411180372679089
0.5412180406013534
0.5413180439347978
0.5414180472682423
0.5415180506016867
0.5416180539351312
0.5417180572685756
0.5418180606020201
0.5419180639354645
0.5420180672689089
0.5421180706023534
0.5422180739357978
0.5423180772692423
0.5424180806026867
0.5425180839361312
0.5426180872695756
0.5427180906030201
0.5428180939364645
0.542918097269909
0.5430181006033534
0.5431181039367978
0.5432181072702423
0.5433181106036867
0.5434181139371312
0.5435181172705756
0.5436181206040201
0.5437181239374645
0.5438181272709091
0.5439181306043535
0.5440181339377979
0.5441181372712424
0.5442181406046868
0.5443181439381313
0.5444181472715757
0.5445181506050202
0.5446181539384646
0.5447181572719091
0.5448181606053535
0.5449181639387979
0.5450181672722424
0.5451181706056868
0.5452181739391313
0.5453181772725757
0.5454181806060202
0.5455181839394646
0.5456181872729091
0.5457181906063535
0.545818193939798
0.5459181972732424
0.5460182006066868
0.5461182039401313
0.5462182072735757
0.5463182106070202
0.5464182139404646
0.5465182172739091
0.5466182206073535
0.546718223940798
0.5468182272742425
0.5469182306076869
0.5470182339411314
0.5471182372745758
0.5472182406080203
0.5473182439414647
0.5474182472749092
0.5475182506083536
0.5476182539417981
0.5477182572752425
0.5478182606086869
0.5479182639421314
0.5480182672755758
0.5481182706090203
0.5482182739424647
0.5483182772759092
0.5484182806093536
0.5485182839427981
0.5486182872762425
0.548718290609687
0.5488182939431314
0.5489182972765758
0.5490183006100203
0.5491183039434647
0.5492183072769092
0.5493183106103536
0.5494183139437981
0.5495183172772425
0.549618320610687
0.5497183239441314
0.5498183272775758
0.5499183306110204
0.5500183339444648
0.5501183372779093
0.5502183406113537
0.5503183439447982
0.5504183472782426
0.5505183506116871
0.5506183539451315
0.5507183572785759
0.5508183606120204
0.5509183639454648
0.5510183672789093
0.5511183706123537
0.5512183739457982
0.5513183772792426
0.5514183806126871
0.5515183839461315
0.551618387279576
0.5517183906130204
0.5518183939464648
0.5519183972799093
0.5520184006133537
0.5521184039467982
0.5522184072802426
0.5523184106136871
0.5524184139471315
0.552518417280576
0.5526184206140204
0.5527184239474648
0.5528184272809094
0.5529184306143538
0.5530184339477983
0.5531184372812427
0.5532184406146872
0.5533184439481316
0.5534184472815761
0.5535184506150205
0.5536184539484649
0.5537184572819094
0.5538184606153538
0.5539184639487983
0.5540184672822427
0.5541184706156872
0.5542184739491316
0.5543184772825761
0.5544184806160205
0.554518483949465
0.5546184872829094
0.5547184906163538
0.5548184939497983
0.5549184972832427
0.5550185006166872
0.5551185039501316
0.5552185072835761
0.5553185106170205
0.555418513950465
0.5555185172839094
0.5556185206173538
0.5557185239507983
0.5558185272842427
0.5559185306176873
0.5560185339511317
0.5561185372845762
0.5562185406180206
0.5563185439514651
0.5564185472849095
0.5565185506183539
0.5566185539517984
0.5567185572852428
0.5568185606186873
0.5569185639521317
0.5570185672855762
0.5571185706190206
0.5572185739524651
0.5573185772859095
0.557418580619354
0.5575185839527984
0.5576185872862428
0.5577185906196873
0.5578185939531317
0.5579185972865762
0.5580186006200206
0.5581186039534651
0.5582186072869095
0.558318610620354
0.5584186139537984
0.5585186172872428
0.5586186206206873
0.5587186239541317
0.5588186272875763
0.5589186306210207
0.5590186339544652
0.5591186372879096
0.5592186406213541
0.5593186439547985
0.5594186472882429
0.5595186506216874
0.5596186539551318
0.5597186572885763
0.5598186606220207
0.5599186639554652
0.5600186672889096
0.5601186706223541
0.5602186739557985
0.560318677289243
0.5604186806226874
0.5605186839561318
0.5606186872895763
0.5607186906230207
0.5608186939564652
0.5609186972899096
0.5610187006233541
0.5611187039567985
0.561218707290243
0.5613187106236874
0.5614187139571318
0.5615187172905763
0.5616187206240207
0.5617187239574652
0.5618187272909096
0.5619187306243542
0.5620187339577986
0.5621187372912431
0.5622187406246875
0.5623187439581319
0.5624187472915764
0.5625187506250208
0.5626187539584653
0.5627187572919097
0.5628187606253542
0.5629187639587986
0.5630187672922431
0.5631187706256875
0.5632187739591319
0.5633187772925764
0.5634187806260208
0.5635187839594653
0.5636187872929097
0.5637187906263542
0.5638187939597986
0.5639187972932431
0.5640188006266875
0.564118803960132
0.5642188072935764
0.5643188106270208
0.5644188139604653
0.5645188172939097
0.5646188206273542
0.5647188239607986
0.5648188272942432
0.5649188306276876
0.5650188339611321
0.5651188372945765
0.5652188406280209
0.5653188439614654
0.5654188472949098
0.5655188506283543
0.5656188539617987
0.5657188572952432
0.5658188606286876
0.5659188639621321
0.5660188672955765
0.5661188706290209
0.5662188739624654
0.5663188772959098
0.5664188806293543
0.5665188839627987
0.5666188872962432
0.5667188906296876
0.5668188939631321
0.5669188972965765
0.567018900630021
0.5671189039634654
0.5672189072969098
0.5673189106303543
0.5674189139637987
0.5675189172972432
0.5676189206306876
0.5677189239641321
0.5678189272975765
0.5679189306310211
0.5680189339644655
0.5681189372979099
0.5682189406313544
0.5683189439647988
0.5684189472982433
0.5685189506316877
0.5686189539651322
0.5687189572985766
0.5688189606320211
0.5689189639654655
0.5690189672989099
0.5691189706323544
0.5692189739657988
0.5693189772992433
0.5694189806326877
0.5695189839661322
0.5696189872995766
0.5697189906330211
0.5698189939664655
0.56991899729991
0.5700190006333544
0.5701190039667988
0.5702190073002433
0.5703190106336877
0.5704190139671322
0.5705190173005766
0.5706190206340211
0.5707190239674655
0.57081902730091
0.5709190306343545
0.5710190339677989
0.5711190373012434
0.5712190406346878
0.5713190439681323
0.5714190473015767
0.5715190506350212
0.5716190539684656
0.5717190573019101
0.5718190606353545
0.5719190639687989
0.5720190673022434
0.5721190706356878
0.5722190739691323
0.5723190773025767
0.5724190806360212
0.5725190839694656
0.5726190873029101
0.5727190906363545
0.572819093969799
0.5729190973032434
0.5730191006366878
0.5731191039701323
0.5732191073035767
0.5733191106370212
0.5734191139704656
0.5735191173039101
0.5736191206373545
0.573719123970799
0.5738191273042434
0.5739191306376878
0.5740191339711324
0.5741191373045768
0.5742191406380213
0.5743191439714657
0.5744191473049102
0.5745191506383546
0.5746191539717991
0.5747191573052435
0.5748191606386879
0.5749191639721324
0.5750191673055768
0.5751191706390213
0.5752191739724657
0.5753191773059102
0.5754191806393546
0.5755191839727991
0.5756191873062435
0.575719190639688
0.5758191939731324
0.5759191973065768
0.5760192006400213
0.5761192039734657
0.5762192073069102
0.5763192106403546
0.5764192139737991
0.5765192173072435
0.576619220640688
0.5767192239741324
0.5768192273075768
0.5769192306410214
0.5770192339744658
0.5771192373079103
0.5772192406413547
0.5773192439747992
0.5774192473082436
0.5775192506416881
0.5776192539751325
0.5777192573085769
0.5778192606420214
0.5779192639754658
0.5780192673089103
0.5781192706423547
0.5782192739757992
0.5783192773092436
0.5784192806426881
0.5785192839761325
0.578619287309577
0.5787192906430214
0.5788192939764658
0.5789192973099103
0.5790193006433547
0.5791193039767992
0.5792193073102436
0.5793193106436881
0.5794193139771325
0.579519317310577
0.5796193206440214
0.5797193239774658
0.5798193273109103
0.5799193306443547
0.5800193339777993
0.5801193373112437
0.5802193406446882
0.5803193439781326
0.5804193473115771
0.5805193506450215
0.5806193539784659
0.5807193573119104
0.5808193606453548
0.5809193639787993
0.5810193673122437
0.5811193706456882
0.5812193739791326
0.5813193773125771
0.5814193806460215
0.581519383979466
0.5816193873129104
0.5817193906463548
0.5818193939797993
0.5819193973132437
0.5820194006466882
0.5821194039801326
0.5822194073135771
0.5823194106470215
0.582419413980466
0.5825194173139104
0.5826194206473548
0.5827194239807993
0.5828194273142437
0.5829194306476883
0.5830194339811327
0.5831194373145772
0.5832194406480216
0.5833194439814661
0.5834194473149105
0.5835194506483549
0.5836194539817994
0.5837194573152438
0.5838194606486883
0.5839194639821327
0.5840194673155772
0.5841194706490216
0.5842194739824661
0.5843194773159105
0.584419480649355
0.5845194839827994
0.5846194873162438
0.5847194906496883
0.5848194939831327
0.5849194973165772
0.5850195006500216
0.5851195039834661
0.5852195073169105
0.585319510650355
0.5854195139837994
0.5855195173172438
0.5856195206506883
0.5857195239841327
0.5858195273175772
0.5859195306510216
0.5860195339844662
0.5861195373179106
0.5862195406513551
0.5863195439847995
0.5864195473182439
0.5865195506516884
0.5866195539851328
0.5867195573185773
0.5868195606520217
0.5869195639854662
0.5870195673189106
0.5871195706523551
0.5872195739857995
0.587319577319244
0.5874195806526884
0.5875195839861328
0.5876195873195773
0.5877195906530217
0.5878195939864662
0.5879195973199106
0.5880196006533551
0.5881196039867995
0.588219607320244
0.5883196106536884
0.5884196139871328
0.5885196173205773
0.5886196206540217
0.5887196239874662
0.5888196273209106
0.5889196306543552
0.5890196339877996
0.5891196373212441
0.5892196406546885
0.5893196439881329
0.5894196473215774
0.5895196506550218
0.5896196539884663
0.5897196573219107
0.5898196606553552
0.5899196639887996
0.5900196673222441
0.5901196706556885
0.590219673989133
0.5903196773225774
0.5904196806560218
0.5905196839894663
0.5906196873229107
0.5907196906563552
0.5908196939897996
0.5909196973232441
0.5910197006566885
0.591119703990133
0.5912197073235774
0.5913197106570218
0.5914197139904663
0.5915197173239107
0.5916197206573552
0.5917197239907996
0.5918197273242441
0.5919197306576885
0.5920197339911331
0.5921197373245775
0.5922197406580219
0.5923197439914664
0.5924197473249108
0.5925197506583553
0.5926197539917997
0.5927197573252442
0.5928197606586886
0.5929197639921331
0.5930197673255775
0.593119770659022
0.5932197739924664
0.5933197773259108
0.5934197806593553
0.5935197839927997
0.5936197873262442
0.5937197906596886
0.5938197939931331
0.5939197973265775
0.594019800660022
0.5941198039934664
0.5942198073269108
0.5943198106603553
0.5944198139937997
0.5945198173272442
0.5946198206606886
0.5947198239941331
0.5948198273275775
0.594919830661022
0.5950198339944665
0.5951198373279109
0.5952198406613554
0.5953198439947998
0.5954198473282443
0.5955198506616887
0.5956198539951332
0.5957198573285776
0.5958198606620221
0.5959198639954665
0.596019867328911
0.5961198706623554
0.5962198739957998
0.5963198773292443
0.5964198806626887
0.5965198839961332
0.5966198873295776
0.5967198906630221
0.5968198939964665
0.596919897329911
0.5970199006633554
0.5971199039967998
0.5972199073302443
0.5973199106636887
0.5974199139971332
0.5975199173305776
0.5976199206640221
0.5977199239974665
0.597819927330911
0.5979199306643554
0.5980199339977998
0.5981199373312444
0.5982199406646888
0.5983199439981333
0.5984199473315777
0.5985199506650222
0.5986199539984666
0.5987199573319111
0.5988199606653555
0.5989199639988
0.5990199673322444
0.5991199706656888
0.5992199739991333
0.5993199773325777
0.5994199806660222
0.5995199839994666
0.5996199873329111
0.5997199906663555
0.5998199939998
0.5999199973332444
0.6000200006666888
0.6001200040001333
0.6002200073335777
0.6003200106670222
0.6004200140004666
0.6005200173339111
0.6006200206673555
0.6007200240008
0.6008200273342444
0.6009200306676888
0.6010200340011334
0.6011200373345778
0.6012200406680223
0.6013200440014667
0.6014200473349112
0.6015200506683556
0.6016200540018001
0.6017200573352445
0.601820060668689
0.6019200640021334
0.6020200673355778
0.6021200706690223
0.6022200740024667
0.6023200773359112
0.6024200806693556
0.6025200840028001
0.6026200873362445
0.602720090669689
0.6028200940031334
0.6029200973365778
0.6030201006700223
0.6031201040034667
0.6032201073369112
0.6033201106703556
0.6034201140038001
0.6035201173372445
0.603620120670689
0.6037201240041334
0.6038201273375778
0.6039201306710223
0.6040201340044667
0.6041201373379113
0.6042201406713557
0.6043201440048002
0.6044201473382446
0.6045201506716891
0.6046201540051335
0.604720157338578
0.6048201606720224
0.6049201640054668
0.6050201673389113
0.6051201706723557
0.6052201740058002
0.6053201773392446
0.6054201806726891
0.6055201840061335
0.605620187339578
0.6057201906730224
0.6058201940064668
0.6059201973399113
0.6060202006733557
0.6061202040068002
0.6062202073402446
0.6063202106736891
0.6064202140071335
0.606520217340578
0.6066202206740224
0.6067202240074668
0.6068202273409113
0.6069202306743557
0.6070202340078003
0.6071202373412447
0.6072202406746892
0.6073202440081336
0.6074202473415781
0.6075202506750225
0.607620254008467
0.6077202573419114
0.6078202606753558
0.6079202640088003
0.6080202673422447
0.6081202706756892
0.6082202740091336
0.6083202773425781
0.6084202806760225
0.608520284009467
0.6086202873429114
0.6087202906763558
0.6088202940098003
0.6089202973432447
0.6090203006766892
0.6091203040101336
0.6092203073435781
0.6093203106770225
0.609420314010467
0.6095203173439114
0.6096203206773558
0.6097203240108003
0.6098203273442447
0.6099203306776892
0.6100203340111336
0.6101203373445782
0.6102203406780226
0.6103203440114671
0.6104203473449115
0.610520350678356
0.6106203540118004
0.6107203573452448
0.6108203606786893
0.6109203640121337
0.6110203673455782
0.6111203706790226
0.6112203740124671
0.6113203773459115
0.611420380679356
0.6115203840128004
0.6116203873462448
0.6117203906796893
0.6118203940131337
0.6119203973465782
0.6120204006800226
0.6121204040134671
0.6122204073469115
0.612320410680356
0.6124204140138004
0.6125204173472448
0.6126204206806893
0.6127204240141337
0.6128204273475782
0.6129204306810226
0.6130204340144672
0.6131204373479116
0.6132204406813561
0.6133204440148005
0.613420447348245
0.6135204506816894
0.6136204540151338
0.6137204573485783
0.6138204606820227
0.6139204640154672
0.6140204673489116
0.6141204706823561
0.6142204740158005
0.614320477349245
0.6144204806826894
0.6145204840161338
0.6146204873495783
0.6147204906830227
0.6148204940164672
0.6149204973499116
0.6150205006833561
0.6151205040168005
0.615220507350245
0.6153205106836894
0.6154205140171338
0.6155205173505783
0.6156205206840227
0.6157205240174672
0.6158205273509116
0.6159205306843561
0.6160205340178005
0.6161205373512451
0.6162205406846895
0.616320544018134
0.6164205473515784
0.6165205506850228
0.6166205540184673
0.6167205573519117
0.6168205606853562
0.6169205640188006
0.6170205673522451
0.6171205706856895
0.617220574019134
0.6173205773525784
0.6174205806860228
0.6175205840194673
0.6176205873529117
0.6177205906863562
0.6178205940198006
0.6179205973532451
0.6180206006866895
0.618120604020134
0.6182206073535784
0.6183206106870228
0.6184206140204673
0.6185206173539117
0.6186206206873562
0.6187206240208006
0.6188206273542451
0.6189206306876895
0.619020634021134
0.6191206373545785
0.619220640688023
0.6193206440214674
0.6194206473549118
0.6195206506883563
0.6196206540218007
0.6197206573552452
0.6198206606886896
0.6199206640221341
0.6200206673555785
0.620120670689023
0.6202206740224674
0.6203206773559118
0.6204206806893563
0.6205206840228007
0.6206206873562452
0.6207206906896896
0.6208206940231341
0.6209206973565785
0.621020700690023
0.6211207040234674
0.6212207073569118
0.6213207106903563
0.6214207140238007
0.6215207173572452
0.6216207206906896
0.6217207240241341
0.6218207273575785
0.621920730691023
0.6220207340244674
0.622120737357912
0.6222207406913564
0.6223207440248008
0.6224207473582453
0.6225207506916897
0.6226207540251342
0.6227207573585786
0.6228207606920231
0.6229207640254675
0.623020767358912
0.6231207706923564
0.6232207740258008
0.6233207773592453
0.6234207806926897
0.6235207840261342
0.6236207873595786
0.6237207906930231
0.6238207940264675
0.623920797359912
0.6240208006933564
0.6241208040268008
0.6242208073602453
0.6243208106936897
0.6244208140271342
0.6245208173605786
0.6246208206940231
0.6247208240274675
0.624820827360912
0.6249208306943564
0.625020834027801
0.6251208373612454
0.6252208406946898
0.6253208440281343
0.6254208473615787
0.6255208506950232
0.6256208540284676
0.6257208573619121
0.6258208606953565
0.625920864028801
0.6260208673622454
0.6261208706956898
0.6262208740291343
0.6263208773625787
0.6264208806960232
0.6265208840294676
0.6266208873629121
0.6267208906963565
0.626820894029801
0.6269208973632454
0.6270209006966898
0.6271209040301343
0.6272209073635787
0.6273209106970232
0.6274209140304676
0.6275209173639121
0.6276209206973565
0.627720924030801
0.6278209273642454
0.62792093069769
0.6280209340311343
0.6281209373645787
0.6282209406980233
0.6283209440314677
0.6284209473649122
0.6285209506983566
0.6286209540318011
0.6287209573652455
0.62882096069869
0.6289209640321344
0.6290209673655788
0.6291209706990233
0.6292209740324677
0.6293209773659122
0.6294209806993566
0.6295209840328011
0.6296209873662455
0.62972099069969
0.6298209940331344
0.6299209973665788
0.6300210007000233
0.6301210040334677
0.6302210073669122
0.6303210107003566
0.6304210140338011
0.6305210173672455
0.63062102070069
0.6307210240341344
0.630821027367579
0.6309210307010233
0.6310210340344677
0.6311210373679123
0.6312210407013567
0.6313210440348012
0.6314210473682456
0.6315210507016901
0.6316210540351345
0.631721057368579
0.6318210607020234
0.6319210640354678
0.6320210673689123
0.6321210707023567
0.6322210740358012
0.6323210773692456
0.6324210807026901
0.6325210840361345
0.632621087369579
0.6327210907030234
0.6328210940364678
0.6329210973699123
0.6330211007033567
0.6331211040368012
0.6332211073702456
0.6333211107036901
0.6334211140371345
0.633521117370579
0.6336211207040234
0.6337211240374679
0.6338211273709123
0.6339211307043567
0.6340211340378012
0.6341211373712456
0.6342211407046902
0.6343211440381346
0.6344211473715791
0.6345211507050235
0.634621154038468
0.6347211573719124
0.6348211607053568
0.6349211640388013
0.6350211673722457
0.6351211707056902
0.6352211740391346
0.6353211773725791
0.6354211807060235
0.635521184039468
0.6356211873729124
0.6357211907063568
0.6358211940398013
0.6359211973732457
0.6360212007066902
0.6361212040401346
0.6362212073735791
0.6363212107070235
0.636421214040468
0.6365212173739124
0.6366212207073569
0.6367212240408013
0.6368212273742457
0.6369212307076902
0.6370212340411346
0.6371212373745792
0.6372212407080236
0.6373212440414681
0.6374212473749125
0.637521250708357
0.6376212540418014
0.6377212573752458
0.6378212607086903
0.6379212640421347
0.6380212673755792
0.6381212707090236
0.6382212740424681
0.6383212773759125
0.638421280709357
0.6385212840428014
0.6386212873762458
0.6387212907096903
0.6388212940431347
0.6389212973765792
0.6390213007100236
0.6391213040434681
0.6392213073769125
0.639321310710357
0.6394213140438014
0.6395213173772459
0.6396213207106903
0.6397213240441347
0.6398213273775792
0.6399213307110236
0.6400213340444681
0.6401213373779125
0.6402213407113571
0.6403213440448015
0.640421347378246
0.6405213507116904
0.6406213540451348
0.6407213573785793
0.6408213607120237
0.6409213640454682
0.6410213673789126
0.6411213707123571
0.6412213740458015
0.641321377379246
0.6414213807126904
0.6415213840461348
0.6416213873795793
0.6417213907130237
0.6418213940464682
0.6419213973799126
0.6420214007133571
0.6421214040468015
0.642221407380246
0.6423214107136904
0.6424214140471349
0.6425214173805793
0.6426214207140237
0.6427214240474682
0.6428214273809126
0.6429214307143571
0.6430214340478015
0.643121437381246
0.6432214407146905
0.643321444048135
0.6434214473815794
0.6435214507150238
0.6436214540484683
0.6437214573819127
0.6438214607153572
0.6439214640488016
0.6440214673822461
0.6441214707156905
0.644221474049135
0.6443214773825794
0.6444214807160238
0.6445214840494683
0.6446214873829127
0.6447214907163572
0.6448214940498016
0.6449214973832461
0.6450215007166905
0.645121504050135
0.6452215073835794
0.6453215107170239
0.6454215140504683
0.6455215173839127
0.6456215207173572
0.6457215240508016
0.6458215273842461
0.6459215307176905
0.646021534051135
0.6461215373845794
0.646221540718024
0.6463215440514684
0.6464215473849128
0.6465215507183573
0.6466215540518017
0.6467215573852462
0.6468215607186906
0.6469215640521351
0.6470215673855795
0.647121570719024
0.6472215740524684
0.6473215773859128
0.6474215807193573
0.6475215840528017
0.6476215873862462
0.6477215907196906
0.6478215940531351
0.6479215973865795
0.648021600720024
0.6481216040534684
0.6482216073869129
0.6483216107203573
0.6484216140538017
0.6485216173872462
0.6486216207206906
0.6487216240541351
0.6488216273875795
0.648921630721024
0.6490216340544684
0.649121637387913
0.6492216407213574
0.6493216440548017
0.6494216473882463
0.6495216507216907
0.6496216540551352
0.6497216573885796
0.6498216607220241
0.6499216640554685
0.650021667388913
0.6501216707223574
0.6502216740558018
0.6503216773892463
0.6504216807226907
0.6505216840561352
0.6506216873895796
0.6507216907230241
0.6508216940564685
0.650921697389913
0.6510217007233574
0.6511217040568019
0.6512217073902463
0.6513217107236907
0.6514217140571352
0.6515217173905796
0.6516217207240241
0.6517217240574685
0.651821727390913
0.6519217307243574
0.652021734057802
0.6521217373912463
0.6522217407246907
0.6523217440581353
0.6524217473915797
0.6525217507250242
0.6526217540584686
0.6527217573919131
0.6528217607253575
0.652921764058802
0.6530217673922464
0.6531217707256908
0.6532217740591353
0.6533217773925797
0.6534217807260242
0.6535217840594686
0.6536217873929131
0.6537217907263575
0.653821794059802
0.6539217973932464
0.6540218007266909
0.6541218040601353
0.6542218073935797
0.6543218107270242
0.6544218140604686
0.6545218173939131
0.6546218207273575
0.654721824060802
0.6548218273942464
0.654921830727691
0.6550218340611353
0.6551218373945797
0.6552218407280243
0.6553218440614687
0.6554218473949132
0.6555218507283576
0.6556218540618021
0.6557218573952465
0.655821860728691
0.6559218640621354
0.6560218673955798
0.6561218707290243
0.6562218740624687
0.6563218773959132
0.6564218807293576
0.6565218840628021
0.6566218873962465
0.656721890729691
0.6568218940631354
0.6569218973965799
0.6570219007300243
0.6571219040634687
0.6572219073969132
0.6573219107303576
0.6574219140638021
0.6575219173972465
0.657621920730691
0.6577219240641354
0.6578219273975799
0.6579219307310243
0.6580219340644687
0.6581219373979132
0.6582219407313576
0.6583219440648022
0.6584219473982466
0.6585219507316911
0.6586219540651355
0.65872195739858
0.6588219607320244
0.6589219640654688
0.6590219673989133
0.6591219707323577
0.6592219740658022
0.6593219773992466
0.6594219807326911
0.6595219840661355
0.65962198739958
0.6597219907330244
0.6598219940664689
0.6599219973999133
0.6600220007333577
0.6601220040668022
0.6602220074002466
0.6603220107336911
0.6604220140671355
0.66052201740058
0.6606220207340244
0.6607220240674689
0.6608220274009133
0.6609220307343577
0.6610220340678022
0.6611220374012466
0.6612220407346912
0.6613220440681356
0.6614220474015801
0.6615220507350245
0.661622054068469
0.6617220574019134
0.6618220607353578
0.6619220640688023
0.6620220674022467
0.6621220707356912
0.6622220740691356
0.6623220774025801
0.6624220807360245
0.662522084069469
0.6626220874029134
0.6627220907363579
0.6628220940698023
0.6629220974032467
0.6630221007366912
0.6631221040701356
0.6632221074035801
0.6633221107370245
0.663422114070469
0.6635221174039134
0.6636221207373579
0.6637221240708023
0.6638221274042467
0.6639221307376912
0.6640221340711356
0.6641221374045801
0.6642221407380245
0.6643221440714691
0.6644221474049135
0.664522150738358
0.6646221540718024
0.6647221574052468
0.6648221607386913
0.6649221640721357
0.6650221674055802
0.6651221707390246
0.6652221740724691
0.6653221774059135
0.665422180739358
0.6655221840728024
0.6656221874062469
0.6657221907396913
0.6658221940731357
0.6659221974065802
0.6660222007400246
0.6661222040734691
0.6662222074069135
0.666322210740358
0.6664222140738024
0.6665222174072469
0.6666222207406913
0.6667222240741357
0.6668222274075802
0.6669222307410246
0.6670222340744691
0.6671222374079135
0.667222240741358
0.6673222440748025
0.667422247408247
0.6675222507416914
0.6676222540751358
0.6677222574085803
0.6678222607420247
0.6679222640754692
0.6680222674089136
0.6681222707423581
0.6682222740758025
0.668322277409247
0.6684222807426914
0.6685222840761358
0.6686222874095803
0.6687222907430247
0.6688222940764692
0.6689222974099136
0.6690223007433581
0.6691223040768025
0.669222307410247
0.6693223107436914
0.6694223140771359
0.6695223174105803
0.6696223207440247
0.6697223240774692
0.6698223274109136
0.6699223307443581
0.6700223340778025
0.670122337411247
0.6702223407446914
0.670322344078136
0.6704223474115804
0.6705223507450248
0.6706223540784693
0.6707223574119137
0.6708223607453582
0.6709223640788026
0.6710223674122471
0.6711223707456915
0.671222374079136
0.6713223774125804
0.6714223807460248
0.6715223840794693
0.6716223874129137
0.6717223907463582
0.6718223940798026
0.6719223974132471
0.6720224007466915
0.672122404080136
0.6722224074135804
0.6723224107470249
0.6724224140804693
0.6725224174139137
0.6726224207473582
0.6727224240808026
0.6728224274142471
0.6729224307476915
0.673022434081136
0.6731224374145804
0.673222440748025
0.6733224440814694
0.6734224474149137
0.6735224507483583
0.6736224540818027
0.6737224574152472
0.6738224607486916
0.6739224640821361
0.6740224674155805
0.674122470749025
0.6742224740824694
0.6743224774159138
0.6744224807493583
0.6745224840828027
0.6746224874162472
0.6747224907496916
0.6748224940831361
0.6749224974165805
0.675022500750025
0.6751225040834694
0.6752225074169139
0.6753225107503583
0.6754225140838027
0.6755225174172472
0.6756225207506916
0.6757225240841361
0.6758225274175805
0.675922530751025
0.6760225340844694
0.676122537417914
0.6762225407513583
0.6763225440848027
0.6764225474182473
0.6765225507516917
0.6766225540851362
0.6767225574185806
0.6768225607520251
0.6769225640854695
0.677022567418914
0.6771225707523584
0.6772225740858028
0.6773225774192473
0.6774225807526917
0.6775225840861362
0.6776225874195806
0.6777225907530251
0.6778225940864695
0.677922597419914
0.6780226007533584
0.6781226040868029
0.6782226074202473
0.6783226107536917
0.6784226140871362
0.6785226174205806
0.6786226207540251
0.6787226240874695
0.678822627420914
0.6789226307543584
0.679022634087803
0.6791226374212473
0.6792226407546917
0.6793226440881363
0.6794226474215806
0.6795226507550252
0.6796226540884696
0.6797226574219141
0.6798226607553585
0.679922664088803
0.6800226674222474
0.6801226707556918
0.6802226740891363
0.6803226774225807
0.6804226807560252
0.6805226840894696
0.6806226874229141
0.6807226907563585
0.680822694089803
0.6809226974232474
0.6810227007566919
0.6811227040901363
0.6812227074235807
0.6813227107570252
0.6814227140904696
0.6815227174239141
0.6816227207573585
0.681722724090803
0.6818227274242474
0.6819227307576919
0.6820227340911363
0.6821227374245807
0.6822227407580252
0.6823227440914696
0.6824227474249142
0.6825227507583586
0.6826227540918031
0.6827227574252475
0.682822760758692
0.6829227640921364
0.6830227674255808
0.6831227707590253
0.6832227740924697
0.6833227774259142
0.6834227807593586
0.6835227840928031
0.6836227874262475
0.683722790759692
0.6838227940931364
0.6839227974265809
0.6840228007600253
0.6841228040934697
0.6842228074269142
0.6843228107603586
0.6844228140938031
0.6845228174272475
0.684622820760692
0.6847228240941364
0.6848228274275809
0.6849228307610253
0.6850228340944697
0.6851228374279142
0.6852228407613586
0.6853228440948032
0.6854228474282476
0.6855228507616921
0.6856228540951365
0.685722857428581
0.6858228607620254
0.6859228640954698
0.6860228674289143
0.6861228707623587
0.6862228740958032
0.6863228774292476
0.6864228807626921
0.6865228840961365
0.686622887429581
0.6867228907630254
0.6868228940964699
0.6869228974299143
0.6870229007633587
0.6871229040968032
0.6872229074302476
0.6873229107636921
0.6874229140971365
0.687522917430581
0.6876229207640254
0.6877229240974699
0.6878229274309143
0.6879229307643587
0.6880229340978032
0.6881229374312476
0.6882229407646921
0.6883229440981365
0.6884229474315811
0.6885229507650255
0.68862295409847
0.6887229574319144
0.6888229607653588
0.6889229640988033
0.6890229674322477
0.6891229707656922
0.6892229740991366
0.6893229774325811
0.6894229807660255
0.68952298409947
0.6896229874329144
0.6897229907663589
0.6898229940998033
0.6899229974332477
0.6900230007666922
0.6901230041001366
0.6902230074335811
0.6903230107670255
0.69042301410047
0.6905230174339144
0.6906230207673589
0.6907230241008033
0.6908230274342477
0.6909230307676922
0.6910230341011366
0.6911230374345811
0.6912230407680255
0.69132304410147
0.6914230474349145
0.691523050768359
0.6916230541018034
0.6917230574352478
0.6918230607686923
0.6919230641021367
0.6920230674355812
0.6921230707690256
0.6922230741024701
0.6923230774359145
0.692423080769359
0.6925230841028034
0.6926230874362479
0.6927230907696923
0.6928230941031367
0.6929230974365812
0.6930231007700256
0.6931231041034701
0.6932231074369145
0.693323110770359
0.6934231141038034
0.6935231174372479
0.6936231207706923
0.6937231241041367
0.6938231274375812
0.6939231307710256
0.6940231341044701
0.6941231374379145
0.694223140771359
0.6943231441048034
0.694423147438248
0.6945231507716924
0.6946231541051368
0.6947231574385813
0.6948231607720257
0.6949231641054702
0.6950231674389146
0.6951231707723591
0.6952231741058035
0.695323177439248
0.6954231807726924
0.6955231841061369
0.6956231874395813
0.6957231907730257
0.6958231941064702
0.6959231974399146
0.6960232007733591
0.6961232041068035
0.696223207440248
0.6963232107736924
0.6964232141071369
0.6965232174405813
0.6966232207740257
0.6967232241074702
0.6968232274409146
0.6969232307743591
0.6970232341078035
0.697123237441248
0.6972232407746924
0.697323244108137
0.6974232474415814
0.6975232507750257
0.6976232541084703
0.6977232574419147
0.6978232607753592
0.6979232641088036
0.6980232674422481
0.6981232707756925
0.698223274109137
0.6983232774425814
0.6984232807760259
0.6985232841094703
0.6986232874429147
0.6987232907763592
0.6988232941098036
0.6989232974432481
0.6990233007766925
0.699123304110137
0.6992233074435814
0.6993233107770259
0.6994233141104703
0.6995233174439147
0.6996233207773592
0.6997233241108036
0.6998233274442481
0.6999233307776925
0.700023334111137
0.7001233374445814
0.700223340778026
0.7003233441114703
0.7004233474449147
0.7005233507783593
0.7006233541118037
0.7007233574452482
0.7008233607786926
0.7009233641121371
0.7010233674455815
0.701123370779026
0.7012233741124704
0.7013233774459149
0.7014233807793593
0.7015233841128037
0.7016233874462482
0.7017233907796926
0.7018233941131371
0.7019233974465815
0.702023400780026
0.7021234041134704
0.7022234074469149
0.7023234107803593
0.7024234141138037
0.7025234174472482
0.7026234207806926
0.7027234241141371
0.7028234274475815
0.702923430781026
0.7030234341144704
0.703123437447915
0.7032234407813593
0.7033234441148037
0.7034234474482483
0.7035234507816926
0.7036234541151372
0.7037234574485816
0.7038234607820261
0.7039234641154705
0.704023467448915
0.7041234707823594
0.7042234741158039
0.7043234774492483
0.7044234807826927
0.7045234841161372
0.7046234874495816
0.7047234907830261
0.7048234941164705
0.704923497449915
0.7050235007833594
0.7051235041168039
0.7052235074502483
0.7053235107836927
0.7054235141171372
0.7055235174505816
0.7056235207840261
0.7057235241174705
0.705823527450915
0.7059235307843594
0.7060235341178039
0.7061235374512483
0.7062235407846927
0.7063235441181372
0.7064235474515816
0.7065235507850262
0.7066235541184706
0.7067235574519151
0.7068235607853595
0.706923564118804
0.7070235674522484
0.7071235707856929
0.7072235741191373
0.7073235774525817
0.7074235807860262
0.7075235841194706
0.7076235874529151
0.7077235907863595
0.707823594119804
0.7079235974532484
0.7080236007866929
0.7081236041201373
0.7082236074535817
0.7083236107870262
0.7084236141204706
0.7085236174539151
0.7086236207873595
0.708723624120804
0.7088236274542484
0.7089236307876929
0.7090236341211373
0.7091236374545817
0.7092236407880262
0.7093236441214706
0.7094236474549152
0.7095236507883596
0.7096236541218041
0.7097236574552485
0.709823660788693
0.7099236641221374
0.7100236674555819
0.7101236707890263
0.7102236741224707
0.7103236774559152
0.7104236807893596
0.7105236841228041
0.7106236874562485
0.710723690789693
0.7108236941231374
0.7109236974565819
0.7110237007900263
0.7111237041234707
0.7112237074569152
0.7113237107903596
0.7114237141238041
0.7115237174572485
0.711623720790693
0.7117237241241374
0.7118237274575819
0.7119237307910263
0.7120237341244707
0.7121237374579152
0.7122237407913596
0.7123237441248041
0.7124237474582485
0.7125237507916931
0.7126237541251375
0.712723757458582
0.7128237607920264
0.7129237641254709
0.7130237674589153
0.7131237707923597
0.7132237741258042
0.7133237774592486
0.7134237807926931
0.7135237841261375
0.713623787459582
0.7137237907930264
0.7138237941264709
0.7139237974599153
0.7140238007933597
0.7141238041268042
0.7142238074602486
0.7143238107936931
0.7144238141271375
0.714523817460582
0.7146238207940264
0.7147238241274709
0.7148238274609153
0.7149238307943597
0.7150238341278042
0.7151238374612486
0.7152238407946931
0.7153238441281375
0.715423847461582
0.7155238507950265
0.715623854128471
0.7157238574619154
0.7158238607953599
0.7159238641288043
0.7160238674622487
0.7161238707956932
0.7162238741291376
0.7163238774625821
0.7164238807960265
0.716523884129471
0.7166238874629154
0.7167238907963599
0.7168238941298043
0.7169238974632487
0.7170239007966932
0.7171239041301376
0.7172239074635821
0.7173239107970265
0.717423914130471
0.7175239174639154
0.7176239207973599
0.7177239241308043
0.7178239274642487
0.7179239307976932
0.7180239341311376
0.7181239374645821
0.7182239407980265
0.718323944131471
0.7184239474649154
0.71852395079836
0.7186239541318044
0.7187239574652489
0.7188239607986933
0.7189239641321377
0.7190239674655822
0.7191239707990266
0.7192239741324711
0.7193239774659155
0.71942398079936
0.7195239841328044
0.7196239874662489
0.7197239907996933
0.7198239941331377
0.7199239974665822
0.7200240008000266
0.7201240041334711
0.7202240074669155
0.72032401080036
0.7204240141338044
0.7205240174672489
0.7206240208006933
0.7207240241341377
0.7208240274675822
0.7209240308010266
0.7210240341344711
0.7211240374679155
0.72122404080136
0.7213240441348044
0.721424047468249
0.7215240508016934
0.7216240541351379
0.7217240574685823
0.7218240608020267
0.7219240641354712
0.7220240674689156
0.7221240708023601
0.7222240741358045
0.722324077469249
0.7224240808026934
0.7225240841361379
0.7226240874695823
0.7227240908030267
0.7228240941364712
0.7229240974699156
0.7230241008033601
0.7231241041368045
0.723224107470249
0.7233241108036934
0.7234241141371379
0.7235241174705823
0.7236241208040267
0.7237241241374712
0.7238241274709156
0.7239241308043601
0.7240241341378045
0.724124137471249
0.7242241408046934
0.724324144138138
0.7244241474715823
0.7245241508050269
0.7246241541384713
0.7247241574719157
0.7248241608053602
0.7249241641388046
0.7250241674722491
0.7251241708056935
0.725224174139138
0.7253241774725824
0.7254241808060269
0.7255241841394713
0.7256241874729157
0.7257241908063602
0.7258241941398046
0.7259241974732491
0.7260242008066935
0.726124204140138
0.7262242074735824
0.7263242108070269
0.7264242141404713
0.7265242174739157
0.7266242208073602
0.7267242241408046
0.7268242274742491
0.7269242308076935
0.727024234141138
0.7271242374745824
0.727224240808027
0.7273242441414713
0.7274242474749159
0.7275242508083603
0.7276242541418046
0.7277242574752492
0.7278242608086936
0.7279242641421381
0.7280242674755825
0.728124270809027
0.7282242741424714
0.7283242774759159
0.7284242808093603
0.7285242841428047
0.7286242874762492
0.7287242908096936
0.7288242941431381
0.7289242974765825
0.729024300810027
0.7291243041434714
0.7292243074769159
0.7293243108103603
0.7294243141438047
0.7295243174772492
0.7296243208106936
0.7297243241441381
0.7298243274775825
0.729924330811027
0.7300243341444714
0.7301243374779159
0.7302243408113603
0.7303243441448048
0.7304243474782492
0.7305243508116936
0.7306243541451382
0.7307243574785826
0.7308243608120271
0.7309243641454715
0.731024367478916
0.7311243708123604
0.7312243741458049
0.7313243774792493
0.7314243808126937
0.7315243841461382
0.7316243874795826
0.7317243908130271
0.7318243941464715
0.731924397479916
0.7320244008133604
0.7321244041468049
0.7322244074802493
0.7323244108136937
0.7324244141471382
0.7325244174805826
0.7326244208140271
0.7327244241474715
0.732824427480916
0.7329244308143604
0.7330244341478049
0.7331244374812493
0.7332244408146938
0.7333244441481382
0.7334244474815826
0.7335244508150272
0.7336244541484715
0.7337244574819161
0.7338244608153605
0.733924464148805
0.7340244674822494
0.7341244708156939
0.7342244741491383
0.7343244774825827
0.7344244808160272
0.7345244841494716
0.7346244874829161
0.7347244908163605
0.734824494149805
0.7349244974832494
0.7350245008166939
0.7351245041501383
0.7352245074835827
0.7353245108170272
0.7354245141504716
0.7355245174839161
0.7356245208173605
0.735724524150805
0.7358245274842494
0.7359245308176939
0.7360245341511383
0.7361245374845828
0.7362245408180272
0.7363245441514716
0.7364245474849161
0.7365245508183605
0.736624554151805
0.7367245574852495
0.736824560818694
0.7369245641521384
0.7370245674855829
0.7371245708190273
0.7372245741524717
0.7373245774859162
0.7374245808193606
0.7375245841528051
0.7376245874862495
0.737724590819694
0.7378245941531384
0.7379245974865829
0.7380246008200273
0.7381246041534717
0.7382246074869162
0.7383246108203606
0.7384246141538051
0.7385246174872495
0.738624620820694
0.7387246241541384
0.7388246274875829
0.7389246308210273
0.7390246341544718
0.7391246374879162
0.7392246408213606
0.7393246441548051
0.7394246474882495
0.739524650821694
0.7396246541551385
0.739724657488583
0.7398246608220274
0.7399246641554719
0.7400246674889163
0.7401246708223607
0.7402246741558052
0.7403246774892496
0.7404246808226941
0.7405246841561385
0.740624687489583
0.7407246908230274
0.7408246941564719
0.7409246974899163
0.7410247008233607
0.7411247041568052
0.7412247074902496
0.7413247108236941
0.7414247141571385
0.741524717490583
0.7416247208240274
0.7417247241574719
0.7418247274909163
0.7419247308243608
0.7420247341578052
0.7421247374912496
0.7422247408246941
0.7423247441581385
0.742424747491583
0.7425247508250274
0.742624754158472
0.7427247574919164
0.7428247608253609
0.7429247641588053
0.7430247674922497
0.7431247708256942
0.7432247741591386
0.7433247774925831
0.7434247808260275
0.743524784159472
0.7436247874929164
0.7437247908263609
0.7438247941598053
0.7439247974932497
0.7440248008266942
0.7441248041601386
0.7442248074935831
0.7443248108270275
0.744424814160472
0.7445248174939164
0.7446248208273609
0.7447248241608053
0.7448248274942498
0.7449248308276942
0.7450248341611386
0.7451248374945831
0.7452248408280275
0.745324844161472
0.7454248474949164
0.745524850828361
0.7456248541618054
0.7457248574952499
0.7458248608286943
0.7459248641621387
0.7460248674955832
0.7461248708290276
0.7462248741624721
0.7463248774959165
0.746424880829361
0.7465248841628054
0.7466248874962499
0.7467248908296943
0.7468248941631387
0.7469248974965832
0.7470249008300276
0.7471249041634721
0.7472249074969165
0.747324910830361
0.7474249141638054
0.7475249174972499
0.7476249208306943
0.7477249241641388
0.7478249274975832
0.7479249308310276
0.7480249341644721
0.7481249374979165
0.748224940831361
0.7483249441648054
0.74842494749825
0.7485249508316943
0.7486249541651389
0.7487249574985833
0.7488249608320277
0.7489249641654722
0.7490249674989166
0.7491249708323611
0.7492249741658055
0.74932497749925
0.7494249808326944
0.7495249841661389
0.7496249874995833
0.7497249908330277
0.7498249941664722
0.7499249974999166
0.7500250008333611
0.7501250041668055
0.75022500750025
0.7503250108336944
0.7504250141671389
0.7505250175005833
0.7506250208340278
0.7507250241674722
0.7508250275009166
0.7509250308343611
0.7510250341678055
0.75112503750125
0.7512250408346944
0.751325044168139
0.7514250475015833
0.7515250508350279
0.7516250541684723
0.7517250575019166
0.7518250608353612
0.7519250641688056
0.7520250675022501
0.7521250708356945
0.752225074169139
0.7523250775025834
0.7524250808360279
0.7525250841694723
0.7526250875029167
0.7527250908363612
0.7528250941698056
0.7529250975032501
0.7530251008366945
0.753125104170139
0.7532251075035834
0.7533251108370279
0.7534251141704723
0.7535251175039168
0.7536251208373612
0.7537251241708056
0.7538251275042501
0.7539251308376945
0.754025134171139
0.7541251375045834
0.7542251408380279
0.7543251441714723
0.7544251475049168
0.7545251508383612
0.7546251541718056
0.7547251575052502
0.7548251608386946
0.7549251641721391
0.7550251675055835
0.755125170839028
0.7552251741724724
0.7553251775059169
0.7554251808393613
0.7555251841728057
0.7556251875062502
0.7557251908396946
0.7558251941731391
0.7559251975065835
0.756025200840028
0.7561252041734724
0.7562252075069169
0.7563252108403613
0.7564252141738058
0.7565252175072502
0.7566252208406946
0.7567252241741391
0.7568252275075835
0.756925230841028
0.7570252341744724
0.7571252375079169
0.7572252408413613
0.7573252441748058
0.7574252475082502
0.7575252508416946
0.7576252541751392
0.7577252575085835
0.7578252608420281
0.7579252641754725
0.758025267508917
0.7581252708423614
0.7582252741758059
0.7583252775092503
0.7584252808426947
0.7585252841761392
0.7586252875095836
0.7587252908430281
0.7588252941764725
0.758925297509917
0.7590253008433614
0.7591253041768059
0.7592253075102503
0.7593253108436948
0.7594253141771392
0.7595253175105836
0.7596253208440281
0.7597253241774725
0.759825327510917
0.7599253308443614
0.7600253341778059
0.7601253375112503
0.7602253408446948
0.7603253441781392
0.7604253475115836
0.7605253508450281
0.7606253541784725
0.760725357511917
0.7608253608453615
0.760925364178806
0.7610253675122504
0.7611253708456949
0.7612253741791393
0.7613253775125837
0.7614253808460282
0.7615253841794726
0.7616253875129171
0.7617253908463615
0.761825394179806
0.7619253975132504
0.7620254008466949
0.7621254041801393
0.7622254075135838
0.7623254108470282
0.7624254141804726
0.7625254175139171
0.7626254208473615
0.762725424180806
0.7628254275142504
0.7629254308476949
0.7630254341811393
0.7631254375145838
0.7632254408480282
0.7633254441814726
0.7634254475149171
0.7635254508483615
0.763625454181806
0.7637254575152504
0.763825460848695
0.7639254641821394
0.7640254675155839
0.7641254708490283
0.7642254741824727
0.7643254775159172
0.7644254808493616
0.7645254841828061
0.7646254875162505
0.764725490849695
0.7648254941831394
0.7649254975165839
0.7650255008500283
0.7651255041834728
0.7652255075169172
0.7653255108503616
0.7654255141838061
0.7655255175172505
0.765625520850695
0.7657255241841394
0.7658255275175839
0.7659255308510283
0.7660255341844728
0.7661255375179172
0.7662255408513616
0.7663255441848061
0.7664255475182505
0.766525550851695
0.7666255541851394
0.766725557518584
0.7668255608520284
0.7669255641854729
0.7670255675189173
0.7671255708523617
0.7672255741858062
0.7673255775192506
0.7674255808526951
0.7675255841861395
0.767625587519584
0.7677255908530284
0.7678255941864729
0.7679255975199173
0.7680256008533617
0.7681256041868062
0.7682256075202506
0.7683256108536951
0.7684256141871395
0.768525617520584
0.7686256208540284
0.7687256241874729
0.7688256275209173
0.7689256308543618
0.7690256341878062
0.7691256375212506
0.7692256408546951
0.7693256441881395
0.769425647521584
0.7695256508550284
0.769625654188473
0.7697256575219174
0.7698256608553619
0.7699256641888063
0.7700256675222507
0.7701256708556952
0.7702256741891396
0.7703256775225841
0.7704256808560285
0.770525684189473
0.7706256875229174
0.7707256908563619
0.7708256941898063
0.7709256975232507
0.7710257008566952
0.7711257041901396
0.7712257075235841
0.7713257108570285
0.771425714190473
0.7715257175239174
0.7716257208573619
0.7717257241908063
0.7718257275242508
0.7719257308576952
0.7720257341911396
0.7721257375245841
0.7722257408580285
0.772325744191473
0.7724257475249174
0.772525750858362
0.7726257541918063
0.7727257575252509
0.7728257608586953
0.7729257641921397
0.7730257675255842
0.7731257708590286
0.7732257741924731
0.7733257775259175
0.773425780859362
0.7735257841928064
0.7736257875262509
0.7737257908596953
0.7738257941931397
0.7739257975265842
0.7740258008600286
0.7741258041934731
0.7742258075269175
0.774325810860362
0.7744258141938064
0.7745258175272509
0.7746258208606953
0.7747258241941398
0.7748258275275842
0.7749258308610286
0.7750258341944731
0.7751258375279175
0.775225840861362
0.7753258441948064
0.7754258475282509
0.7755258508616953
0.7756258541951399
0.7757258575285843
0.7758258608620286
0.7759258641954732
0.7760258675289176
0.7761258708623621
0.7762258741958065
0.776325877529251
0.7764258808626954
0.7765258841961399
0.7766258875295843
0.7767258908630287
0.7768258941964732
0.7769258975299176
0.7770259008633621
0.7771259041968065
0.777225907530251
0.7773259108636954
0.7774259141971399
0.7775259175305843
0.7776259208640288
0.7777259241974732
0.7778259275309176
0.7779259308643621
0.7780259341978065
0.778125937531251
0.7782259408646954
0.7783259441981399
0.7784259475315843
0.7785259508650288
0.7786259541984732
0.7787259575319176
0.7788259608653622
0.7789259641988066
0.7790259675322511
0.7791259708656955
0.77922597419914
0.7793259775325844
0.7794259808660289
0.7795259841994733
0.7796259875329177
0.7797259908663622
0.7798259941998066
0.7799259975332511
0.7800260008666955
0.78012600420014
0.7802260075335844
0.7803260108670289
0.7804260142004733
0.7805260175339178
0.7806260208673622
0.7807260242008066
0.7808260275342511
0.7809260308676955
0.78102603420114
0.7811260375345844
0.7812260408680289
0.7813260442014733
0.7814260475349178
0.7815260508683622
0.7816260542018066
0.7817260575352512
0.7818260608686955
0.7819260642021401
0.7820260675355845
0.782126070869029
0.7822260742024734
0.7823260775359179
0.7824260808693623
0.7825260842028067
0.7826260875362512
0.7827260908696956
0.7828260942031401
0.7829260975365845
0.783026100870029
0.7831261042034734
0.7832261075369179
0.7833261108703623
0.7834261142038068
0.7835261175372512
0.7836261208706956
0.7837261242041401
0.7838261275375845
0.783926130871029
0.7840261342044734
0.7841261375379179
0.7842261408713623
0.7843261442048068
0.7844261475382512
0.7845261508716956
0.7846261542051401
0.7847261575385845
0.784826160872029
0.7849261642054735
0.785026167538918
0.7851261708723624
0.7852261742058069
0.7853261775392513
0.7854261808726957
0.7855261842061402
0.7856261875395846
0.7857261908730291
0.7858261942064735
0.785926197539918
0.7860262008733624
0.7861262042068069
0.7862262075402513
0.7863262108736958
0.7864262142071402
0.7865262175405846
0.7866262208740291
0.7867262242074735
0.786826227540918
0.7869262308743624
0.7870262342078069
0.7871262375412513
0.7872262408746958
0.7873262442081402
0.7874262475415846
0.7875262508750291
0.7876262542084735
0.787726257541918
0.7878262608753624
0.787926264208807
0.7880262675422514
0.7881262708756959
0.7882262742091403
0.7883262775425847
0.7884262808760292
0.7885262842094736
0.7886262875429181
0.7887262908763625
0.788826294209807
0.7889262975432514
0.7890263008766959
0.7891263042101403
0.7892263075435848
0.7893263108770292
0.7894263142104736
0.7895263175439181
0.7896263208773625
0.789726324210807
0.7898263275442514
0.7899263308776959
0.7900263342111403
0.7901263375445848
0.7902263408780292
0.7903263442114736
0.7904263475449181
0.7905263508783625
0.790626354211807
0.7907263575452514
0.790826360878696
0.7909263642121404
0.7910263675455849
0.7911263708790293
0.7912263742124737
0.7913263775459182
0.7914263808793626
0.7915263842128071
0.7916263875462515
0.791726390879696
0.7918263942131404
0.7919263975465849
0.7920264008800293
0.7921264042134738
0.7922264075469182
0.7923264108803626
0.7924264142138071
0.7925264175472515
0.792626420880696
0.7927264242141404
0.7928264275475849
0.7929264308810293
0.7930264342144738
0.7931264375479182
0.7932264408813626
0.7933264442148071
0.7934264475482515
0.793526450881696
0.7936264542151404
0.793726457548585
0.7938264608820293
0.7939264642154739
0.7940264675489183
0.7941264708823627
0.7942264742158072
0.7943264775492516
0.7944264808826961
0.7945264842161405
0.794626487549585
0.7947264908830294
0.7948264942164739
0.7949264975499183
0.7950265008833628
0.7951265042168072
0.7952265075502516
0.7953265108836961
0.7954265142171405
0.795526517550585
0.7956265208840294
0.7957265242174739
0.7958265275509183
0.7959265308843628
0.7960265342178072
0.7961265375512516
0.7962265408846961
0.7963265442181405
0.796426547551585
0.7965265508850294
0.796626554218474
0.7967265575519183
0.7968265608853629
0.7969265642188073
0.7970265675522517
0.7971265708856962
0.7972265742191406
0.7973265775525851
0.7974265808860295
0.797526584219474
0.7976265875529184
0.7977265908863629
0.7978265942198073
0.7979265975532518
0.7980266008866962
0.7981266042201406
0.7982266075535851
0.7983266108870295
0.798426614220474
0.7985266175539184
0.7986266208873629
0.7987266242208073
0.7988266275542518
0.7989266308876962
0.7990266342211406
0.7991266375545851
0.7992266408880295
0.799326644221474
0.7994266475549184
0.7995266508883629
0.7996266542218073
0.7997266575552519
0.7998266608886963
0.7999266642221406
0.8000266675555852
0.8001266708890296
0.8002266742224741
0.8003266775559185
0.800426680889363
0.8005266842228074
0.8006266875562519
0.8007266908896963
0.8008266942231408
0.8009266975565852
0.8010267008900296
0.8011267042234741
0.8012267075569185
0.801326710890363
0.8014267142238074
0.8015267175572519
0.8016267208906963
0.8017267242241408
0.8018267275575852
0.8019267308910296
0.8020267342244741
0.8021267375579185
0.802226740891363
0.8023267442248074
0.8024267475582519
0.8025267508916963
0.8026267542251408
0.8027267575585852
0.8028267608920296
0.8029267642254742
0.8030267675589186
0.8031267708923631
0.8032267742258075
0.803326777559252
0.8034267808926964
0.8035267842261409
0.8036267875595853
0.8037267908930298
0.8038267942264742
0.8039267975599186
0.8040268008933631
0.8041268042268075
0.804226807560252
0.8043268108936964
0.8044268142271409
0.8045268175605853
0.8046268208940298
0.8047268242274742
0.8048268275609186
0.8049268308943631
0.8050268342278075
0.805126837561252
0.8052268408946964
0.8053268442281409
0.8054268475615853
0.8055268508950298
0.8056268542284742
0.8057268575619186
0.8058268608953632
0.8059268642288075
0.8060268675622521
0.8061268708956965
0.806226874229141
0.8063268775625854
0.8064268808960299
0.8065268842294743
0.8066268875629188
0.8067268908963632
0.8068268942298076
0.8069268975632521
0.8070269008966965
0.807126904230141
0.8072269075635854
0.8073269108970299
0.8074269142304743
0.8075269175639188
0.8076269208973632
0.8077269242308076
0.8078269275642521
0.8079269308976965
0.808026934231141
0.8081269375645854
0.8082269408980299
0.8083269442314743
0.8084269475649188
0.8085269508983632
0.8086269542318076
0.8087269575652521
0.8088269608986965
0.808926964232141
0.8090269675655855
0.80912697089903
0.8092269742324744
0.8093269775659189
0.8094269808993633
0.8095269842328078
0.8096269875662522
0.8097269908996966
0.8098269942331411
0.8099269975665855
0.81002700090003
0.8101270042334744
0.8102270075669189
0.8103270109003633
0.8104270142338078
0.8105270175672522
0.8106270209006966
0.8107270242341411
0.8108270275675855
0.81092703090103
0.8110270342344744
0.8111270375679189
0.8112270409013633
0.8113270442348078
0.8114270475682522
0.8115270509016966
0.8116270542351411
0.8117270575685855
0.81182706090203
0.8119270642354744
0.812027067568919
0.8121270709023634
0.8122270742358079
0.8123270775692523
0.8124270809026968
0.8125270842361412
0.8126270875695856
0.8127270909030301
0.8128270942364745
0.812927097569919
0.8130271009033634
0.8131271042368079
0.8132271075702523
0.8133271109036968
0.8134271142371412
0.8135271175705856
0.8136271209040301
0.8137271242374745
0.813827127570919
0.8139271309043634
0.8140271342378079
0.8141271375712523
0.8142271409046968
0.8143271442381412
0.8144271475715856
0.8145271509050301
0.8146271542384745
0.814727157571919
0.8148271609053634
0.814927164238808
0.8150271675722524
0.8151271709056969
0.8152271742391413
0.8153271775725858
0.8154271809060302
0.8155271842394746
0.8156271875729191
0.8157271909063635
0.815827194239808
0.8159271975732524
0.8160272009066969
0.8161272042401413
0.8162272075735858
0.8163272109070302
0.8164272142404746
0.8165272175739191
0.8166272209073635
0.816727224240808
0.8168272275742524
0.8169272309076969
0.8170272342411413
0.8171272375745858
0.8172272409080302
0.8173272442414746
0.8174272475749191
0.8175272509083635
0.817627254241808
0.8177272575752524
0.817827260908697
0.8179272642421413
0.8180272675755859
0.8181272709090303
0.8182272742424748
0.8183272775759192
0.8184272809093636
0.8185272842428081
0.8186272875762525
0.818727290909697
0.8188272942431414
0.8189272975765859
0.8190273009100303
0.8191273042434748
0.8192273075769192
0.8193273109103636
0.8194273142438081
0.8195273175772525
0.819627320910697
0.8197273242441414
0.8198273275775859
0.8199273309110303
0.8200273342444748
0.8201273375779192
0.8202273409113636
0.8203273442448081
0.8204273475782525
0.820527350911697
0.8206273542451414
0.820727357578586
0.8208273609120303
0.8209273642454749
0.8210273675789193
0.8211273709123638
0.8212273742458082
0.8213273775792526
0.8214273809126971
0.8215273842461415
0.821627387579586
0.8217273909130304
0.8218273942464749
0.8219273975799193
0.8220274009133638
0.8221274042468082
0.8222274075802526
0.8223274109136971
0.8224274142471415
0.822527417580586
0.8226274209140304
0.8227274242474749
0.8228274275809193
0.8229274309143638
0.8230274342478082
0.8231274375812526
0.8232274409146971
0.8233274442481415
0.823427447581586
0.8235274509150304
0.8236274542484749
0.8237274575819193
0.8238274609153639
0.8239274642488083
0.8240274675822528
0.8241274709156972
0.8242274742491416
0.8243274775825861
0.8244274809160305
0.824527484249475
0.8246274875829194
0.8247274909163639
0.8248274942498083
0.8249274975832528
0.8250275009166972
0.8251275042501416
0.8252275075835861
0.8253275109170305
0.825427514250475
0.8255275175839194
0.8256275209173639
0.8257275242508083
0.8258275275842528
0.8259275309176972
0.8260275342511416
0.8261275375845861
0.8262275409180305
0.826327544251475
0.8264275475849194
0.8265275509183639
0.8266275542518083
0.8267275575852528
0.8268275609186972
0.8269275642521418
0.8270275675855862
0.8271275709190306
0.8272275742524751
0.8273275775859195
0.827427580919364
0.8275275842528084
0.8276275875862529
0.8277275909196973
0.8278275942531418
0.8279275975865862
0.8280276009200306
0.8281276042534751
0.8282276075869195
0.828327610920364
0.8284276142538084
0.8285276175872529
0.8286276209206973
0.8287276242541418
0.8288276275875862
0.8289276309210306
0.8290276342544751
0.8291276375879195
0.829227640921364
0.8293276442548084
0.8294276475882529
0.8295276509216973
0.8296276542551418
0.8297276575885862
0.8298276609220308
0.8299276642554752
0.8300276675889195
0.8301276709223641
0.8302276742558085
0.830327677589253
0.8304276809226974
0.8305276842561419
0.8306276875895863
0.8307276909230308
0.8308276942564752
0.8309276975899196
0.8310277009233641
0.8311277042568085
0.831227707590253
0.8313277109236974
0.8314277142571419
0.8315277175905863
0.8316277209240308
0.8317277242574752
0.8318277275909196
0.8319277309243641
0.8320277342578085
0.832127737591253
0.8322277409246974
0.8323277442581419
0.8324277475915863
0.8325277509250308
0.8326277542584752
0.8327277575919197
0.8328277609253641
0.8329277642588085
0.833027767592253
0.8331277709256975
0.833227774259142
0.8333277775925864
0.8334277809260309
0.8335277842594753
0.8336277875929198
0.8337277909263642
0.8338277942598086
0.8339277975932531
0.8340278009266975
0.834127804260142
0.8342278075935864
0.8343278109270309
0.8344278142604753
0.8345278175939198
0.8346278209273642
0.8347278242608086
0.8348278275942531
0.8349278309276975
0.835027834261142
0.8351278375945864
0.8352278409280309
0.8353278442614753
0.8354278475949198
0.8355278509283642
0.8356278542618087
0.8357278575952531
0.8358278609286975
0.835927864262142
0.8360278675955864
0.836127870929031
0.8362278742624754
0.8363278775959199
0.8364278809293643
0.8365278842628088
0.8366278875962532
0.8367278909296976
0.8368278942631421
0.8369278975965865
0.837027900930031
0.8371279042634754
0.8372279075969199
0.8373279109303643
0.8374279142638088
0.8375279175972532
0.8376279209306976
0.8377279242641421
0.8378279275975865
0.837927930931031
0.8380279342644754
0.8381279375979199
0.8382279409313643
0.8383279442648088
0.8384279475982532
0.8385279509316977
0.8386279542651421
0.8387279575985865
0.838827960932031
0.8389279642654754
0.83902796759892
0.8391279709323644
0.8392279742658089
0.8393279775992533
0.8394279809326978
0.8395279842661422
0.8396279875995866
0.8397279909330311
0.8398279942664755
0.83992799759992
0.8400280009333644
0.8401280042668089
0.8402280076002533
0.8403280109336978
0.8404280142671422
0.8405280176005866
0.8406280209340311
0.8407280242674755
0.84082802760092
0.8409280309343644
0.8410280342678089
0.8411280376012533
0.8412280409346978
0.8413280442681422
0.8414280476015867
0.8415280509350311
0.8416280542684755
0.84172805760192
0.8418280609353644
0.841928064268809
0.8420280676022533
0.8421280709356979
0.8422280742691423
0.8423280776025868
0.8424280809360312
0.8425280842694756
0.8426280876029201
0.8427280909363645
0.842828094269809
0.8429280976032534
0.8430281009366979
0.8431281042701423
0.8432281076035868
0.8433281109370312
0.8434281142704756
0.8435281176039201
0.8436281209373645
0.843728124270809
0.8438281276042534
0.8439281309376979
0.8440281342711423
0.8441281376045868
0.8442281409380312
0.8443281442714757
0.8444281476049201
0.8445281509383645
0.844628154271809
0.8447281576052534
0.844828160938698
0.8449281642721423
0.8450281676055869
0.8451281709390313
0.8452281742724758
0.8453281776059202
0.8454281809393646
0.8455281842728091
0.8456281876062535
0.845728190939698
0.8458281942731424
0.8459281976065869
0.8460282009400313
0.8461282042734758
0.8462282076069202
0.8463282109403646
0.8464282142738091
0.8465282176072535
0.846628220940698
0.8467282242741424
0.8468282276075869
0.8469282309410313
0.8470282342744758
0.8471282376079202
0.8472282409413647
0.8473282442748091
0.8474282476082535
0.847528250941698
0.8476282542751424
0.8477282576085869
0.8478282609420313
0.8479282642754759
0.8480282676089202
0.8481282709423648
0.8482282742758092
0.8483282776092536
0.8484282809426981
0.8485282842761425
0.848628287609587
0.8487282909430314
0.8488282942764759
0.8489282976099203
0.8490283009433648
0.8491283042768092
0.8492283076102536
0.8493283109436981
0.8494283142771425
0.849528317610587
0.8496283209440314
0.8497283242774759
0.8498283276109203
0.8499283309443648
0.8500283342778092
0.8501283376112537
0.8502283409446981
0.8503283442781425
0.850428347611587
0.8505283509450314
0.8506283542784759
0.8507283576119203
0.8508283609453648
0.8509283642788092
0.8510283676122538
0.8511283709456982
0.8512283742791426
0.8513283776125871
0.8514283809460315
0.851528384279476
0.8516283876129204
0.8517283909463649
0.8518283942798093
0.8519283976132538
0.8520284009466982
0.8521284042801426
0.8522284076135871
0.8523284109470315
0.852428414280476
0.8525284176139204
0.8526284209473649
0.8527284242808093
0.8528284276142538
0.8529284309476982
0.8530284342811427
0.8531284376145871
0.8532284409480315
0.853328444281476
0.8534284476149204
0.8535284509483649
0.8536284542818093
0.8537284576152538
0.8538284609486982
0.8539284642821428
0.8540284676155872
0.8541284709490315
0.8542284742824761
0.8543284776159205
0.854428480949365
0.8545284842828094
0.8546284876162539
0.8547284909496983
0.8548284942831428
0.8549284976165872
0.8550285009500316
0.8551285042834761
0.8552285076169205
0.855328510950365
0.8554285142838094
0.8555285176172539
0.8556285209506983
0.8557285242841428
0.8558285276175872
0.8559285309510317
0.8560285342844761
0.8561285376179205
0.856228540951365
0.8563285442848094
0.8564285476182539
0.8565285509516983
0.8566285542851428
0.8567285576185872
0.8568285609520317
0.8569285642854761
0.8570285676189205
0.857128570952365
0.8572285742858095
0.857328577619254
0.8574285809526984
0.8575285842861429
0.8576285876195873
0.8577285909530318
0.8578285942864762
0.8579285976199206
0.8580286009533651
0.8581286042868095
0.858228607620254
0.8583286109536984
0.8584286142871429
0.8585286176205873
0.8586286209540318
0.8587286242874762
0.8588286276209207
0.8589286309543651
0.8590286342878095
0.859128637621254
0.8592286409546984
0.8593286442881429
0.8594286476215873
0.8595286509550318
0.8596286542884762
0.8597286576219207
0.8598286609553651
0.8599286642888095
0.860028667622254
0.8601286709556984
0.860228674289143
0.8603286776225874
0.8604286809560319
0.8605286842894763
0.8606286876229208
0.8607286909563652
0.8608286942898096
0.8609286976232541
0.8610287009566985
0.861128704290143
0.8612287076235874
0.8613287109570319
0.8614287142904763
0.8615287176239208
0.8616287209573652
0.8617287242908097
0.8618287276242541
0.8619287309576985
0.862028734291143
0.8621287376245874
0.8622287409580319
0.8623287442914763
0.8624287476249208
0.8625287509583652
0.8626287542918097
0.8627287576252541
0.8628287609586985
0.862928764292143
0.8630287676255874
0.863128770959032
0.8632287742924764
0.8633287776259209
0.8634287809593653
0.8635287842928098
0.8636287876262542
0.8637287909596986
0.8638287942931431
0.8639287976265875
0.864028800960032
0.8641288042934764
0.8642288076269209
0.8643288109603653
0.8644288142938098
0.8645288176272542
0.8646288209606987
0.8647288242941431
0.8648288276275875
0.864928830961032
0.8650288342944764
0.8651288376279209
0.8652288409613653
0.8653288442948098
0.8654288476282542
0.8655288509616987
0.8656288542951431
0.8657288576285875
0.865828860962032
0.8659288642954764
0.866028867628921
0.8661288709623653
0.8662288742958099
0.8663288776292543
0.8664288809626988
0.8665288842961432
0.8666288876295876
0.8667288909630321
0.8668288942964765
0.866928897629921
0.8670289009633654
0.8671289042968099
0.8672289076302543
0.8673289109636988
0.8674289142971432
0.8675289176305877
0.8676289209640321
0.8677289242974765
0.867828927630921
0.8679289309643654
0.8680289342978099
0.8681289376312543
0.8682289409646988
0.8683289442981432
0.8684289476315877
0.8685289509650321
0.8686289542984765
0.868728957631921
0.8688289609653654
0.86892896429881
0.8690289676322543
0.8691289709656989
0.8692289742991433
0.8693289776325878
0.8694289809660322
0.8695289842994766
0.8696289876329211
0.8697289909663655
0.86982899429981
0.8699289976332544
0.8700290009666989
0.8701290043001433
0.8702290076335878
0.8703290109670322
0.8704290143004767
0.8705290176339211
0.8706290209673655
0.87072902430081
0.8708290276342544
0.8709290309676989
0.8710290343011433
0.8711290376345878
0.8712290409680322
0.8713290443014767
0.8714290476349211
0.8715290509683655
0.87162905430181
0.8717290576352544
0.8718290609686989
0.8719290643021433
0.8720290676355879
0.8721290709690322
0.8722290743024768
0.8723290776359212
0.8724290809693656
0.8725290843028101
0.8726290876362545
0.872729090969699
0.8728290943031434
0.8729290976365879
0.8730291009700323
0.8731291043034768
0.8732291076369212
0.8733291109703656
0.8734291143038101
0.8735291176372545
0.873629120970699
0.8737291243041434
0.8738291276375879
0.8739291309710323
0.8740291343044768
0.8741291376379212
0.8742291409713657
0.8743291443048101
0.8744291476382545
0.874529150971699
0.8746291543051434
0.8747291576385879
0.8748291609720323
0.8749291643054768
0.8750291676389212
0.8751291709723658
0.8752291743058102
0.8753291776392546
0.8754291809726991
0.8755291843061435
0.875629187639588
0.8757291909730324
0.8758291943064769
0.8759291976399213
0.8760292009733658
0.8761292043068102
0.8762292076402546
0.8763292109736991
0.8764292143071435
0.876529217640588
0.8766292209740324
0.8767292243074769
0.8768292276409213
0.8769292309743658
0.8770292343078102
0.8771292376412547
0.8772292409746991
0.8773292443081435
0.877429247641588
0.8775292509750324
0.8776292543084769
0.8777292576419213
0.8778292609753658
0.8779292643088102
0.8780292676422548
0.8781292709756991
0.8782292743091435
0.8783292776425881
0.8784292809760325
0.878529284309477
0.8786292876429214
0.8787292909763659
0.8788292943098103
0.8789292976432548
0.8790293009766992
0.8791293043101436
0.8792293076435881
0.8793293109770325
0.879429314310477
0.8795293176439214
0.8796293209773659
0.8797293243108103
0.8798293276442548
0.8799293309776992
0.8800293343111437
0.8801293376445881
0.8802293409780325
0.880329344311477
0.8804293476449214
0.8805293509783659
0.8806293543118103
0.8807293576452548
0.8808293609786992
0.8809293643121437
0.8810293676455881
0.8811293709790325
0.881229374312477
0.8813293776459215
0.881429380979366
0.8815293843128104
0.8816293876462549
0.8817293909796993
0.8818293943131438
0.8819293976465882
0.8820294009800326
0.8821294043134771
0.8822294076469215
0.882329410980366
0.8824294143138104
0.8825294176472549
0.8826294209806993
0.8827294243141438
0.8828294276475882
0.8829294309810327
0.8830294343144771
0.8831294376479215
0.883229440981366
0.8833294443148104
0.8834294476482549
0.8835294509816993
0.8836294543151438
0.8837294576485882
0.8838294609820327
0.8839294643154771
0.8840294676489215
0.884129470982366
0.8842294743158104
0.884329477649255
0.8844294809826994
0.8845294843161439
0.8846294876495883
0.8847294909830328
0.8848294943164772
0.8849294976499216
0.8850295009833661
0.8851295043168105
0.885229507650255
0.8853295109836994
0.8854295143171439
0.8855295176505883
0.8856295209840328
0.8857295243174772
0.8858295276509217
0.8859295309843661
0.8860295343178105
0.886129537651255
0.8862295409846994
0.8863295443181439
0.8864295476515883
0.8865295509850328
0.8866295543184772
0.8867295576519217
0.8868295609853661
0.8869295643188105
0.887029567652255
0.8871295709856994
0.887229574319144
0.8873295776525884
0.8874295809860329
0.8875295843194773
0.8876295876529218
0.8877295909863662
0.8878295943198106
0.8879295976532551
0.8880296009866995
0.888129604320144
0.8882296076535884
0.8883296109870329
0.8884296143204773
0.8885296176539218
0.8886296209873662
0.8887296243208107
0.8888296276542551
0.8889296309876995
0.889029634321144
0.8891296376545884
0.8892296409880329
0.8893296443214773
0.8894296476549218
0.8895296509883662
0.8896296543218107
0.8897296576552551
0.8898296609886995
0.889929664322144
0.8900296676555884
0.890129670989033
0.8902296743224773
0.8903296776559219
0.8904296809893663
0.8905296843228108
0.8906296876562552
0.8907296909896996
0.8908296943231441
0.8909296976565885
0.891029700990033
0.8911297043234774
0.8912297076569219
0.8913297109903663
0.8914297143238108
0.8915297176572552
0.8916297209906997
0.8917297243241441
0.8918297276575885
0.891929730991033
0.8920297343244774
0.8921297376579219
0.8922297409913663
0.8923297443248108
0.8924297476582552
0.8925297509916997
0.8926297543251441
0.8927297576585885
0.892829760992033
0.8929297643254774
0.893029767658922
0.8931297709923663
0.8932297743258109
0.8933297776592553
0.8934297809926998
0.8935297843261442
0.8936297876595886
0.8937297909930331
0.8938297943264775
0.893929797659922
0.8940298009933664
0.8941298043268109
0.8942298076602553
0.8943298109936998
0.8944298143271442
0.8945298176605887
0.8946298209940331
0.8947298243274775
0.894829827660922
0.8949298309943664
0.8950298343278109
0.8951298376612553
0.8952298409946998
0.8953298443281442
0.8954298476615887
0.8955298509950331
0.8956298543284775
0.895729857661922
0.8958298609953664
0.8959298643288109
0.8960298676622553
0.8961298709956999
0.8962298743291442
0.8963298776625888
0.8964298809960332
0.8965298843294776
0.8966298876629221
0.8967298909963665
0.896829894329811
0.8969298976632554
0.8970299009966999
0.8971299043301443
0.8972299076635888
0.8973299109970332
0.8974299143304777
0.8975299176639221
0.8976299209973665
0.897729924330811
0.8978299276642554
0.8979299309976999
0.8980299343311443
0.8981299376645888
0.8982299409980332
0.8983299443314777
0.8984299476649221
0.8985299509983665
0.898629954331811
0.8987299576652554
0.8988299609986999
0.8989299643321443
0.8990299676655888
0.8991299709990332
0.8992299743324778
0.8993299776659222
0.8994299809993666
0.8995299843328111
0.8996299876662555
0.8997299909997
0.8998299943331444
0.8999299976665889
0.9000300010000333
0.9001300043334778
0.9002300076669222
0.9003300110003667
0.9004300143338111
0.9005300176672555
0.9006300210007
0.9007300243341444
0.9008300276675889
0.9009300310010333
0.9010300343344778
0.9011300376679222
0.9012300410013667
0.9013300443348111
0.9014300476682555
0.9015300510017
0.9016300543351444
0.9017300576685889
0.9018300610020333
0.9019300643354778
0.9020300676689222
0.9021300710023668
0.9022300743358111
0.9023300776692555
0.9024300810027001
0.9025300843361445
0.902630087669589
0.9027300910030334
0.9028300943364779
0.9029300976699223
0.9030301010033668
0.9031301043368112
0.9032301076702557
0.9033301110037001
0.9034301143371445
0.903530117670589
0.9036301210040334
0.9037301243374779
0.9038301276709223
0.9039301310043668
0.9040301343378112
0.9041301376712557
0.9042301410047001
0.9043301443381445
0.904430147671589
0.9045301510050334
0.9046301543384779
0.9047301576719223
0.9048301610053668
0.9049301643388112
0.9050301676722557
0.9051301710057001
0.9052301743391445
0.905330177672589
0.9054301810060335
0.905530184339478
0.9056301876729224
0.9057301910063669
0.9058301943398113
0.9059301976732558
0.9060302010067002
0.9061302043401447
0.9062302076735891
0.9063302110070335
0.906430214340478
0.9065302176739224
0.9066302210073669
0.9067302243408113
0.9068302276742558
0.9069302310077002
0.9070302343411447
0.9071302376745891
0.9072302410080335
0.907330244341478
0.9074302476749224
0.9075302510083669
0.9076302543418113
0.9077302576752558
0.9078302610087002
0.9079302643421447
0.9080302676755891
0.9081302710090335
0.908230274342478
0.9083302776759224
0.908430281009367
0.9085302843428114
0.9086302876762559
0.9087302910097003
0.9088302943431448
0.9089302976765892
0.9090303010100337
0.9091303043434781
0.9092303076769225
0.909330311010367
0.9094303143438114
0.9095303176772559
0.9096303210107003
0.9097303243441448
0.9098303276775892
0.9099303310110337
0.9100303343444781
0.9101303376779225
0.910230341011367
0.9103303443448114
0.9104303476782559
0.9105303510117003
0.9106303543451448
0.9107303576785892
0.9108303610120337
0.9109303643454781
0.9110303676789225
0.911130371012367
0.9112303743458114
0.911330377679256
0.9114303810127004
0.9115303843461449
0.9116303876795893
0.9117303910130338
0.9118303943464782
0.9119303976799227
0.9120304010133671
0.9121304043468115
0.912230407680256
0.9123304110137004
0.9124304143471449
0.9125304176805893
0.9126304210140338
0.9127304243474782
0.9128304276809227
0.9129304310143671
0.9130304343478115
0.913130437681256
0.9132304410147004
0.9133304443481449
0.9134304476815893
0.9135304510150338
0.9136304543484782
0.9137304576819227
0.9138304610153671
0.9139304643488115
0.914030467682256
0.9141304710157004
0.914230474349145
0.9143304776825893
0.9144304810160339
0.9145304843494783
0.9146304876829228
0.9147304910163672
0.9148304943498117
0.9149304976832561
0.9150305010167005
0.915130504350145
0.9152305076835894
0.9153305110170339
0.9154305143504783
0.9155305176839228
0.9156305210173672
0.9157305243508117
0.9158305276842561
0.9159305310177005
0.916030534351145
0.9161305376845894
0.9162305410180339
0.9163305443514783
0.9164305476849228
0.9165305510183672
0.9166305543518117
0.9167305576852561
0.9168305610187005
0.916930564352145
0.9170305676855894
0.917130571019034
0.9172305743524783
0.9173305776859229
0.9174305810193673
0.9175305843528118
0.9176305876862562
0.9177305910197007
0.9178305943531451
0.9179305976865895
0.918030601020034
0.9181306043534784
0.9182306076869229
0.9183306110203673
0.9184306143538118
0.9185306176872562
0.9186306210207007
0.9187306243541451
0.9188306276875895
0.918930631021034
0.9190306343544784
0.9191306376879229
0.9192306410213673
0.9193306443548118
0.9194306476882562
0.9195306510217007
0.9196306543551451
0.9197306576885895
0.919830661022034
0.9199306643554784
0.9200306676889229
0.9201306710223673
0.9202306743558119
0.9203306776892562
0.9204306810227008
0.9205306843561452
0.9206306876895897
0.9207306910230341
0.9208306943564785
0.920930697689923
0.9210307010233674
0.9211307043568119
0.9212307076902563
0.9213307110237008
0.9214307143571452
0.9215307176905897
0.9216307210240341
0.9217307243574785
0.921830727690923
0.9219307310243674
0.9220307343578119
0.9221307376912563
0.9222307410247008
0.9223307443581452
0.9224307476915897
0.9225307510250341
0.9226307543584785
0.922730757691923
0.9228307610253674
0.9229307643588119
0.9230307676922563
0.9231307710257008
0.9232307743591452
0.9233307776925898
0.9234307810260342
0.9235307843594787
0.9236307876929231
0.9237307910263675
0.923830794359812
0.9239307976932564
0.9240308010267009
0.9241308043601453
0.9242308076935898
0.9243308110270342
0.9244308143604787
0.9245308176939231
0.9246308210273675
0.924730824360812
0.9248308276942564
0.9249308310277009
0.9250308343611453
0.9251308376945898
0.9252308410280342
0.9253308443614787
0.9254308476949231
0.9255308510283675
0.925630854361812
0.9257308576952564
0.9258308610287009
0.9259308643621453
0.9260308676955898
0.9261308710290342
0.9262308743624788
0.9263308776959231
0.9264308810293677
0.9265308843628121
0.9266308876962565
0.926730891029701
0.9268308943631454
0.9269308976965899
0.9270309010300343
0.9271309043634788
0.9272309076969232
0.9273309110303677
0.9274309143638121
0.9275309176972565
0.927630921030701
0.9277309243641454
0.9278309276975899
0.9279309310310343
0.9280309343644788
0.9281309376979232
0.9282309410313677
0.9283309443648121
0.9284309476982565
0.928530951031701
0.9286309543651454
0.9287309576985899
0.9288309610320343
0.9289309643654788
0.9290309676989232
0.9291309710323677
0.9292309743658121
0.9293309776992567
0.929430981032701
0.9295309843661455
0.92963098769959
0.9297309910330344
0.9298309943664789
0.9299309976999233
0.9300310010333678
0.9301310043668122
0.9302310077002567
0.9303310110337011
0.9304310143671455
0.93053101770059
0.9306310210340344
0.9307310243674789
0.9308310277009233
0.9309310310343678
0.9310310343678122
0.9311310377012567
0.9312310410347011
0.9313310443681455
0.93143104770159
0.9315310510350344
0.9316310543684789
0.9317310577019233
0.9318310610353678
0.9319310643688122
0.9320310677022567
0.9321310710357011
0.9322310743691457
0.93233107770259
0.9324310810360344
0.932531084369479
0.9326310877029234
0.9327310910363679
0.9328310943698123
0.9329310977032568
0.9330311010367012
0.9331311043701457
0.9332311077035901
0.9333311110370345
0.933431114370479
0.9335311177039234
0.9336311210373679
0.9337311243708123
0.9338311277042568
0.9339311310377012
0.9340311343711457
0.9341311377045901
0.9342311410380345
0.934331144371479
0.9344311477049234
0.9345311510383679
0.9346311543718123
0.9347311577052568
0.9348311610387012
0.9349311643721457
0.9350311677055901
0.9351311710390346
0.935231174372479
0.9353311777059234
0.935431181039368
0.9355311843728124
0.9356311877062569
0.9357311910397013
0.9358311943731458
0.9359311977065902
0.9360312010400347
0.9361312043734791
0.9362312077069235
0.936331211040368
0.9364312143738124
0.9365312177072569
0.9366312210407013
0.9367312243741458
0.9368312277075902
0.9369312310410347
0.9370312343744791
0.9371312377079235
0.937231241041368
0.9373312443748124
0.9374312477082569
0.9375312510417013
0.9376312543751458
0.9377312577085902
0.9378312610420347
0.9379312643754791
0.9380312677089236
0.938131271042368
0.9382312743758124
0.938331277709257
0.9384312810427013
0.9385312843761459
0.9386312877095903
0.9387312910430348
0.9388312943764792
0.9389312977099237
0.9390313010433681
0.9391313043768125
0.939231307710257
0.9393313110437014
0.9394313143771459
0.9395313177105903
0.9396313210440348
0.9397313243774792
0.9398313277109237
0.9399313310443681
0.9400313343778125
0.940131337711257
0.9402313410447014
0.9403313443781459
0.9404313477115903
0.9405313510450348
0.9406313543784792
0.9407313577119237
0.9408313610453681
0.9409313643788126
0.941031367712257
0.9411313710457014
0.941231374379146
0.9413313777125903
0.9414313810460349
0.9415313843794793
0.9416313877129238
0.9417313910463682
0.9418313943798127
0.9419313977132571
0.9420314010467015
0.942131404380146
0.9422314077135904
0.9423314110470349
0.9424314143804793
0.9425314177139238
0.9426314210473682
0.9427314243808127
0.9428314277142571
0.9429314310477015
0.943031434381146
0.9431314377145904
0.9432314410480349
0.9433314443814793
0.9434314477149238
0.9435314510483682
0.9436314543818127
0.9437314577152571
0.9438314610487016
0.943931464382146
0.9440314677155904
0.9441314710490349
0.9442314743824793
0.9443314777159239
0.9444314810493682
0.9445314843828128
0.9446314877162572
0.9447314910497017
0.9448314943831461
0.9449314977165905
0.945031501050035
0.9451315043834794
0.9452315077169239
0.9453315110503683
0.9454315143838128
0.9455315177172572
0.9456315210507017
0.9457315243841461
0.9458315277175905
0.945931531051035
0.9460315343844794
0.9461315377179239
0.9462315410513683
0.9463315443848128
0.9464315477182572
0.9465315510517017
0.9466315543851461
0.9467315577185906
0.946831561052035
0.9469315643854794
0.9470315677189239
0.9471315710523683
0.9472315743858128
0.9473315777192572
0.9474315810527018
0.9475315843861462
0.9476315877195907
0.9477315910530351
0.9478315943864795
0.947931597719924
0.9480316010533684
0.9481316043868129
0.9482316077202573
0.9483316110537018
0.9484316143871462
0.9485316177205907
0.9486316210540351
0.9487316243874795
0.948831627720924
0.9489316310543684
0.9490316343878129
0.9491316377212573
0.9492316410547018
0.9493316443881462
0.9494316477215907
0.9495316510550351
0.9496316543884796
0.949731657721924
0.9498316610553684
0.9499316643888129
0.9500316677222573
0.9501316710557018
0.9502316743891462
0.9503316777225908
0.9504316810560351
0.9505316843894797
0.9506316877229241
0.9507316910563685
0.950831694389813
0.9509316977232574
0.9510317010567019
0.9511317043901463
0.9512317077235908
0.9513317110570352
0.9514317143904797
0.9515317177239241
0.9516317210573685
0.951731724390813
0.9518317277242574
0.9519317310577019
0.9520317343911463
0.9521317377245908
0.9522317410580352
0.9523317443914797
0.9524317477249241
0.9525317510583686
0.952631754391813
0.9527317577252574
0.9528317610587019
0.9529317643921463
0.9530317677255908
0.9531317710590352
0.9532317743924797
0.9533317777259241
0.9534317810593687
0.953531784392813
0.9536317877262575
0.953731791059702
0.9538317943931464
0.9539317977265909
0.9540318010600353
0.9541318043934798
0.9542318077269242
0.9543318110603687
0.9544318143938131
0.9545318177272575
0.954631821060702
0.9547318243941464
0.9548318277275909
0.9549318310610353
0.9550318343944798
0.9551318377279242
0.9552318410613687
0.9553318443948131
0.9554318477282576
0.955531851061702
0.9556318543951464
0.9557318577285909
0.9558318610620353
0.9559318643954798
0.9560318677289242
0.9561318710623687
0.9562318743958131
0.9563318777292577
0.956431881062702
0.9565318843961464
0.956631887729591
0.9567318910630354
0.9568318943964799
0.9569318977299243
0.9570319010633688
0.9571319043968132
0.9572319077302577
0.9573319110637021
0.9574319143971465
0.957531917730591
0.9576319210640354
0.9577319243974799
0.9578319277309243
0.9579319310643688
0.9580319343978132
0.9581319377312577
0.9582319410647021
0.9583319443981466
0.958431947731591
0.9585319510650354
0.9586319543984799
0.9587319577319243
0.9588319610653688
0.9589319643988132
0.9590319677322577
0.9591319710657021
0.9592319743991466
0.959331977732591
0.9594319810660354
0.95953198439948
0.9596319877329244
0.9597319910663689
0.9598319943998133
0.9599319977332578
0.9600320010667022
0.9601320044001467
0.9602320077335911
0.9603320110670355
0.96043201440048
0.9605320177339244
0.9606320210673689
0.9607320244008133
0.9608320277342578
0.9609320310677022
0.9610320344011467
0.9611320377345911
0.9612320410680356
0.96133204440148
0.9614320477349244
0.9615320510683689
0.9616320544018133
0.9617320577352578
0.9618320610687022
0.9619320644021467
0.9620320677355911
0.9621320710690356
0.96223207440248
0.9623320777359244
0.962432081069369
0.9625320844028133
0.9626320877362579
0.9627320910697023
0.9628320944031468
0.9629320977365912
0.9630321010700357
0.9631321044034801
0.9632321077369245
0.963332111070369
0.9634321144038134
0.9635321177372579
0.9636321210707023
0.9637321244041468
0.9638321277375912
0.9639321310710357
0.9640321344044801
0.9641321377379246
0.964232141071369
0.9643321444048134
0.9644321477382579
0.9645321510717023
0.9646321544051468
0.9647321577385912
0.9648321610720357
0.9649321644054801
0.9650321677389246
0.965132171072369
0.9652321744058134
0.965332177739258
0.9654321810727023
0.9655321844061469
0.9656321877395913
0.9657321910730358
0.9658321944064802
0.9659321977399247
0.9660322010733691
0.9661322044068135
0.966232207740258
0.9663322110737024
0.9664322144071469
0.9665322177405913
0.9666322210740358
0.9667322244074802
0.9668322277409247
0.9669322310743691
0.9670322344078136
0.967132237741258
0.9672322410747024
0.9673322444081469
0.9674322477415913
0.9675322510750358
0.9676322544084802
0.9677322577419247
0.9678322610753691
0.9679322644088136
0.968032267742258
0.9681322710757024
0.9682322744091469
0.9683322777425913
0.9684322810760359
0.9685322844094802
0.9686322877429248
0.9687322910763692
0.9688322944098137
0.9689322977432581
0.9690323010767025
0.969132304410147
0.9692323077435914
0.9693323110770359
0.9694323144104803
0.9695323177439248
0.9696323210773692
0.9697323244108137
0.9698323277442581
0.9699323310777026
0.970032334411147
0.9701323377445914
0.9702323410780359
0.9703323444114803
0.9704323477449248
0.9705323510783692
0.9706323544118137
0.9707323577452581
0.9708323610787026
0.970932364412147
0.9710323677455914
0.9711323710790359
0.9712323744124803
0.9713323777459248
0.9714323810793692
0.9715323844128138
0.9716323877462582
0.9717323910797027
0.9718323944131471
0.9719323977465915
0.972032401080036
0.9721324044134804
0.9722324077469249
0.9723324110803693
0.9724324144138138
0.9725324177472582
0.9726324210807027
0.9727324244141471
0.9728324277475915
0.972932431081036
0.9730324344144804
0.9731324377479249
0.9732324410813693
0.9733324444148138
0.9734324477482582
0.9735324510817027
0.9736324544151471
0.9737324577485916
0.973832461082036
0.9739324644154804
0.9740324677489249
0.9741324710823693
0.9742324744158138
0.9743324777492582
0.9744324810827028
0.9745324844161471
0.9746324877495917
0.9747324910830361
0.9748324944164805
0.974932497749925
0.9750325010833694
0.9751325044168139
0.9752325077502583
0.9753325110837028
0.9754325144171472
0.9755325177505917
0.9756325210840361
0.9757325244174805
0.975832527750925
0.9759325310843694
0.9760325344178139
0.9761325377512583
0.9762325410847028
0.9763325444181472
0.9764325477515917
0.9765325510850361
0.9766325544184806
0.976732557751925
0.9768325610853694
0.9769325644188139
0.9770325677522583
0.9771325710857028
0.9772325744191472
0.9773325777525917
0.9774325810860361
0.9775325844194807
0.977632587752925
0.9777325910863695
0.977832594419814
0.9779325977532584
0.9780326010867029
0.9781326044201473
0.9782326077535918
0.9783326110870362
0.9784326144204807
0.9785326177539251
0.9786326210873695
0.978732624420814
0.9788326277542584
0.9789326310877029
0.9790326344211473
0.9791326377545918
0.9792326410880362
0.9793326444214807
0.9794326477549251
0.9795326510883696
0.979632654421814
0.9797326577552584
0.9798326610887029
0.9799326644221473
0.9800326677555918
0.9801326710890362
0.9802326744224807
0.9803326777559251
0.9804326810893697
0.980532684422814
0.9806326877562584
0.980732691089703
0.9808326944231474
0.9809326977565919
0.9810327010900363
0.9811327044234808
0.9812327077569252
0.9813327110903697
0.9814327144238141
0.9815327177572585
0.981632721090703
0.9817327244241474
0.9818327277575919
0.9819327310910363
0.9820327344244808
0.9821327377579252
0.9822327410913697
0.9823327444248141
0.9824327477582586
0.982532751091703
0.9826327544251474
0.9827327577585919
0.9828327610920363
0.9829327644254808
0.9830327677589252
0.9831327710923697
0.9832327744258141
0.9833327777592586
0.983432781092703
0.9835327844261474
0.983632787759592
0.9837327910930364
0.9838327944264809
0.9839327977599253
0.9840328010933698
0.9841328044268142
0.9842328077602587
0.9843328110937031
0.9844328144271475
0.984532817760592
0.9846328210940364
0.9847328244274809
0.9848328277609253
0.9849328310943698
0.9850328344278142
0.9851328377612587
0.9852328410947031
0.9853328444281476
0.985432847761592
0.9855328510950364
0.9856328544284809
0.9857328577619253
0.9858328610953698
0.9859328644288142
0.9860328677622587
0.9861328710957031
0.9862328744291476
0.986332877762592
0.9864328810960364
0.986532884429481
0.9866328877629253
0.9867328910963699
0.9868328944298143
0.9869328977632588
0.9870329010967032
0.9871329044301477
0.9872329077635921
0.9873329110970365
0.987432914430481
0.9875329177639254
0.9876329210973699
0.9877329244308143
0.9878329277642588
0.9879329310977032
0.9880329344311477
0.9881329377645921
0.9882329410980366
0.988332944431481
0.9884329477649254
0.9885329510983699
0.9886329544318143
0.9887329577652588
0.9888329610987032
0.9889329644321477
0.9890329677655921
0.9891329710990366
0.989232974432481
0.9893329777659254
0.98943298109937
0.9895329844328143
0.9896329877662589
0.9897329910997033
0.9898329944331478
0.9899329977665922
0.9900330011000367
0.9901330044334811
0.9902330077669255
0.99033301110037
0.9904330144338144
0.9905330177672589
0.9906330211007033
0.9907330244341478
0.9908330277675922
0.9909330311010367
0.9910330344344811
0.9911330377679256
0.99123304110137
0.9913330444348144
0.9914330477682589
0.9915330511017033
0.9916330544351478
0.9917330577685922
0.9918330611020367
0.9919330644354811
0.9920330677689256
0.99213307110237
0.9922330744358144
0.9923330777692589
0.9924330811027033
0.9925330844361478
0.9926330877695922
0.9927330911030368
0.9928330944364812
0.9929330977699257
0.9930331011033701
0.9931331044368145
0.993233107770259
0.9933331111037034
0.9934331144371479
0.9935331177705923
0.9936331211040368
0.9937331244374812
0.9938331277709257
0.9939331311043701
0.9940331344378146
0.994133137771259
0.9942331411047034
0.9943331444381479
0.9944331477715923
0.9945331511050368
0.9946331544384812
0.9947331577719257
0.9948331611053701
0.9949331644388146
0.995033167772259
0.9951331711057034
0.9952331744391479
0.9953331777725923
0.9954331811060368
0.9955331844394812
0.9956331877729258
0.9957331911063702
0.9958331944398147
0.9959331977732591
0.9960332011067035
0.996133204440148
0.9962332077735924
0.9963332111070369
0.9964332144404813
0.9965332177739258
0.9966332211073702
0.9967332244408147
0.9968332277742591
0.9969332311077036
0.997033234441148
0.9971332377745924
0.9972332411080369
0.9973332444414813
0.9974332477749258
0.9975332511083702
0.9976332544418147
0.9977332577752591
0.9978332611087036
0.997933264442148
0.9980332677755924
0.9981332711090369
0.9982332744424813
0.9983332777759258
0.9984332811093702
0.9985332844428148
0.9986332877762591
0.9987332911097037
0.9988332944431481
0.9989332977765925
0.999033301110037
0.9991333044434814
0.9992333077769259
0.9993333111103703
0.9994333144438148
0.9995333177772592
0.9996333211107037
0.9997333244441481
0.9998333277775926
0.999933331111037
1.0000333344444814
1.0001333377779258
1.0002333411113704
1.0003333444448148
1.0004333477782592
1.0005333511117036
1.0006333544451482
1.0007333577785926
1.000833361112037
1.0009333644454814
1.0010333677789258
1.0011333711123704
1.0012333744458148
1.0013333777792592
1.0014333811127036
1.0015333844461483
1.0016333877795927
1.001733391113037
1.0018333944464815
1.0019333977799258
1.0020334011133705
1.0021334044468149
1.0022334077802593
1.0023334111137037
1.0024334144471483
1.0025334177805927
1.002633421114037
1.0027334244474815
1.0028334277809259
1.0029334311143705
1.003033434447815
1.0031334377812593
1.0032334411147037
1.0033334444481483
1.0034334477815927
1.0035334511150371
1.0036334544484815
1.0037334577819261
1.0038334611153705
1.003933464448815
1.0040334677822593
1.0041334711157037
1.0042334744491483
1.0043334777825927
1.0044334811160371
1.0045334844494815
1.0046334877829262
1.0047334911163706
1.004833494449815
1.0049334977832594
1.0050335011167038
1.0051335044501484
1.0052335077835928
1.0053335111170372
1.0054335144504816
1.0055335177839262
1.0056335211173706
1.005733524450815
1.0058335277842594
1.0059335311177038
1.0060335344511484
1.0061335377845928
1.0062335411180372
1.0063335444514816
1.0064335477849262
1.0065335511183706
1.006633554451815
1.0067335577852594
1.0068335611187038
1.0069335644521484
1.0070335677855928
1.0071335711190372
1.0072335744524816
1.0073335777859262
1.0074335811193706
1.007533584452815
1.0076335877862594
1.0077335911197038
1.0078335944531485
1.0079335977865929
1.0080336011200373
1.0081336044534817
1.0082336077869263
1.0083336111203707
1.008433614453815
1.0085336177872595
1.0086336211207039
1.0087336244541485
1.008833627787593
1.0089336311210373
1.0090336344544817
1.0091336377879263
1.0092336411213707
1.009333644454815
1.0094336477882595
1.0095336511217041
1.0096336544551485
1.009733657788593
1.0098336611220373
1.0099336644554817
1.0100336677889263
1.0101336711223707
1.0102336744558151
1.0103336777892595
1.0104336811227042
1.0105336844561486
1.010633687789593
1.0107336911230373
1.0108336944564817
1.0109336977899264
1.0110337011233708
1.0111337044568152
1.0112337077902596
1.0113337111237042
1.0114337144571486
1.011533717790593
1.0116337211240374
1.0117337244574818
1.0118337277909264
1.0119337311243708
1.0120337344578152
1.0121337377912596
1.0122337411247042
1.0123337444581486
1.012433747791593
1.0125337511250374
1.0126337544584818
1.0127337577919264
1.0128337611253708
1.0129337644588152
1.0130337677922596
1.0131337711257042
1.0132337744591486
1.013333777792593
1.0134337811260374
1.0135337844594818
1.0136337877929265
1.0137337911263709
1.0138337944598153
1.0139337977932597
1.0140338011267043
1.0141338044601487
1.014233807793593
1.0143338111270375
1.0144338144604819
1.0145338177939265
1.0146338211273709
1.0147338244608153
1.0148338277942597
1.0149338311277043
1.0150338344611487
1.015133837794593
1.0152338411280375
1.0153338444614821
1.0154338477949265
1.015533851128371
1.0156338544618153
1.0157338577952597
1.0158338611287043
1.0159338644621487
1.0160338677955931
1.0161338711290375
1.0162338744624821
1.0163338777959265
1.016433881129371
1.0165338844628153
1.0166338877962597
1.0167338911297044
1.0168338944631488
1.0169338977965932
1.0170339011300376
1.0171339044634822
1.0172339077969266
1.017333911130371
1.0174339144638154
1.0175339177972598
1.0176339211307044
1.0177339244641488
1.0178339277975932
1.0179339311310376
1.0180339344644822
1.0181339377979266
1.018233941131371
1.0183339444648154
1.0184339477982598
1.0185339511317044
1.0186339544651488
1.0187339577985932
1.0188339611320376
1.0189339644654822
1.0190339677989266
1.019133971132371
1.0192339744658154
1.0193339777992598
1.0194339811327044
1.0195339844661488
1.0196339877995932
1.0197339911330376
1.0198339944664823
1.0199339977999267
1.020034001133371
1.0201340044668155
1.0202340078002599
1.0203340111337045
1.0204340144671489
1.0205340178005933
1.0206340211340377
1.0207340244674823
1.0208340278009267
1.020934031134371
1.0210340344678155
1.02113403780126
1.0212340411347045
1.021334044468149
1.0214340478015933
1.0215340511350377
1.0216340544684823
1.0217340578019267
1.0218340611353711
1.0219340644688155
1.0220340678022601
1.0221340711357045
1.022234074469149
1.0223340778025933
1.0224340811360377
1.0225340844694824
1.0226340878029268
1.0227340911363711
1.0228340944698155
1.0229340978032602
1.0230341011367046
1.023134104470149
1.0232341078035934
1.0233341111370378
1.0234341144704824
1.0235341178039268
1.0236341211373712
1.0237341244708156
1.0238341278042602
1.0239341311377046
1.024034134471149
1.0241341378045934
1.0242341411380378
1.0243341444714824
1.0244341478049268
1.0245341511383712
1.0246341544718156
1.0247341578052602
1.0248341611387046
1.024934164472149
1.0250341678055934
1.0251341711390378
1.0252341744724824
1.0253341778059268
1.0254341811393712
1.0255341844728156
1.0256341878062603
1.0257341911397047
1.025834194473149
1.0259341978065935
1.0260342011400378
1.0261342044734825
1.0262342078069269
1.0263342111403713
1.0264342144738157
1.0265342178072603
1.0266342211407047
1.026734224474149
1.0268342278075935
1.0269342311410379
1.0270342344744825
1.027134237807927
1.0272342411413713
1.0273342444748157
1.0274342478082603
1.0275342511417047
1.0276342544751491
1.0277342578085935
1.0278342611420381
1.0279342644754825
1.028034267808927
1.0281342711423713
1.0282342744758157
1.0283342778092603
1.0284342811427047
1.0285342844761491
1.0286342878095935
1.0287342911430382
1.0288342944764826
1.028934297809927
1.0290343011433714
1.0291343044768158
1.0292343078102604
1.0293343111437048
1.0294343144771492
1.0295343178105936
1.0296343211440382
1.0297343244774826
1.029834327810927
1.0299343311443714
1.0300343344778158
1.0301343378112604
1.0302343411447048
1.0303343444781492
1.0304343478115936
1.0305343511450382
1.0306343544784826
1.030734357811927
1.0308343611453714
1.0309343644788158
1.0310343678122604
1.0311343711457048
1.0312343744791492
1.0313343778125936
1.0314343811460382
1.0315343844794826
1.031634387812927
1.0317343911463714
1.0318343944798158
1.0319343978132605
1.0320344011467049
1.0321344044801493
1.0322344078135937
1.0323344111470383
1.0324344144804827
1.032534417813927
1.0326344211473715
1.0327344244808159
1.0328344278142605
1.032934431147705
1.0330344344811493
1.0331344378145937
1.0332344411480383
1.0333344444814827
1.033434447814927
1.0335344511483715
1.0336344544818161
1.0337344578152605
1.033834461148705
1.0339344644821493
1.0340344678155937
1.0341344711490383
1.0342344744824827
1.0343344778159271
1.0344344811493715
1.0345344844828162
1.0346344878162606
1.034734491149705
1.0348344944831493
1.0349344978165937
1.0350345011500384
1.0351345044834828
1.0352345078169272
1.0353345111503716
1.0354345144838162
1.0355345178172606
1.035634521150705
1.0357345244841494
1.0358345278175938
1.0359345311510384
1.0360345344844828
1.0361345378179272
1.0362345411513716
1.0363345444848162
1.0364345478182606
1.036534551151705
1.0366345544851494
1.0367345578185938
1.0368345611520384
1.0369345644854828
1.0370345678189272
1.0371345711523716
1.0372345744858162
1.0373345778192606
1.037434581152705
1.0375345844861494
1.0376345878195938
1.0377345911530385
1.0378345944864829
1.0379345978199273
1.0380346011533716
1.0381346044868163
1.0382346078202607
1.038334611153705
1.0384346144871495
1.0385346178205939
1.0386346211540385
1.0387346244874829
1.0388346278209273
1.0389346311543717
1.0390346344878163
1.0391346378212607
1.039234641154705
1.0393346444881495
1.0394346478215941
1.0395346511550385
1.039634654488483
1.0397346578219273
1.0398346611553717
1.0399346644888163
1.0400346678222607
1.0401346711557051
1.0402346744891495
1.0403346778225941
1.0404346811560385
1.040534684489483
1.0406346878229273
1.0407346911563717
1.0408346944898164
1.0409346978232608
1.0410347011567052
1.0411347044901496
1.0412347078235942
1.0413347111570386
1.041434714490483
1.0415347178239274
1.0416347211573718
1.0417347244908164
1.0418347278242608
1.0419347311577052
1.0420347344911496
1.0421347378245942
1.0422347411580386
1.042334744491483
1.0424347478249274
1.0425347511583718
1.0426347544918164
1.0427347578252608
1.0428347611587052
1.0429347644921496
1.0430347678255942
1.0431347711590386
1.043234774492483
1.0433347778259274
1.0434347811593718
1.0435347844928164
1.0436347878262608
1.0437347911597052
1.0438347944931496
1.0439347978265943
1.0440348011600387
1.044134804493483
1.0442348078269275
1.0443348111603719
1.0444348144938165
1.0445348178272609
1.0446348211607053
1.0447348244941497
1.0448348278275943
1.0449348311610387
1.045034834494483
1.0451348378279275
1.045234841161372
1.0453348444948165
1.045434847828261
1.0455348511617053
1.0456348544951497
1.0457348578285943
1.0458348611620387
1.0459348644954831
1.0460348678289275
1.0461348711623721
1.0462348744958165
1.046334877829261
1.0464348811627053
1.0465348844961497
1.0466348878295944
1.0467348911630387
1.0468348944964831
1.0469348978299275
1.0470349011633722
1.0471349044968166
1.047234907830261
1.0473349111637054
1.0474349144971498
1.0475349178305944
1.0476349211640388
1.0477349244974832
1.0478349278309276
1.0479349311643722
1.0480349344978166
1.048134937831261
1.0482349411647054
1.0483349444981498
1.0484349478315944
1.0485349511650388
1.0486349544984832
1.0487349578319276
1.0488349611653722
1.0489349644988166
1.049034967832261
1.0491349711657054
1.0492349744991498
1.0493349778325944
1.0494349811660388
1.0495349844994832
1.0496349878329276
1.0497349911663723
1.0498349944998167
1.049934997833261
1.0500350011667055
1.0501350045001498
1.0502350078335945
1.0503350111670389
1.0504350145004833
1.0505350178339277
1.0506350211673723
1.0507350245008167
1.050835027834261
1.0509350311677055
1.05103503450115
1.0511350378345945
1.051235041168039
1.0513350445014833
1.0514350478349277
1.0515350511683723
1.0516350545018167
1.0517350578352611
1.0518350611687055
1.0519350645021501
1.0520350678355945
1.052135071169039
1.0522350745024833
1.0523350778359277
1.0524350811693723
1.0525350845028167
1.0526350878362611
1.0527350911697055
1.0528350945031502
1.0529350978365946
1.053035101170039
1.0531351045034834
1.0532351078369278
1.0533351111703724
1.0534351145038168
1.0535351178372612
1.0536351211707056
1.0537351245041502
1.0538351278375946
1.053935131171039
1.0540351345044834
1.0541351378379278
1.0542351411713724
1.0543351445048168
1.0544351478382612
1.0545351511717056
1.0546351545051502
1.0547351578385946
1.054835161172039
1.0549351645054834
1.0550351678389278
1.0551351711723724
1.0552351745058168
1.0553351778392612
1.0554351811727056
1.0555351845061502
1.0556351878395946
1.055735191173039
1.0558351945064834
1.0559351978399278
1.0560352011733725
1.0561352045068169
1.0562352078402613
1.0563352111737057
1.0564352145071503
1.0565352178405947
1.056635221174039
1.0567352245074835
1.056835227840928
1.0569352311743725
1.057035234507817
1.0571352378412613
1.0572352411747057
1.0573352445081503
1.0574352478415947
1.057535251175039
1.0576352545084835
1.0577352578419281
1.0578352611753725
1.057935264508817
1.0580352678422613
1.0581352711757057
1.0582352745091503
1.0583352778425947
1.0584352811760391
1.0585352845094835
1.0586352878429282
1.0587352911763726
1.058835294509817
1.0589352978432613
1.0590353011767057
1.0591353045101504
1.0592353078435948
1.0593353111770392
1.0594353145104836
1.0595353178439282
1.0596353211773726
1.059735324510817
1.0598353278442614
1.0599353311777058
1.0600353345111504
1.0601353378445948
1.0602353411780392
1.0603353445114836
1.0604353478449282
1.0605353511783726
1.060635354511817
1.0607353578452614
1.0608353611787058
1.0609353645121504
1.0610353678455948
1.0611353711790392
1.0612353745124836
1.0613353778459282
1.0614353811793726
1.061535384512817
1.0616353878462614
1.0617353911797058
1.0618353945131505
1.0619353978465949
1.0620354011800393
1.0621354045134836
1.0622354078469283
1.0623354111803727
1.062435414513817
1.0625354178472615
1.062635421180706
1.0627354245141505
1.0628354278475949
1.0629354311810393
1.0630354345144837
1.0631354378479283
1.0632354411813727
1.063335444514817
1.0634354478482615
1.0635354511817061
1.0636354545151505
1.063735457848595
1.0638354611820393
1.0639354645154837
1.0640354678489283
1.0641354711823727
1.0642354745158171
1.0643354778492615
1.0644354811827061
1.0645354845161505
1.064635487849595
1.0647354911830393
1.0648354945164837
1.0649354978499284
1.0650355011833728
1.0651355045168172
1.0652355078502616
1.0653355111837062
1.0654355145171506
1.065535517850595
1.0656355211840394
1.0657355245174838
1.0658355278509284
1.0659355311843728
1.0660355345178172
1.0661355378512616
1.0662355411847062
1.0663355445181506
1.066435547851595
1.0665355511850394
1.0666355545184838
1.0667355578519284
1.0668355611853728
1.0669355645188172
1.0670355678522616
1.0671355711857062
1.0672355745191506
1.067335577852595
1.0674355811860394
1.0675355845194838
1.0676355878529284
1.0677355911863728
1.0678355945198172
1.0679355978532616
1.0680356011867063
1.0681356045201507
1.068235607853595
1.0683356111870395
1.068435614520484
1.0685356178539285
1.0686356211873729
1.0687356245208173
1.0688356278542617
1.0689356311877063
1.0690356345211507
1.069135637854595
1.0692356411880395
1.069335644521484
1.0694356478549285
1.069535651188373
1.0696356545218173
1.0697356578552617
1.0698356611887063
1.0699356645221507
1.0700356678555951
1.0701356711890395
1.0702356745224841
1.0703356778559285
1.070435681189373
1.0705356845228173
1.0706356878562617
1.0707356911897064
1.0708356945231507
1.0709356978565951
1.0710357011900395
1.0711357045234842
1.0712357078569286
1.071335711190373
1.0714357145238174
1.0715357178572618
1.0716357211907064
1.0717357245241508
1.0718357278575952
1.0719357311910396
1.0720357345244842
1.0721357378579286
1.072235741191373
1.0723357445248174
1.0724357478582618
1.0725357511917064
1.0726357545251508
1.0727357578585952
1.0728357611920396
1.0729357645254842
1.0730357678589286
1.073135771192373
1.0732357745258174
1.0733357778592618
1.0734357811927064
1.0735357845261508
1.0736357878595952
1.0737357911930396
1.0738357945264843
1.0739357978599287
1.074035801193373
1.0741358045268175
1.074235807860262
1.0743358111937065
1.0744358145271509
1.0745358178605953
1.0746358211940397
1.0747358245274843
1.0748358278609287
1.074935831194373
1.0750358345278175
1.075135837861262
1.0752358411947065
1.075335844528151
1.0754358478615953
1.0755358511950397
1.0756358545284843
1.0757358578619287
1.075835861195373
1.0759358645288175
1.0760358678622621
1.0761358711957065
1.076235874529151
1.0763358778625953
1.0764358811960397
1.0765358845294843
1.0766358878629287
1.0767358911963731
1.0768358945298175
1.0769358978632622
1.0770359011967066
1.077135904530151
1.0772359078635954
1.0773359111970398
1.0774359145304844
1.0775359178639288
1.0776359211973732
1.0777359245308176
1.0778359278642622
1.0779359311977066
1.078035934531151
1.0781359378645954
1.0782359411980398
1.0783359445314844
1.0784359478649288
1.0785359511983732
1.0786359545318176
1.0787359578652622
1.0788359611987066
1.078935964532151
1.0790359678655954
1.0791359711990398
1.0792359745324844
1.0793359778659288
1.0794359811993732
1.0795359845328176
1.0796359878662622
1.0797359911997066
1.079835994533151
1.0799359978665954
1.08003600120004
1.0801360045334845
1.0802360078669289
1.0803360112003733
1.0804360145338177
1.0805360178672623
1.0806360212007067
1.080736024534151
1.0808360278675955
1.08093603120104
1.0810360345344845
1.081136037867929
1.0812360412013733
1.0813360445348177
1.0814360478682623
1.0815360512017067
1.081636054535151
1.0817360578685955
1.0818360612020401
1.0819360645354845
1.082036067868929
1.0821360712023733
1.0822360745358177
1.0823360778692623
1.0824360812027067
1.0825360845361511
1.0826360878695955
1.0827360912030402
1.0828360945364846
1.082936097869929
1.0830361012033733
1.0831361045368177
1.0832361078702624
1.0833361112037068
1.0834361145371512
1.0835361178705956
1.0836361212040402
1.0837361245374846
1.083836127870929
1.0839361312043734
1.0840361345378178
1.0841361378712624
1.0842361412047068
1.0843361445381512
1.0844361478715956
1.0845361512050402
1.0846361545384846
1.084736157871929
1.0848361612053734
1.0849361645388178
1.0850361678722624
1.0851361712057068
1.0852361745391512
1.0853361778725956
1.0854361812060402
1.0855361845394846
1.085636187872929
1.0857361912063734
1.085836194539818
1.0859361978732625
1.0860362012067069
1.0861362045401513
1.0862362078735956
1.0863362112070403
1.0864362145404847
1.086536217873929
1.0866362212073735
1.086736224540818
1.0868362278742625
1.0869362312077069
1.0870362345411513
1.0871362378745957
1.0872362412080403
1.0873362445414847
1.087436247874929
1.0875362512083735
1.0876362545418181
1.0877362578752625
1.087836261208707
1.0879362645421513
1.0880362678755957
1.0881362712090403
1.0882362745424847
1.0883362778759291
1.0884362812093735
1.0885362845428181
1.0886362878762625
1.088736291209707
1.0888362945431513
1.0889362978765957
1.0890363012100404
1.0891363045434848
1.0892363078769292
1.0893363112103736
1.0894363145438182
1.0895363178772626
1.089636321210707
1.0897363245441514
1.0898363278775958
1.0899363312110404
1.0900363345444848
1.0901363378779292
1.0902363412113736
1.0903363445448182
1.0904363478782626
1.090536351211707
1.0906363545451514
1.0907363578785958
1.0908363612120404
1.0909363645454848
1.0910363678789292
1.0911363712123736
1.0912363745458182
1.0913363778792626
1.091436381212707
1.0915363845461514
1.091636387879596
1.0917363912130404
1.0918363945464848
1.0919363978799292
1.0920364012133736
1.0921364045468183
1.0922364078802627
1.092336411213707
1.0924364145471515
1.092536417880596
1.0926364212140405
1.0927364245474849
1.0928364278809293
1.0929364312143737
1.0930364345478183
1.0931364378812627
1.093236441214707
1.0933364445481515
1.093436447881596
1.0935364512150405
1.093636454548485
1.0937364578819293
1.0938364612153737
1.0939364645488183
1.0940364678822627
1.0941364712157071
1.0942364745491515
1.0943364778825961
1.0944364812160405
1.094536484549485
1.0946364878829293
1.0947364912163737
1.0948364945498184
1.0949364978832627
1.0950365012167071
1.0951365045501515
1.0952365078835962
1.0953365112170406
1.095436514550485
1.0955365178839294
1.0956365212173738
1.0957365245508184
1.0958365278842628
1.0959365312177072
1.0960365345511516
1.0961365378845962
1.0962365412180406
1.096336544551485
1.0964365478849294
1.0965365512183738
1.0966365545518184
1.0967365578852628
1.0968365612187072
1.0969365645521516
1.0970365678855962
1.0971365712190406
1.097236574552485
1.0973365778859294
1.097436581219374
1.0975365845528184
1.0976365878862628
1.0977365912197072
1.0978365945531516
1.0979365978865963
1.0980366012200407
1.098136604553485
1.0982366078869295
1.098336611220374
1.0984366145538185
1.0985366178872629
1.0986366212207073
1.0987366245541517
1.0988366278875963
1.0989366312210407
1.099036634554485
1.0991366378879295
1.099236641221374
1.0993366445548185
1.099436647888263
1.0995366512217073
1.0996366545551517
1.0997366578885963
1.0998366612220407
1.099936664555485
1.1000366678889295
1.1001366712223741
1.1002366745558185
1.100336677889263
1.1004366812227073
1.1005366845561517
1.1006366878895963
1.1007366912230407
1.1008366945564851
1.1009366978899295
1.1010367012233742
1.1011367045568186
1.101236707890263
1.1013367112237074
1.1014367145571518
1.1015367178905964
1.1016367212240408
1.1017367245574852
1.1018367278909296
1.1019367312243742
1.1020367345578186
1.102136737891263
1.1022367412247074
1.1023367445581518
1.1024367478915964
1.1025367512250408
1.1026367545584852
1.1027367578919296
1.1028367612253742
1.1029367645588186
1.103036767892263
1.1031367712257074
1.103236774559152
1.1033367778925964
1.1034367812260408
1.1035367845594852
1.1036367878929296
1.1037367912263742
1.1038367945598186
1.103936797893263
1.1040368012267074
1.104136804560152
1.1042368078935965
1.1043368112270409
1.1044368145604853
1.1045368178939297
1.1046368212273743
1.1047368245608187
1.104836827894263
1.1049368312277075
1.105036834561152
1.1051368378945965
1.105236841228041
1.1053368445614853
1.1054368478949297
1.1055368512283743
1.1056368545618187
1.105736857895263
1.1058368612287075
1.1059368645621521
1.1060368678955965
1.106136871229041
1.1062368745624853
1.1063368778959297
1.1064368812293743
1.1065368845628187
1.1066368878962631
1.1067368912297075
1.1068368945631522
1.1069368978965965
1.107036901230041
1.1071369045634853
1.1072369078969297
1.1073369112303744
1.1074369145638188
1.1075369178972632
1.1076369212307076
1.1077369245641522
1.1078369278975966
1.107936931231041
1.1080369345644854
1.1081369378979298
1.1082369412313744
1.1083369445648188
1.1084369478982632
1.1085369512317076
1.1086369545651522
1.1087369578985966
1.108836961232041
1.1089369645654854
1.10903696789893
1.1091369712323744
1.1092369745658188
1.1093369778992632
1.1094369812327076
1.1095369845661522
1.1096369878995966
1.109736991233041
1.1098369945664854
1.10993699789993
1.1100370012333745
1.1101370045668189
1.1102370079002633
1.1103370112337076
1.1104370145671523
1.1105370179005967
1.110637021234041
1.1107370245674855
1.11083702790093
1.1109370312343745
1.1110370345678189
1.1111370379012633
1.1112370412347077
1.1113370445681523
1.1114370479015967
1.111537051235041
1.1116370545684855
1.1117370579019301
1.1118370612353745
1.111937064568819
1.1120370679022633
1.1121370712357077
1.1122370745691523
1.1123370779025967
1.1124370812360411
1.1125370845694855
1.1126370879029301
1.1127370912363745
1.112837094569819
1.1129370979032633
1.1130371012367077
1.1131371045701524
1.1132371079035968
1.1133371112370412
1.1134371145704856
1.1135371179039302
1.1136371212373746
1.113737124570819
1.1138371279042634
1.1139371312377078
1.1140371345711524
1.1141371379045968
1.1142371412380412
1.1143371445714856
1.1144371479049302
1.1145371512383746
1.114637154571819
1.1147371579052634
1.114837161238708
1.1149371645721524
1.1150371679055968
1.1151371712390412
1.1152371745724856
1.1153371779059302
1.1154371812393746
1.115537184572819
1.1156371879062634
1.115737191239708
1.1158371945731524
1.1159371979065968
1.1160372012400412
1.1161372045734856
1.1162372079069303
1.1163372112403747
1.116437214573819
1.1165372179072635
1.116637221240708
1.1167372245741525
1.1168372279075969
1.1169372312410413
1.1170372345744857
1.1171372379079303
1.1172372412413747
1.117337244574819
1.1174372479082635
1.117537251241708
1.1176372545751525
1.117737257908597
1.1178372612420413
1.1179372645754857
1.1180372679089303
1.1181372712423747
1.1182372745758191
1.1183372779092635
1.1184372812427081
1.1185372845761525
1.118637287909597
1.1187372912430413
1.1188372945764857
1.1189372979099304
1.1190373012433747
1.1191373045768191
1.1192373079102635
1.1193373112437082
1.1194373145771526
1.119537317910597
1.1196373212440414
1.1197373245774858
1.1198373279109304
1.1199373312443748
1.1200373345778192
1.1201373379112636
1.1202373412447082
1.1203373445781526
1.120437347911597
1.1205373512450414
1.120637354578486
1.1207373579119304
1.1208373612453748
1.1209373645788192
1.1210373679122636
1.1211373712457082
1.1212373745791526
1.121337377912597
1.1214373812460414
1.121537384579486
1.1216373879129304
1.1217373912463748
1.1218373945798192
1.1219373979132636
1.1220374012467083
1.1221374045801527
1.122237407913597
1.1223374112470414
1.122437414580486
1.1225374179139305
1.1226374212473749
1.1227374245808193
1.1228374279142637
1.1229374312477083
1.1230374345811527
1.123137437914597
1.1232374412480415
1.123337444581486
1.1234374479149305
1.123537451248375
1.1236374545818193
1.1237374579152637
1.1238374612487083
1.1239374645821527
1.124037467915597
1.1241374712490415
1.1242374745824861
1.1243374779159305
1.124437481249375
1.1245374845828193
1.1246374879162637
1.1247374912497083
1.1248374945831527
1.1249374979165971
1.1250375012500415
1.1251375045834862
1.1252375079169306
1.125337511250375
1.1254375145838194
1.1255375179172638
1.1256375212507084
1.1257375245841528
1.1258375279175972
1.1259375312510416
1.1260375345844862
1.1261375379179306
1.126237541251375
1.1263375445848194
1.1264375479182638
1.1265375512517084
1.1266375545851528
1.1267375579185972
1.1268375612520416
1.1269375645854862
1.1270375679189306
1.127137571252375
1.1272375745858194
1.127337577919264
1.1274375812527084
1.1275375845861528
1.1276375879195972
1.1277375912530416
1.1278375945864862
1.1279375979199306
1.128037601253375
1.1281376045868194
1.128237607920264
1.1283376112537085
1.1284376145871529
1.1285376179205973
1.1286376212540417
1.1287376245874863
1.1288376279209307
1.128937631254375
1.1290376345878195
1.129137637921264
1.1292376412547085
1.129337644588153
1.1294376479215973
1.1295376512550417
1.1296376545884863
1.1297376579219307
1.129837661255375
1.1299376645888195
1.1300376679222641
1.1301376712557085
1.130237674589153
1.1303376779225973
1.1304376812560417
1.1305376845894863
1.1306376879229307
1.1307376912563751
1.1308376945898195
1.1309376979232642
1.1310377012567085
1.131137704590153
1.1312377079235973
1.1313377112570417
1.1314377145904864
1.1315377179239308
1.1316377212573752
1.1317377245908196
1.1318377279242642
1.1319377312577086
1.132037734591153
1.1321377379245974
1.1322377412580418
1.1323377445914864
1.1324377479249308
1.1325377512583752
1.1326377545918196
1.1327377579252642
1.1328377612587086
1.132937764592153
1.1330377679255974
1.133137771259042
1.1332377745924864
1.1333377779259308
1.1334377812593752
1.1335377845928196
1.1336377879262642
1.1337377912597086
1.133837794593153
1.1339377979265974
1.134037801260042
1.1341378045934865
1.1342378079269309
1.1343378112603753
1.1344378145938196
1.1345378179272643
1.1346378212607087
1.134737824594153
1.1348378279275975
1.134937831261042
1.1350378345944865
1.1351378379279309
1.1352378412613753
1.1353378445948197
1.1354378479282643
1.1355378512617087
1.135637854595153
1.1357378579285975
1.1358378612620421
1.1359378645954865
1.136037867928931
1.1361378712623753
1.1362378745958197
1.1363378779292643
1.1364378812627087
1.1365378845961531
1.1366378879295975
1.1367378912630421
1.1368378945964865
1.136937897929931
1.1370379012633753
1.1371379045968197
1.1372379079302644
1.1373379112637088
1.1374379145971532
1.1375379179305976
1.1376379212640422
1.1377379245974866
1.137837927930931
1.1379379312643754
1.1380379345978198
1.1381379379312644
1.1382379412647088
1.1383379445981532
1.1384379479315976
1.1385379512650422
1.1386379545984866
1.138737957931931
1.1388379612653754
1.13893796459882
1.1390379679322644
1.1391379712657088
1.1392379745991532
1.1393379779325976
1.1394379812660422
1.1395379845994866
1.139637987932931
1.1397379912663754
1.13983799459982
1.1399379979332644
1.1400380012667088
1.1401380046001532
1.1402380079335976
1.1403380112670423
1.1404380146004867
1.140538017933931
1.1406380212673755
1.14073802460082
1.1408380279342645
1.1409380312677089
1.1410380346011533
1.1411380379345977
1.1412380412680423
1.1413380446014867
1.141438047934931
1.1415380512683755
1.14163805460182
1.1417380579352645
1.141838061268709
1.1419380646021533
1.1420380679355977
1.1421380712690423
1.1422380746024867
1.1423380779359311
1.1424380812693755
1.1425380846028201
1.1426380879362645
1.142738091269709
1.1428380946031533
1.1429380979365977
1.1430381012700424
1.1431381046034867
1.1432381079369311
1.1433381112703755
1.1434381146038202
1.1435381179372646
1.143638121270709
1.1437381246041534
1.1438381279375978
1.1439381312710424
1.1440381346044868
1.1441381379379312
1.1442381412713756
1.1443381446048202
1.1444381479382646
1.144538151271709
1.1446381546051534
1.144738157938598
1.1448381612720424
1.1449381646054868
1.1450381679389312
1.1451381712723756
1.1452381746058202
1.1453381779392646
1.145438181272709
1.1455381846061534
1.145638187939598
1.1457381912730424
1.1458381946064868
1.1459381979399312
1.1460382012733756
1.1461382046068203
1.1462382079402647
1.146338211273709
1.1464382146071534
1.146538217940598
1.1466382212740425
1.1467382246074869
1.1468382279409313
1.1469382312743757
1.1470382346078203
1.1471382379412647
1.147238241274709
1.1473382446081535
1.147438247941598
1.1475382512750425
1.147638254608487
1.1477382579419313
1.1478382612753757
1.1479382646088203
1.1480382679422647
1.148138271275709
1.1482382746091535
1.1483382779425981
1.1484382812760425
1.148538284609487
1.1486382879429313
1.1487382912763757
1.1488382946098203
1.1489382979432647
1.1490383012767091
1.1491383046101535
1.1492383079435982
1.1493383112770426
1.149438314610487
1.1495383179439314
1.1496383212773758
1.1497383246108204
1.1498383279442648
1.1499383312777092
1.1500383346111536
1.1501383379445982
1.1502383412780426
1.150338344611487
1.1504383479449314
1.150538351278376
1.1506383546118204
1.1507383579452648
1.1508383612787092
1.1509383646121536
1.1510383679455982
1.1511383712790426
1.151238374612487
1.1513383779459314
1.151438381279376
1.1515383846128204
1.1516383879462648
1.1517383912797092
1.1518383946131536
1.1519383979465982
1.1520384012800426
1.152138404613487
1.1522384079469314
1.152338411280376
1.1524384146138205
1.1525384179472649
1.1526384212807093
1.1527384246141537
1.1528384279475983
1.1529384312810427
1.153038434614487
1.1531384379479315
1.153238441281376
1.1533384446148205
1.1534384479482649
1.1535384512817093
1.1536384546151537
1.1537384579485983
1.1538384612820427
1.153938464615487
1.1540384679489315
1.1541384712823761
1.1542384746158205
1.154338477949265
1.1544384812827093
1.1545384846161537
1.1546384879495983
1.1547384912830427
1.1548384946164871
1.1549384979499315
1.1550385012833762
1.1551385046168205
1.155238507950265
1.1553385112837093
1.1554385146171537
1.1555385179505984
1.1556385212840428
1.1557385246174872
1.1558385279509316
1.1559385312843762
1.1560385346178206
1.156138537951265
1.1562385412847094
1.156338544618154
1.1564385479515984
1.1565385512850428
1.1566385546184872
1.1567385579519316
1.1568385612853762
1.1569385646188206
1.157038567952265
1.1571385712857094
1.157238574619154
1.1573385779525984
1.1574385812860428
1.1575385846194872
1.1576385879529316
1.1577385912863762
1.1578385946198206
1.157938597953265
1.1580386012867094
1.158138604620154
1.1582386079535985
1.1583386112870429
1.1584386146204873
1.1585386179539316
1.1586386212873763
1.1587386246208207
1.158838627954265
1.1589386312877095
1.159038634621154
1.1591386379545985
1.1592386412880429
1.1593386446214873
1.1594386479549317
1.1595386512883763
1.1596386546218207
1.159738657955265
1.1598386612887095
1.1599386646221541
1.1600386679555985
1.160138671289043
1.1602386746224873
1.1603386779559317
1.1604386812893763
1.1605386846228207
1.1606386879562651
1.1607386912897095
1.1608386946231541
1.1609386979565985
1.161038701290043
1.1611387046234873
1.1612387079569317
1.1613387112903764
1.1614387146238208
1.1615387179572652
1.1616387212907096
1.1617387246241542
1.1618387279575986
1.161938731291043
1.1620387346244874
1.162138737957932
1.1622387412913764
1.1623387446248208
1.1624387479582652
1.1625387512917096
1.1626387546251542
1.1627387579585986
1.162838761292043
1.1629387646254874
1.163038767958932
1.1631387712923764
1.1632387746258208
1.1633387779592652
1.1634387812927096
1.1635387846261542
1.1636387879595986
1.163738791293043
1.1638387946264874
1.163938797959932
1.1640388012933764
1.1641388046268208
1.1642388079602652
1.1643388112937096
1.1644388146271543
1.1645388179605987
1.164638821294043
1.1647388246274875
1.164838827960932
1.1649388312943765
1.1650388346278209
1.1651388379612653
1.1652388412947097
1.1653388446281543
1.1654388479615987
1.165538851295043
1.1656388546284875
1.165738857961932
1.1658388612953765
1.165938864628821
1.1660388679622653
1.1661388712957097
1.1662388746291543
1.1663388779625987
1.1664388812960431
1.1665388846294875
1.1666388879629321
1.1667388912963765
1.166838894629821
1.1669388979632653
1.1670389012967097
1.1671389046301544
1.1672389079635987
1.1673389112970431
1.1674389146304875
1.1675389179639322
1.1676389212973766
1.167738924630821
1.1678389279642654
1.16793893129771
1.1680389346311544
1.1681389379645988
1.1682389412980432
1.1683389446314876
1.1684389479649322
1.1685389512983766
1.168638954631821
1.1687389579652654
1.16883896129871
1.1689389646321544
1.1690389679655988
1.1691389712990432
1.1692389746324876
1.1693389779659322
1.1694389812993766
1.169538984632821
1.1696389879662654
1.16973899129971
1.1698389946331544
1.1699389979665988
1.1700390013000432
1.1701390046334876
1.1702390079669323
1.1703390113003767
1.170439014633821
1.1705390179672654
1.17063902130071
1.1707390246341545
1.1708390279675989
1.1709390313010433
1.1710390346344877
1.1711390379679323
1.1712390413013767
1.171339044634821
1.1714390479682655
1.17153905130171
1.1716390546351545
1.171739057968599
1.1718390613020433
1.1719390646354877
1.1720390679689323
1.1721390713023767
1.172239074635821
1.1723390779692655
1.1724390813027101
1.1725390846361545
1.172639087969599
1.1727390913030433
1.1728390946364877
1.1729390979699323
1.1730391013033767
1.1731391046368211
1.1732391079702655
1.1733391113037102
1.1734391146371546
1.173539117970599
1.1736391213040434
1.173739124637488
1.1738391279709324
1.1739391313043768
1.1740391346378212
1.1741391379712656
1.1742391413047102
1.1743391446381546
1.174439147971599
1.1745391513050434
1.174639154638488
1.1747391579719324
1.1748391613053768
1.1749391646388212
1.1750391679722656
1.1751391713057102
1.1752391746391546
1.175339177972599
1.1754391813060434
1.175539184639488
1.1756391879729324
1.1757391913063768
1.1758391946398212
1.1759391979732656
1.1760392013067102
1.1761392046401546
1.176239207973599
1.1763392113070434
1.176439214640488
1.1765392179739325
1.1766392213073769
1.1767392246408213
1.1768392279742657
1.1769392313077103
1.1770392346411547
1.177139237974599
1.1772392413080435
1.177339244641488
1.1774392479749325
1.1775392513083769
1.1776392546418213
1.1777392579752657
1.1778392613087103
1.1779392646421547
1.178039267975599
1.1781392713090435
1.1782392746424881
1.1783392779759325
1.178439281309377
1.1785392846428213
1.1786392879762657
1.1787392913097103
1.1788392946431547
1.1789392979765991
1.1790393013100435
1.1791393046434882
1.1792393079769325
1.179339311310377
1.1794393146438213
1.179539317977266
1.1796393213107104
1.1797393246441548
1.1798393279775992
1.1799393313110436
1.1800393346444882
1.1801393379779326
1.180239341311377
1.1803393446448214
1.180439347978266
1.1805393513117104
1.1806393546451548
1.1807393579785992
1.1808393613120436
1.1809393646454882
1.1810393679789326
1.181139371312377
1.1812393746458214
1.181339377979266
1.1814393813127104
1.1815393846461548
1.1816393879795992
1.1817393913130436
1.1818393946464882
1.1819393979799326
1.182039401313377
1.1821394046468214
1.182239407980266
1.1823394113137105
1.1824394146471549
1.1825394179805993
1.1826394213140436
1.1827394246474883
1.1828394279809327
1.182939431314377
1.1830394346478215
1.183139437981266
1.1832394413147105
1.1833394446481549
1.1834394479815993
1.1835394513150437
1.1836394546484883
1.1837394579819327
1.183839461315377
1.1839394646488215
1.1840394679822661
1.1841394713157105
1.184239474649155
1.1843394779825993
1.1844394813160437
1.1845394846494883
1.1846394879829327
1.1847394913163771
1.1848394946498215
1.1849394979832661
1.1850395013167105
1.185139504650155
1.1852395079835993
1.185339511317044
1.1854395146504884
1.1855395179839328
1.1856395213173772
1.1857395246508216
1.1858395279842662
1.1859395313177106
1.186039534651155
1.1861395379845994
1.186239541318044
1.1863395446514884
1.1864395479849328
1.1865395513183772
1.1866395546518216
1.1867395579852662
1.1868395613187106
1.186939564652155
1.1870395679855994
1.187139571319044
1.1872395746524884
1.1873395779859328
1.1874395813193772
1.1875395846528216
1.1876395879862662
1.1877395913197106
1.187839594653155
1.1879395979865994
1.188039601320044
1.1881396046534884
1.1882396079869328
1.1883396113203772
1.1884396146538216
1.1885396179872663
1.1886396213207107
1.188739624654155
1.1888396279875995
1.188939631321044
1.1890396346544885
1.1891396379879329
1.1892396413213773
1.1893396446548217
1.1894396479882663
1.1895396513217107
1.189639654655155
1.1897396579885995
1.189839661322044
1.1899396646554885
1.190039667988933
1.1901396713223773
1.1902396746558217
1.1903396779892663
1.1904396813227107
1.1905396846561551
1.1906396879895995
1.1907396913230441
1.1908396946564885
1.190939697989933
1.1910397013233773
1.191139704656822
1.1912397079902663
1.1913397113237107
1.1914397146571551
1.1915397179905995
1.1916397213240442
1.1917397246574886
1.191839727990933
1.1919397313243774
1.192039734657822
1.1921397379912664
1.1922397413247108
1.1923397446581552
1.1924397479915996
1.1925397513250442
1.1926397546584886
1.192739757991933
1.1928397613253774
1.192939764658822
1.1930397679922664
1.1931397713257108
1.1932397746591552
1.1933397779925996
1.1934397813260442
1.1935397846594886
1.193639787992933
1.1937397913263774
1.193839794659822
1.1939397979932664
1.1940398013267108
1.1941398046601552
1.1942398079935996
1.1943398113270443
1.1944398146604887
1.194539817993933
1.1946398213273774
1.194739824660822
1.1948398279942665
1.1949398313277109
1.1950398346611553
1.1951398379945997
1.1952398413280443
1.1953398446614887
1.195439847994933
1.1955398513283775
1.195639854661822
1.1957398579952665
1.195839861328711
1.1959398646621553
1.1960398679955997
1.1961398713290443
1.1962398746624887
1.196339877995933
1.1964398813293775
1.1965398846628221
1.1966398879962665
1.196739891329711
1.1968398946631553
1.1969398979966
1.1970399013300443
1.1971399046634887
1.1972399079969331
1.1973399113303775
1.1974399146638222
1.1975399179972666
1.197639921330711
1.1977399246641554
1.1978399279976
1.1979399313310444
1.1980399346644888
1.1981399379979332
1.1982399413313776
1.1983399446648222
1.1984399479982666
1.198539951331711
1.1986399546651554
1.1987399579986
1.1988399613320444
1.1989399646654888
1.1990399679989332
1.1991399713323776
1.1992399746658222
1.1993399779992666
1.199439981332711
1.1995399846661554
1.1996399879996
1.1997399913330444
1.1998399946664888
1.1999399979999332
1.2000400013333776
1.2001400046668222
1.2002400080002666
1.200340011333711
1.2004400146671554
1.2005400180006
1.2006400213340445
1.2007400246674889
1.2008400280009333
1.2009400313343777
1.2010400346678223
1.2011400380012667
1.201240041334711
1.2013400446681555
1.2014400480016
1.2015400513350445
1.2016400546684889
1.2017400580019333
1.2018400613353777
1.2019400646688223
1.2020400680022667
1.202140071335711
1.2022400746691555
1.2023400780026001
1.2024400813360445
1.202540084669489
1.2026400880029333
1.202740091336378
1.2028400946698223
1.2029400980032667
1.2030401013367111
1.2031401046701555
1.2032401080036002
1.2033401113370445
1.203440114670489
1.2035401180039333
1.203640121337378
1.2037401246708224
1.2038401280042668
1.2039401313377112
1.2040401346711556
1.2041401380046002
1.2042401413380446
1.204340144671489
1.2044401480049334
1.204540151338378
1.2046401546718224
1.2047401580052668
1.2048401613387112
1.2049401646721556
1.2050401680056002
1.2051401713390446
1.205240174672489
1.2053401780059334
1.205440181339378
1.2055401846728224
1.2056401880062668
1.2057401913397112
1.2058401946731556
1.2059401980066002
1.2060402013400446
1.206140204673489
1.2062402080069334
1.206340211340378
1.2064402146738225
1.2065402180072669
1.2066402213407112
1.2067402246741556
1.2068402280076003
1.2069402313410447
1.207040234674489
1.2071402380079335
1.207240241341378
1.2073402446748225
1.2074402480082669
1.2075402513417113
1.2076402546751557
1.2077402580086003
1.2078402613420447
1.207940264675489
1.2080402680089335
1.2081402713423781
1.2082402746758225
1.208340278009267
1.2084402813427113
1.208540284676156
1.2086402880096003
1.2087402913430447
1.2088402946764891
1.2089402980099335
1.2090403013433781
1.2091403046768225
1.209240308010267
1.2093403113437113
1.209440314677156
1.2095403180106004
1.2096403213440448
1.2097403246774892
1.2098403280109336
1.2099403313443782
1.2100403346778226
1.210140338011267
1.2102403413447114
1.210340344678156
1.2104403480116004
1.2105403513450448
1.2106403546784892
1.2107403580119336
1.2108403613453782
1.2109403646788226
1.211040368012267
1.2111403713457114
1.211240374679156
1.2113403780126004
1.2114403813460448
1.2115403846794892
1.2116403880129336
1.2117403913463782
1.2118403946798226
1.211940398013267
1.2120404013467114
1.212140404680156
1.2122404080136004
1.2123404113470448
1.2124404146804892
1.2125404180139336
1.2126404213473783
1.2127404246808227
1.212840428014267
1.2129404313477115
1.213040434681156
1.2131404380146005
1.2132404413480449
1.2133404446814893
1.2134404480149337
1.2135404513483783
1.2136404546818227
1.213740458015267
1.2138404613487115
1.213940464682156
1.2140404680156005
1.214140471349045
1.2142404746824893
1.214340478015934
1.2144404813493783
1.2145404846828227
1.2146404880162671
1.2147404913497115
1.2148404946831561
1.2149404980166005
1.215040501350045
1.2151405046834893
1.215240508016934
1.2153405113503783
1.2154405146838227
1.2155405180172671
1.2156405213507115
1.2157405246841562
1.2158405280176006
1.215940531351045
1.2160405346844894
1.216140538017934
1.2162405413513784
1.2163405446848228
1.2164405480182672
1.2165405513517116
1.2166405546851562
1.2167405580186006
1.216840561352045
1.2169405646854894
1.217040568018934
1.2171405713523784
1.2172405746858228
1.2173405780192672
1.2174405813527116
1.2175405846861562
1.2176405880196006
1.217740591353045
1.2178405946864894
1.217940598019934
1.2180406013533784
1.2181406046868228
1.2182406080202672
1.2183406113537116
1.2184406146871563
1.2185406180206007
1.218640621354045
1.2187406246874894
1.218840628020934
1.2189406313543785
1.2190406346878229
1.2191406380212673
1.2192406413547117
1.2193406446881563
1.2194406480216007
1.219540651355045
1.2196406546884895
1.219740658021934
1.2198406613553785
1.219940664688823
1.2200406680222673
1.220140671355712
1.2202406746891563
1.2203406780226007
1.220440681356045
1.2205406846894895
1.2206406880229341
1.2207406913563785
1.220840694689823
1.2209406980232673
1.221040701356712
1.2211407046901563
1.2212407080236007
1.2213407113570451
1.2214407146904895
1.2215407180239342
1.2216407213573786
1.221740724690823
1.2218407280242674
1.221940731357712
1.2220407346911564
1.2221407380246008
1.2222407413580452
1.2223407446914896
1.2224407480249342
1.2225407513583786
1.222640754691823
1.2227407580252674
1.222840761358712
1.2229407646921564
1.2230407680256008
1.2231407713590452
1.2232407746924896
1.2233407780259342
1.2234407813593786
1.223540784692823
1.2236407880262674
1.223740791359712
1.2238407946931564
1.2239407980266008
1.2240408013600452
1.2241408046934896
1.2242408080269342
1.2243408113603786
1.224440814693823
1.2245408180272674
1.224640821360712
1.2247408246941565
1.2248408280276009
1.2249408313610453
1.2250408346944897
1.2251408380279343
1.2252408413613787
1.225340844694823
1.2254408480282675
1.225540851361712
1.2256408546951565
1.2257408580286009
1.2258408613620453
1.22594086469549
1.2260408680289343
1.2261408713623787
1.226240874695823
1.2263408780292675
1.2264408813627121
1.2265408846961565
1.226640888029601
1.2267408913630453
1.22684089469649
1.2269408980299343
1.2270409013633787
1.2271409046968231
1.2272409080302675
1.2273409113637122
1.2274409146971565
1.227540918030601
1.2276409213640453
1.22774092469749
1.2278409280309344
1.2279409313643788
1.2280409346978232
1.2281409380312676
1.2282409413647122
1.2283409446981566
1.228440948031601
1.2285409513650454
1.22864095469849
1.2287409580319344
1.2288409613653788
1.2289409646988232
1.2290409680322676
1.2291409713657122
1.2292409746991566
1.229340978032601
1.2294409813660454
1.22954098469949
1.2296409880329344
1.2297409913663788
1.2298409946998232
1.2299409980332676
1.2300410013667122
1.2301410047001566
1.230241008033601
1.2303410113670454
1.23044101470049
1.2305410180339345
1.2306410213673789
1.2307410247008232
1.2308410280342676
1.2309410313677123
1.2310410347011567
1.231141038034601
1.2312410413680455
1.23134104470149
1.2314410480349345
1.2315410513683789
1.2316410547018233
1.2317410580352677
1.2318410613687123
1.2319410647021567
1.232041068035601
1.2321410713690455
1.2322410747024901
1.2323410780359345
1.232441081369379
1.2325410847028233
1.232641088036268
1.2327410913697123
1.2328410947031567
1.2329410980366011
1.2330411013700455
1.2331411047034901
1.2332411080369345
1.233341111370379
1.2334411147038233
1.233541118037268
1.2336411213707124
1.2337411247041568
1.2338411280376012
1.2339411313710456
1.2340411347044902
1.2341411380379346
1.234241141371379
1.2343411447048234
1.234441148038268
1.2345411513717124
1.2346411547051568
1.2347411580386012
1.2348411613720456
1.2349411647054902
1.2350411680389346
1.235141171372379
1.2352411747058234
1.235341178039268
1.2354411813727124
1.2355411847061568
1.2356411880396012
1.2357411913730456
1.2358411947064902
1.2359411980399346
1.236041201373379
1.2361412047068234
1.236241208040268
1.2363412113737124
1.2364412147071568
1.2365412180406012
1.2366412213740456
1.2367412247074903
1.2368412280409347
1.236941231374379
1.2370412347078235
1.237141238041268
1.2372412413747125
1.2373412447081569
1.2374412480416013
1.2375412513750457
1.2376412547084903
1.2377412580419347
1.237841261375379
1.2379412647088235
1.238041268042268
1.2381412713757125
1.238241274709157
1.2383412780426013
1.238441281376046
1.2385412847094903
1.2386412880429347
1.2387412913763791
1.2388412947098235
1.2389412980432681
1.2390413013767125
1.239141304710157
1.2392413080436013
1.239341311377046
1.2394413147104903
1.2395413180439347
1.2396413213773791
1.2397413247108235
1.2398413280442682
1.2399413313777126
1.240041334711157
1.2401413380446014
1.240241341378046
1.2403413447114904
1.2404413480449348
1.2405413513783792
1.2406413547118236
1.2407413580452682
1.2408413613787126
1.240941364712157
1.2410413680456014
1.241141371379046
1.2412413747124904
1.2413413780459348
1.2414413813793792
1.2415413847128236
1.2416413880462682
1.2417413913797126
1.241841394713157
1.2419413980466014
1.242041401380046
1.2421414047134904
1.2422414080469348
1.2423414113803792
1.2424414147138236
1.2425414180472683
1.2426414213807127
1.242741424714157
1.2428414280476014
1.242941431381046
1.2430414347144905
1.2431414380479349
1.2432414413813793
1.2433414447148237
1.2434414480482683
1.2435414513817127
1.243641454715157
1.2437414580486015
1.243841461382046
1.2439414647154905
1.244041468048935
1.2441414713823793
1.244241474715824
1.2443414780492683
1.2444414813827127
1.244541484716157
1.2446414880496015
1.2447414913830461
1.2448414947164905
1.244941498049935
1.2450415013833793
1.245141504716824
1.2452415080502683
1.2453415113837127
1.2454415147171571
1.2455415180506015
1.2456415213840462
1.2457415247174906
1.245841528050935
1.2459415313843794
1.246041534717824
1.2461415380512684
1.2462415413847128
1.2463415447181572
1.2464415480516016
1.2465415513850462
1.2466415547184906
1.246741558051935
1.2468415613853794
1.246941564718824
1.2470415680522684
1.2471415713857128
1.2472415747191572
1.2473415780526016
1.2474415813860462
1.2475415847194906
1.247641588052935
1.2477415913863794
1.247841594719824
1.2479415980532684
1.2480416013867128
1.2481416047201572
1.2482416080536016
1.2483416113870462
1.2484416147204906
1.248541618053935
1.2486416213873794
1.248741624720824
1.2488416280542685
1.2489416313877129
1.2490416347211573
1.2491416380546017
1.2492416413880463
1.2493416447214907
1.249441648054935
1.2495416513883795
1.249641654721824
1.2497416580552685
1.2498416613887129
1.2499416647221573
1.250041668055602
1.2501416713890463
1.2502416747224907
1.250341678055935
1.2504416813893795
1.2505416847228241
1.2506416880562685
1.250741691389713
1.2508416947231573
1.250941698056602
1.2510417013900463
1.2511417047234907
1.2512417080569351
1.2513417113903795
1.2514417147238242
1.2515417180572685
1.251641721390713
1.2517417247241573
1.251841728057602
1.2519417313910464
1.2520417347244908
1.2521417380579352
1.2522417413913796
1.2523417447248242
1.2524417480582686
1.252541751391713
1.2526417547251574
1.252741758058602
1.2528417613920464
1.2529417647254908
1.2530417680589352
1.2531417713923796
1.2532417747258242
1.2533417780592686
1.253441781392713
1.2535417847261574
1.253641788059602
1.2537417913930464
1.2538417947264908
1.2539417980599352
1.2540418013933796
1.2541418047268242
1.2542418080602686
1.254341811393713
1.2544418147271574
1.254541818060602
1.2546418213940465
1.2547418247274909
1.2548418280609352
1.2549418313943796
1.2550418347278243
1.2551418380612687
1.255241841394713
1.2553418447281575
1.255441848061602
1.2555418513950465
1.2556418547284909
1.2557418580619353
1.25584186139538
1.2559418647288243
1.2560418680622687
1.256141871395713
1.2562418747291575
1.2563418780626021
1.2564418813960465
1.256541884729491
1.2566418880629353
1.25674189139638
1.2568418947298243
1.2569418980632687
1.2570419013967131
1.2571419047301575
1.2572419080636021
1.2573419113970465
1.257441914730491
1.2575419180639353
1.25764192139738
1.2577419247308244
1.2578419280642688
1.2579419313977132
1.2580419347311576
1.2581419380646022
1.2582419413980466
1.258341944731491
1.2584419480649354
1.25854195139838
1.2586419547318244
1.2587419580652688
1.2588419613987132
1.2589419647321576
1.2590419680656022
1.2591419713990466
1.259241974732491
1.2593419780659354
1.25944198139938
1.2595419847328244
1.2596419880662688
1.2597419913997132
1.2598419947331576
1.2599419980666022
1.2600420014000466
1.260142004733491
1.2602420080669354
1.26034201140038
1.2604420147338244
1.2605420180672688
1.2606420214007132
1.2607420247341576
1.2608420280676023
1.2609420314010467
1.261042034734491
1.2611420380679355
1.26124204140138
1.2613420447348245
1.2614420480682689
1.2615420514017133
1.261642054735158
1.2617420580686023
1.2618420614020467
1.261942064735491
1.2620420680689355
1.26214207140238
1.2622420747358245
1.262342078069269
1.2624420814027133
1.262542084736158
1.2626420880696023
1.2627420914030467
1.2628420947364911
1.2629420980699355
1.2630421014033801
1.2631421047368245
1.263242108070269
1.2633421114037133
1.263442114737158
1.2635421180706023
1.2636421214040467
1.2637421247374911
1.2638421280709355
1.2639421314043802
1.2640421347378246
1.264142138071269
1.2642421414047134
1.264342144738158
1.2644421480716024
1.2645421514050468
1.2646421547384912
1.2647421580719356
1.2648421614053802
1.2649421647388246
1.265042168072269
1.2651421714057134
1.265242174739158
1.2653421780726024
1.2654421814060468
1.2655421847394912
1.2656421880729356
1.2657421914063802
1.2658421947398246
1.265942198073269
1.2660422014067134
1.266142204740158
1.2662422080736024
1.2663422114070468
1.2664422147404912
1.2665422180739356
1.2666422214073803
1.2667422247408247
1.266842228074269
1.2669422314077134
1.267042234741158
1.2671422380746025
1.2672422414080469
1.2673422447414913
1.2674422480749359
1.2675422514083803
1.2676422547418247
1.267742258075269
1.2678422614087135
1.267942264742158
1.2680422680756025
1.268142271409047
1.2682422747424913
1.268342278075936
1.2684422814093803
1.2685422847428247
1.268642288076269
1.2687422914097135
1.2688422947431581
1.2689422980766025
1.269042301410047
1.2691423047434913
1.269242308076936
1.2693423114103803
1.2694423147438247
1.2695423180772691
1.2696423214107135
1.2697423247441582
1.2698423280776026
1.269942331411047
1.2700423347444914
1.270142338077936
1.2702423414113804
1.2703423447448248
1.2704423480782692
1.2705423514117136
1.2706423547451582
1.2707423580786026
1.270842361412047
1.2709423647454914
1.271042368078936
1.2711423714123804
1.2712423747458248
1.2713423780792692
1.2714423814127136
1.2715423847461582
1.2716423880796026
1.271742391413047
1.2718423947464914
1.271942398079936
1.2720424014133804
1.2721424047468248
1.2722424080802692
1.2723424114137136
1.2724424147471582
1.2725424180806026
1.272642421414047
1.2727424247474914
1.272842428080936
1.2729424314143805
1.2730424347478249
1.2731424380812693
1.2732424414147139
1.2733424447481583
1.2734424480816027
1.273542451415047
1.2736424547484915
1.273742458081936
1.2738424614153805
1.2739424647488249
1.2740424680822693
1.274142471415714
1.2742424747491583
1.2743424780826027
1.274442481416047
1.2745424847494915
1.2746424880829361
1.2747424914163805
1.274842494749825
1.2749424980832693
1.275042501416714
1.2751425047501583
1.2752425080836027
1.2753425114170471
1.2754425147504915
1.2755425180839361
1.2756425214173805
1.275742524750825
1.2758425280842693
1.275942531417714
1.2760425347511584
1.2761425380846028
1.2762425414180472
1.2763425447514916
1.2764425480849362
1.2765425514183806
1.276642554751825
1.2767425580852694
1.276842561418714
1.2769425647521584
1.2770425680856028
1.2771425714190472
1.2772425747524916
1.2773425780859362
1.2774425814193806
1.277542584752825
1.2776425880862694
1.277742591419714
1.2778425947531584
1.2779425980866028
1.2780426014200472
1.2781426047534916
1.2782426080869362
1.2783426114203806
1.278442614753825
1.2785426180872694
1.278642621420714
1.2787426247541585
1.2788426280876029
1.2789426314210472
1.2790426347544919
1.2791426380879363
1.2792426414213807
1.279342644754825
1.2794426480882695
1.279542651421714
1.2796426547551585
1.2797426580886029
1.2798426614220473
1.279942664755492
1.2800426680889363
1.2801426714223807
1.280242674755825
1.2803426780892695
1.2804426814227141
1.2805426847561585
1.280642688089603
1.2807426914230473
1.280842694756492
1.2809426980899363
1.2810427014233807
1.2811427047568251
1.2812427080902695
1.2813427114237141
1.2814427147571585
1.281542718090603
1.2816427214240473
1.281742724757492
1.2818427280909364
1.2819427314243808
1.2820427347578252
1.2821427380912696
1.2822427414247142
1.2823427447581586
1.282442748091603
1.2825427514250474
1.282642754758492
1.2827427580919364
1.2828427614253808
1.2829427647588252
1.2830427680922696
1.2831427714257142
1.2832427747591586
1.283342778092603
1.2834427814260474
1.283542784759492
1.2836427880929364
1.2837427914263808
1.2838427947598252
1.2839427980932696
1.2840428014267142
1.2841428047601586
1.284242808093603
1.2843428114270474
1.284442814760492
1.2845428180939364
1.2846428214273808
1.2847428247608252
1.2848428280942699
1.2849428314277143
1.2850428347611587
1.285142838094603
1.2852428414280475
1.285342844761492
1.2854428480949365
1.2855428514283809
1.2856428547618253
1.28574285809527
1.2858428614287143
1.2859428647621587
1.286042868095603
1.2861428714290475
1.286242874762492
1.2863428780959365
1.286442881429381
1.2865428847628253
1.28664288809627
1.2867428914297143
1.2868428947631587
1.2869428980966031
1.2870429014300475
1.2871429047634921
1.2872429080969365
1.287342911430381
1.2874429147638253
1.28754291809727
1.2876429214307143
1.2877429247641587
1.2878429280976031
1.2879429314310475
1.2880429347644922
1.2881429380979366
1.288242941431381
1.2883429447648254
1.28844294809827
1.2885429514317144
1.2886429547651588
1.2887429580986032
1.2888429614320476
1.2889429647654922
1.2890429680989366
1.289142971432381
1.2892429747658254
1.28934297809927
1.2894429814327144
1.2895429847661588
1.2896429880996032
1.2897429914330476
1.2898429947664922
1.2899429980999366
1.290043001433381
1.2901430047668254
1.29024300810027
1.2903430114337144
1.2904430147671588
1.2905430181006032
1.2906430214340479
1.2907430247674923
1.2908430281009367
1.290943031434381
1.2910430347678254
1.29114303810127
1.2912430414347145
1.2913430447681589
1.2914430481016033
1.2915430514350479
1.2916430547684923
1.2917430581019367
1.291843061435381
1.2919430647688255
1.29204306810227
1.2921430714357145
1.292243074769159
1.2923430781026033
1.292443081436048
1.2925430847694923
1.2926430881029367
1.292743091436381
1.2928430947698255
1.2929430981032701
1.2930431014367145
1.293143104770159
1.2932431081036033
1.293343111437048
1.2934431147704923
1.2935431181039367
1.2936431214373811
1.2937431247708255
1.2938431281042702
1.2939431314377146
1.294043134771159
1.2941431381046034
1.294243141438048
1.2943431447714924
1.2944431481049368
1.2945431514383812
1.2946431547718256
1.2947431581052702
1.2948431614387146
1.294943164772159
1.2950431681056034
1.295143171439048
1.2952431747724924
1.2953431781059368
1.2954431814393812
1.2955431847728256
1.2956431881062702
1.2957431914397146
1.295843194773159
1.2959431981066034
1.296043201440048
1.2961432047734924
1.2962432081069368
1.2963432114403812
1.2964432147738258
1.2965432181072702
1.2966432214407146
1.296743224774159
1.2968432281076034
1.296943231441048
1.2970432347744925
1.2971432381079369
1.2972432414413813
1.2973432447748259
1.2974432481082703
1.2975432514417147
1.297643254775159
1.2977432581086035
1.297843261442048
1.2979432647754925
1.2980432681089369
1.2981432714423813
1.298243274775826
1.2983432781092703
1.2984432814427147
1.298543284776159
1.2986432881096035
1.2987432914430481
1.2988432947764925
1.298943298109937
1.2990433014433813
1.299143304776826
1.2992433081102703
1.2993433114437147
1.2994433147771591
1.2995433181106035
1.2996433214440481
1.2997433247774925
1.299843328110937
1.2999433314443813
1.300043334777826
1.3001433381112704
1.3002433414447148
1.3003433447781592
1.3004433481116036
1.3005433514450482
1.3006433547784926
1.300743358111937
1.3008433614453814
1.300943364778826
1.3010433681122704
1.3011433714457148
1.3012433747791592
1.3013433781126036
1.3014433814460482
1.3015433847794926
1.301643388112937
1.3017433914463814
1.301843394779826
1.3019433981132704
1.3020434014467148
1.3021434047801592
1.3022434081136038
1.3023434114470482
1.3024434147804926
1.302543418113937
1.3026434214473814
1.302743424780826
1.3028434281142705
1.3029434314477149
1.3030434347811592
1.3031434381146039
1.3032434414480483
1.3033434447814927
1.303443448114937
1.3035434514483815
1.303643454781826
1.3037434581152705
1.3038434614487149
1.3039434647821593
1.304043468115604
1.3041434714490483
1.3042434747824927
1.304343478115937
1.3044434814493815
1.3045434847828261
1.3046434881162705
1.304743491449715
1.3048434947831593
1.304943498116604
1.3050435014500483
1.3051435047834927
1.3052435081169371
1.3053435114503815
1.3054435147838261
1.3055435181172705
1.305643521450715
1.3057435247841593
1.305843528117604
1.3059435314510484
1.3060435347844928
1.3061435381179372
1.3062435414513816
1.3063435447848262
1.3064435481182706
1.306543551451715
1.3066435547851594
1.306743558118604
1.3068435614520484
1.3069435647854928
1.3070435681189372
1.3071435714523816
1.3072435747858262
1.3073435781192706
1.307443581452715
1.3075435847861594
1.307643588119604
1.3077435914530484
1.3078435947864928
1.3079435981199372
1.3080436014533818
1.3081436047868262
1.3082436081202706
1.308343611453715
1.3084436147871594
1.308543618120604
1.3086436214540484
1.3087436247874928
1.3088436281209372
1.3089436314543819
1.3090436347878263
1.3091436381212707
1.309243641454715
1.3093436447881595
1.309443648121604
1.3095436514550485
1.3096436547884929
1.3097436581219373
1.309843661455382
1.3099436647888263
1.3100436681222707
1.310143671455715
1.3102436747891595
1.310343678122604
1.3104436814560485
1.310543684789493
1.3106436881229373
1.310743691456382
1.3108436947898263
1.3109436981232707
1.3110437014567151
1.3111437047901595
1.3112437081236041
1.3113437114570485
1.311443714790493
1.3115437181239373
1.311643721457382
1.3117437247908263
1.3118437281242707
1.3119437314577151
1.3120437347911595
1.3121437381246042
1.3122437414580486
1.312343744791493
1.3124437481249374
1.312543751458382
1.3126437547918264
1.3127437581252708
1.3128437614587152
1.3129437647921596
1.3130437681256042
1.3131437714590486
1.313243774792493
1.3133437781259374
1.313443781459382
1.3135437847928264
1.3136437881262708
1.3137437914597152
1.3138437947931598
1.3139437981266042
1.3140438014600486
1.314143804793493
1.3142438081269374
1.314343811460382
1.3144438147938264
1.3145438181272708
1.3146438214607152
1.3147438247941599
1.3148438281276043
1.3149438314610487
1.315043834794493
1.3151438381279374
1.315243841461382
1.3153438447948265
1.3154438481282709
1.3155438514617153
1.3156438547951599
1.3157438581286043
1.3158438614620487
1.315943864795493
1.3160438681289375
1.316143871462382
1.3162438747958265
1.316343878129271
1.3164438814627153
1.31654388479616
1.3166438881296043
1.3167438914630487
1.316843894796493
1.3169438981299375
1.3170439014633821
1.3171439047968265
1.317243908130271
1.3173439114637153
1.31744391479716
1.3175439181306043
1.3176439214640487
1.3177439247974931
1.3178439281309375
1.3179439314643822
1.3180439347978266
1.318143938131271
1.3182439414647154
1.31834394479816
1.3184439481316044
1.3185439514650488
1.3186439547984932
1.3187439581319376
1.3188439614653822
1.3189439647988266
1.319043968132271
1.3191439714657154
1.31924397479916
1.3193439781326044
1.3194439814660488
1.3195439847994932
1.3196439881329378
1.3197439914663822
1.3198439947998266
1.319943998133271
1.3200440014667154
1.32014400480016
1.3202440081336044
1.3203440114670488
1.3204440148004932
1.3205440181339378
1.3206440214673822
1.3207440248008266
1.320844028134271
1.3209440314677154
1.32104403480116
1.3211440381346045
1.3212440414680489
1.3213440448014933
1.3214440481349379
1.3215440514683823
1.3216440548018267
1.321744058135271
1.3218440614687155
1.32194406480216
1.3220440681356045
1.3221440714690489
1.3222440748024933
1.322344078135938
1.3224440814693823
1.3225440848028267
1.322644088136271
1.3227440914697155
1.3228440948031601
1.3229440981366045
1.323044101470049
1.3231441048034933
1.323244108136938
1.3233441114703823
1.3234441148038267
1.3235441181372711
1.3236441214707155
1.3237441248041601
1.3238441281376045
1.323944131471049
1.3240441348044933
1.324144138137938
1.3242441414713824
1.3243441448048268
1.3244441481382712
1.3245441514717156
1.3246441548051602
1.3247441581386046
1.324844161472049
1.3249441648054934
1.325044168138938
1.3251441714723824
1.3252441748058268
1.3253441781392712
1.3254441814727158
1.3255441848061602
1.3256441881396046
1.325744191473049
1.3258441948064934
1.325944198139938
1.3260442014733824
1.3261442048068268
1.3262442081402712
1.3263442114737158
1.3264442148071602
1.3265442181406046
1.326644221474049
1.3267442248074934
1.326844228140938
1.3269442314743825
1.3270442348078269
1.3271442381412712
1.3272442414747159
1.3273442448081603
1.3274442481416047
1.327544251475049
1.3276442548084935
1.327744258141938
1.3278442614753825
1.3279442648088269
1.3280442681422713
1.328144271475716
1.3282442748091603
1.3283442781426047
1.328444281476049
1.3285442848094935
1.3286442881429381
1.3287442914763825
1.328844294809827
1.3289442981432713
1.329044301476716
1.3291443048101603
1.3292443081436047
1.3293443114770491
1.3294443148104935
1.3295443181439381
1.3296443214773825
1.329744324810827
1.3298443281442713
1.329944331477716
1.3300443348111604
1.3301443381446048
1.3302443414780492
1.3303443448114936
1.3304443481449382
1.3305443514783826
1.330644354811827
1.3307443581452714
1.330844361478716
1.3309443648121604
1.3310443681456048
1.3311443714790492
1.3312443748124938
1.3313443781459382
1.3314443814793826
1.331544384812827
1.3316443881462714
1.331744391479716
1.3318443948131604
1.3319443981466048
1.3320444014800492
1.3321444048134938
1.3322444081469382
1.3323444114803826
1.332444414813827
1.3325444181472714
1.332644421480716
1.3327444248141604
1.3328444281476048
1.3329444314810492
1.3330444348144939
1.3331444381479383
1.3332444414813827
1.333344444814827
1.3334444481482715
1.333544451481716
1.3336444548151605
1.3337444581486049
1.3338444614820493
1.333944464815494
1.3340444681489383
1.3341444714823827
1.334244474815827
1.3343444781492715
1.334444481482716
1.3345444848161605
1.334644488149605
1.3347444914830493
1.334844494816494
1.3349444981499383
1.3350445014833827
1.3351445048168271
1.3352445081502715
1.3353445114837161
1.3354445148171605
1.335544518150605
1.3356445214840493
1.335744524817494
1.3358445281509383
1.3359445314843827
1.3360445348178271
1.3361445381512715
1.3362445414847162
1.3363445448181606
1.336444548151605
1.3365445514850494
1.336644554818494
1.3367445581519384
1.3368445614853828
1.3369445648188272
1.3370445681522716
1.3371445714857162
1.3372445748191606
1.337344578152605
1.3374445814860494
1.337544584819494
1.3376445881529384
1.3377445914863828
1.3378445948198272
1.3379445981532718
1.3380446014867162
1.3381446048201606
1.338244608153605
1.3383446114870494
1.338444614820494
1.3385446181539384
1.3386446214873828
1.3387446248208272
1.3388446281542719
1.3389446314877163
1.3390446348211607
1.339144638154605
1.3392446414880494
1.339344644821494
1.3394446481549385
1.3395446514883829
1.3396446548218273
1.3397446581552719
1.3398446614887163
1.3399446648221607
1.340044668155605
1.3401446714890495
1.340244674822494
1.3403446781559385
1.340444681489383
1.3405446848228273
1.340644688156272
1.3407446914897163
1.3408446948231607
1.340944698156605
1.3410447014900495
1.3411447048234941
1.3412447081569385
1.341344711490383
1.3414447148238273
1.341544718157272
1.3416447214907163
1.3417447248241607
1.3418447281576051
1.3419447314910495
1.3420447348244942
1.3421447381579386
1.342244741491383
1.3423447448248274
1.342444748158272
1.3425447514917164
1.3426447548251608
1.3427447581586052
1.3428447614920496
1.3429447648254942
1.3430447681589386
1.343144771492383
1.3432447748258274
1.343344778159272
1.3434447814927164
1.3435447848261608
1.3436447881596052
1.3437447914930498
1.3438447948264942
1.3439447981599386
1.344044801493383
1.3441448048268274
1.344244808160272
1.3443448114937164
1.3444448148271608
1.3445448181606052
1.3446448214940498
1.3447448248274942
1.3448448281609386
1.344944831494383
1.3450448348278274
1.345144838161272
1.3452448414947165
1.3453448448281609
1.3454448481616053
1.3455448514950499
1.3456448548284943
1.3457448581619387
1.345844861495383
1.3459448648288275
1.346044868162272
1.3461448714957165
1.3462448748291609
1.3463448781626053
1.34644488149605
1.3465448848294943
1.3466448881629387
1.346744891496383
1.3468448948298275
1.3469448981632721
1.3470449014967165
1.347144904830161
1.3472449081636053
1.34734491149705
1.3474449148304943
1.3475449181639387
1.3476449214973831
1.3477449248308275
1.3478449281642721
1.3479449314977165
1.348044934831161
1.3481449381646053
1.34824494149805
1.3483449448314944
1.3484449481649388
1.3485449514983832
1.3486449548318276
1.3487449581652722
1.3488449614987166
1.348944964832161
1.3490449681656054
1.34914497149905
1.3492449748324944
1.3493449781659388
1.3494449814993832
1.3495449848328278
1.3496449881662722
1.3497449914997166
1.349844994833161
1.3499449981666054
1.35004500150005
1.3501450048334944
1.3502450081669388
1.3503450115003832
1.3504450148338278
1.3505450181672722
1.3506450215007166
1.350745024834161
1.3508450281676054
1.35094503150105
1.3510450348344945
1.3511450381679388
1.3512450415013832
1.3513450448348279
1.3514450481682723
1.3515450515017167
1.351645054835161
1.3517450581686055
1.35184506150205
1.3519450648354945
1.3520450681689389
1.3521450715023833
1.352245074835828
1.3523450781692723
1.3524450815027167
1.352545084836161
1.3526450881696055
1.3527450915030501
1.3528450948364945
1.352945098169939
1.3530451015033833
1.353145104836828
1.3532451081702723
1.3533451115037167
1.3534451148371611
1.3535451181706055
1.3536451215040501
1.3537451248374945
1.353845128170939
1.3539451315043833
1.354045134837828
1.3541451381712724
1.3542451415047168
1.3543451448381612
1.3544451481716056
1.3545451515050502
1.3546451548384946
1.354745158171939
1.3548451615053834
1.354945164838828
1.3550451681722724
1.3551451715057168
1.3552451748391612
1.3553451781726058
1.3554451815060502
1.3555451848394946
1.355645188172939
1.3557451915063834
1.355845194839828
1.3559451981732724
1.3560452015067168
1.3561452048401612
1.3562452081736058
1.3563452115070502
1.3564452148404946
1.356545218173939
1.3566452215073834
1.356745224840828
1.3568452281742724
1.3569452315077168
1.3570452348411612
1.3571452381746059
1.3572452415080503
1.3573452448414947
1.357445248174939
1.3575452515083835
1.357645254841828
1.3577452581752725
1.3578452615087169
1.3579452648421613
1.358045268175606
1.3581452715090503
1.3582452748424947
1.358345278175939
1.3584452815093835
1.358545284842828
1.3586452881762725
1.358745291509717
1.3588452948431613
1.358945298176606
1.3590453015100503
1.3591453048434947
1.3592453081769391
1.3593453115103835
1.3594453148438281
1.3595453181772725
1.359645321510717
1.3597453248441613
1.359845328177606
1.3599453315110503
1.3600453348444947
1.3601453381779391
1.3602453415113835
1.3603453448448282
1.3604453481782726
1.360545351511717
1.3606453548451614
1.360745358178606
1.3608453615120504
1.3609453648454948
1.3610453681789392
1.3611453715123838
1.3612453748458282
1.3613453781792726
1.361445381512717
1.3615453848461614
1.361645388179606
1.3617453915130504
1.3618453948464948
1.3619453981799392
1.3620454015133838
1.3621454048468282
1.3622454081802726
1.362345411513717
1.3624454148471614
1.362545418180606
1.3626454215140504
1.3627454248474948
1.3628454281809392
1.3629454315143839
1.3630454348478283
1.3631454381812727
1.363245441514717
1.3633454448481614
1.363445448181606
1.3635454515150505
1.3636454548484949
1.3637454581819393
1.3638454615153839
1.3639454648488283
1.3640454681822727
1.364145471515717
1.3642454748491615
1.364345478182606
1.3644454815160505
1.364545484849495
1.3646454881829393
1.364745491516384
1.3648454948498283
1.3649454981832727
1.365045501516717
1.3651455048501615
1.3652455081836061
1.3653455115170505
1.365445514850495
1.3655455181839393
1.365645521517384
1.3657455248508283
1.3658455281842727
1.3659455315177171
1.3660455348511615
1.3661455381846062
1.3662455415180506
1.366345544851495
1.3664455481849394
1.366545551518384
1.3666455548518284
1.3667455581852728
1.3668455615187172
1.3669455648521618
1.3670455681856062
1.3671455715190506
1.367245574852495
1.3673455781859394
1.367445581519384
1.3675455848528284
1.3676455881862728
1.3677455915197172
1.3678455948531618
1.3679455981866062
1.3680456015200506
1.368145604853495
1.3682456081869394
1.368345611520384
1.3684456148538284
1.3685456181872728
1.3686456215207172
1.3687456248541618
1.3688456281876062
1.3689456315210506
1.369045634854495
1.3691456381879394
1.369245641521384
1.3693456448548285
1.3694456481882729
1.3695456515217173
1.3696456548551619
1.3697456581886063
1.3698456615220507
1.369945664855495
1.3700456681889395
1.370145671522384
1.3702456748558285
1.3703456781892729
1.3704456815227173
1.370545684856162
1.3706456881896063
1.3707456915230507
1.370845694856495
1.3709456981899395
1.3710457015233841
1.3711457048568285
1.371245708190273
1.3713457115237173
1.371445714857162
1.3715457181906063
1.3716457215240507
1.3717457248574951
1.3718457281909395
1.3719457315243841
1.3720457348578285
1.372145738191273
1.3722457415247173
1.372345744858162
1.3724457481916064
1.3725457515250508
1.3726457548584952
1.3727457581919398
1.3728457615253842
1.3729457648588286
1.373045768192273
1.3731457715257174
1.373245774859162
1.3733457781926064
1.3734457815260508
1.3735457848594952
1.3736457881929398
1.3737457915263842
1.3738457948598286
1.373945798193273
1.3740458015267174
1.374145804860162
1.3742458081936064
1.3743458115270508
1.3744458148604952
1.3745458181939398
1.3746458215273842
1.3747458248608286
1.374845828194273
1.3749458315277174
1.375045834861162
1.3751458381946065
1.3752458415280508
1.3753458448614952
1.3754458481949399
1.3755458515283843
1.3756458548618287
1.375745858195273
1.3758458615287175
1.375945864862162
1.3760458681956065
1.3761458715290509
1.3762458748624953
1.37634587819594
1.3764458815293843
1.3765458848628287
1.376645888196273
1.3767458915297175
1.3768458948631621
1.3769458981966065
1.377045901530051
1.3771459048634953
1.37724590819694
1.3773459115303843
1.3774459148638287
1.3775459181972731
1.3776459215307175
1.3777459248641621
1.3778459281976065
1.377945931531051
1.3780459348644953
1.37814593819794
1.3782459415313844
1.3783459448648288
1.3784459481982732
1.3785459515317178
1.3786459548651622
1.3787459581986066
1.378845961532051
1.3789459648654954
1.37904596819894
1.3791459715323844
1.3792459748658288
1.3793459781992732
1.3794459815327178
1.3795459848661622
1.3796459881996066
1.379745991533051
1.3798459948664954
1.37994599819994
1.3800460015333844
1.3801460048668288
1.3802460082002732
1.3803460115337178
1.3804460148671622
1.3805460182006066
1.380646021534051
1.3807460248674954
1.38084602820094
1.3809460315343844
1.3810460348678288
1.3811460382012732
1.3812460415347179
1.3813460448681623
1.3814460482016067
1.381546051535051
1.3816460548684955
1.38174605820194
1.3818460615353845
1.3819460648688289
1.3820460682022733
1.382146071535718
1.3822460748691623
1.3823460782026067
1.382446081536051
1.3825460848694955
1.38264608820294
1.3827460915363845
1.382846094869829
1.3829460982032733
1.383046101536718
1.3831461048701623
1.3832461082036067
1.3833461115370511
1.3834461148704955
1.3835461182039401
1.3836461215373845
1.383746124870829
1.3838461282042733
1.383946131537718
1.3840461348711623
1.3841461382046067
1.3842461415380511
1.3843461448714958
1.3844461482049402
1.3845461515383846
1.384646154871829
1.3847461582052734
1.384846161538718
1.3849461648721624
1.3850461682056068
1.3851461715390512
1.3852461748724958
1.3853461782059402
1.3854461815393846
1.385546184872829
1.3856461882062734
1.385746191539718
1.3858461948731624
1.3859461982066068
1.3860462015400512
1.3861462048734958
1.3862462082069402
1.3863462115403846
1.386446214873829
1.3865462182072734
1.386646221540718
1.3867462248741624
1.3868462282076068
1.3869462315410512
1.3870462348744959
1.3871462382079403
1.3872462415413847
1.387346244874829
1.3874462482082734
1.387546251541718
1.3876462548751625
1.3877462582086069
1.3878462615420513
1.3879462648754959
1.3880462682089403
1.3881462715423847
1.388246274875829
1.3883462782092735
1.388446281542718
1.3885462848761625
1.388646288209607
1.3887462915430513
1.388846294876496
1.3889462982099403
1.3890463015433847
1.389146304876829
1.3892463082102735
1.3893463115437181
1.3894463148771625
1.389546318210607
1.3896463215440513
1.389746324877496
1.3898463282109403
1.3899463315443847
1.3900463348778291
1.3901463382112738
1.3902463415447182
1.3903463448781626
1.390446348211607
1.3905463515450514
1.390646354878496
1.3907463582119404
1.3908463615453848
1.3909463648788292
1.3910463682122738
1.3911463715457182
1.3912463748791626
1.391346378212607
1.3914463815460514
1.391546384879496
1.3916463882129404
1.3917463915463848
1.3918463948798292
1.3919463982132738
1.3920464015467182
1.3921464048801626
1.392246408213607
1.3923464115470514
1.392446414880496
1.3925464182139404
1.3926464215473848
1.3927464248808292
1.3928464282142738
1.3929464315477182
1.3930464348811626
1.393146438214607
1.3932464415480514
1.393346444881496
1.3934464482149405
1.3935464515483849
1.3936464548818293
1.3937464582152739
1.3938464615487183
1.3939464648821627
1.394046468215607
1.3941464715490515
1.394246474882496
1.3943464782159405
1.3944464815493849
1.3945464848828293
1.394646488216274
1.3947464915497183
1.3948464948831627
1.394946498216607
1.3950465015500515
1.3951465048834961
1.3952465082169405
1.395346511550385
1.3954465148838293
1.395546518217274
1.3956465215507183
1.3957465248841627
1.3958465282176071
1.3959465315510518
1.3960465348844961
1.3961465382179405
1.396246541551385
1.3963465448848293
1.396446548218274
1.3965465515517184
1.3966465548851628
1.3967465582186072
1.3968465615520518
1.3969465648854962
1.3970465682189406
1.397146571552385
1.3972465748858294
1.397346578219274
1.3974465815527184
1.3975465848861628
1.3976465882196072
1.3977465915530518
1.3978465948864962
1.3979465982199406
1.398046601553385
1.3981466048868294
1.398246608220274
1.3983466115537184
1.3984466148871628
1.3985466182206072
1.3986466215540518
1.3987466248874962
1.3988466282209406
1.398946631554385
1.3990466348878294
1.399146638221274
1.3992466415547185
1.3993466448881628
1.3994466482216072
1.3995466515550519
1.3996466548884963
1.3997466582219407
1.399846661555385
1.3999466648888295
1.400046668222274
1.4001466715557185
1.4002466748891629
1.4003466782226073
1.400446681556052
1.4005466848894963
1.4006466882229407
1.400746691556385
1.4008466948898295
1.4009466982232741
1.4010467015567185
1.401146704890163
1.4012467082236073
1.401346711557052
1.4014467148904963
1.4015467182239407
1.4016467215573851
1.4017467248908297
1.4018467282242741
1.4019467315577185
1.402046734891163
1.4021467382246073
1.402246741558052
1.4023467448914964
1.4024467482249408
1.4025467515583852
1.4026467548918298
1.4027467582252742
1.4028467615587186
1.402946764892163
1.4030467682256074
1.403146771559052
1.4032467748924964
1.4033467782259408
1.4034467815593852
1.4035467848928298
1.4036467882262742
1.4037467915597186
1.403846794893163
1.4039467982266074
1.404046801560052
1.4041468048934964
1.4042468082269408
1.4043468115603852
1.4044468148938298
1.4045468182272742
1.4046468215607186
1.404746824894163
1.4048468282276074
1.404946831561052
1.4050468348944964
1.4051468382279408
1.4052468415613852
1.4053468448948299
1.4054468482282743
1.4055468515617187
1.405646854895163
1.4057468582286075
1.405846861562052
1.4059468648954965
1.4060468682289409
1.4061468715623853
1.40624687489583
1.4063468782292743
1.4064468815627187
1.406546884896163
1.4066468882296075
1.406746891563052
1.4068468948964965
1.406946898229941
1.4070469015633853
1.40714690489683
1.4072469082302743
1.4073469115637187
1.4074469148971631
1.4075469182306077
1.4076469215640521
1.4077469248974965
1.407846928230941
1.4079469315643853
1.40804693489783
1.4081469382312743
1.4082469415647187
1.4083469448981631
1.4084469482316078
1.4085469515650522
1.4086469548984966
1.408746958231941
1.4088469615653854
1.40894696489883
1.4090469682322744
1.4091469715657188
1.4092469748991632
1.4093469782326078
1.4094469815660522
1.4095469848994966
1.409646988232941
1.4097469915663854
1.40984699489983
1.4099469982332744
1.4100470015667188
1.4101470049001632
1.4102470082336078
1.4103470115670522
1.4104470149004966
1.410547018233941
1.4106470215673854
1.41074702490083
1.4108470282342744
1.4109470315677188
1.4110470349011632
1.4111470382346079
1.4112470415680523
1.4113470449014967
1.411447048234941
1.4115470515683854
1.41164705490183
1.4117470582352745
1.4118470615687189
1.4119470649021633
1.4120470682356079
1.4121470715690523
1.4122470749024967
1.412347078235941
1.4124470815693855
1.41254708490283
1.4126470882362745
1.412747091569719
1.4128470949031633
1.412947098236608
1.4130471015700523
1.4131471049034967
1.413247108236941
1.4133471115703857
1.4134471149038301
1.4135471182372745
1.413647121570719
1.4137471249041633
1.413847128237608
1.4139471315710523
1.4140471349044967
1.4141471382379411
1.4142471415713858
1.4143471449048302
1.4144471482382746
1.414547151571719
1.4146471549051634
1.414747158238608
1.4148471615720524
1.4149471649054968
1.4150471682389412
1.4151471715723858
1.4152471749058302
1.4153471782392746
1.415447181572719
1.4155471849061634
1.415647188239608
1.4157471915730524
1.4158471949064968
1.4159471982399412
1.4160472015733858
1.4161472049068302
1.4162472082402746
1.416347211573719
1.4164472149071634
1.416547218240608
1.4166472215740524
1.4167472249074968
1.4168472282409412
1.4169472315743858
1.4170472349078302
1.4171472382412746
1.417247241574719
1.4173472449081634
1.417447248241608
1.4175472515750525
1.4176472549084969
1.4177472582419413
1.4178472615753859
1.4179472649088303
1.4180472682422747
1.418147271575719
1.4182472749091635
1.418347278242608
1.4184472815760525
1.4185472849094969
1.4186472882429413
1.418747291576386
1.4188472949098303
1.4189472982432747
1.419047301576719
1.4191473049101637
1.4192473082436081
1.4193473115770525
1.419447314910497
1.4195473182439413
1.419647321577386
1.4197473249108303
1.4198473282442747
1.4199473315777191
1.4200473349111637
1.4201473382446081
1.4202473415780525
1.420347344911497
1.4204473482449413
1.420547351578386
1.4206473549118304
1.4207473582452748
1.4208473615787192
1.4209473649121638
1.4210473682456082
1.4211473715790526
1.421247374912497
1.4213473782459414
1.421447381579386
1.4215473849128304
1.4216473882462748
1.4217473915797192
1.4218473949131638
1.4219473982466082
1.4220474015800526
1.422147404913497
1.4222474082469414
1.422347411580386
1.4224474149138304
1.4225474182472748
1.4226474215807192
1.4227474249141638
1.4228474282476082
1.4229474315810526
1.423047434914497
1.4231474382479414
1.423247441581386
1.4233474449148305
1.4234474482482748
1.4235474515817192
1.4236474549151639
1.4237474582486083
1.4238474615820527
1.423947464915497
1.4240474682489415
1.424147471582386
1.4242474749158305
1.4243474782492749
1.4244474815827193
1.424547484916164
1.4246474882496083
1.4247474915830527
1.424847494916497
1.4249474982499417
1.4250475015833861
1.4251475049168305
1.425247508250275
1.4253475115837193
1.425447514917164
1.4255475182506083
1.4256475215840527
1.4257475249174971
1.4258475282509417
1.4259475315843861
1.4260475349178305
1.426147538251275
1.4262475415847193
1.426347544918164
1.4264475482516084
1.4265475515850528
1.4266475549184972
1.4267475582519418
1.4268475615853862
1.4269475649188306
1.427047568252275
1.4271475715857194
1.427247574919164
1.4273475782526084
1.4274475815860528
1.4275475849194972
1.4276475882529418
1.4277475915863862
1.4278475949198306
1.427947598253275
1.4280476015867194
1.428147604920164
1.4282476082536084
1.4283476115870528
1.4284476149204972
1.4285476182539418
1.4286476215873862
1.4287476249208306
1.428847628254275
1.4289476315877194
1.429047634921164
1.4291476382546084
1.4292476415880528
1.4293476449214972
1.4294476482549419
1.4295476515883863
1.4296476549218307
1.429747658255275
1.4298476615887195
1.429947664922164
1.4300476682556085
1.4301476715890529
1.4302476749224973
1.430347678255942
1.4304476815893863
1.4305476849228307
1.430647688256275
1.4307476915897197
1.430847694923164
1.4309476982566085
1.431047701590053
1.4311477049234973
1.431247708256942
1.4313477115903863
1.4314477149238307
1.4315477182572751
1.4316477215907197
1.4317477249241641
1.4318477282576085
1.431947731591053
1.4320477349244973
1.432147738257942
1.4322477415913863
1.4323477449248307
1.4324477482582751
1.4325477515917198
1.4326477549251642
1.4327477582586086
1.432847761592053
1.4329477649254974
1.433047768258942
1.4331477715923864
1.4332477749258308
1.4333477782592752
1.4334477815927198
1.4335477849261642
1.4336477882596086
1.433747791593053
1.4338477949264974
1.433947798259942
1.4340478015933864
1.4341478049268308
1.4342478082602752
1.4343478115937198
1.4344478149271642
1.4345478182606086
1.434647821594053
1.4347478249274974
1.434847828260942
1.4349478315943864
1.4350478349278308
1.4351478382612752
1.4352478415947199
1.4353478449281643
1.4354478482616086
1.435547851595053
1.4356478549284974
1.435747858261942
1.4358478615953865
1.4359478649288309
1.4360478682622753
1.4361478715957199
1.4362478749291643
1.4363478782626087
1.436447881596053
1.4365478849294975
1.436647888262942
1.4367478915963865
1.436847894929831
1.4369478982632753
1.43704790159672
1.4371479049301643
1.4372479082636087
1.437347911597053
1.4374479149304977
1.4375479182639421
1.4376479215973865
1.437747924930831
1.4378479282642753
1.43794793159772
1.4380479349311643
1.4381479382646087
1.4382479415980531
1.4383479449314978
1.4384479482649422
1.4385479515983866
1.438647954931831
1.4387479582652754
1.43884796159872
1.4389479649321644
1.4390479682656088
1.4391479715990532
1.4392479749324978
1.4393479782659422
1.4394479815993866
1.439547984932831
1.4396479882662754
1.43974799159972
1.4398479949331644
1.4399479982666088
1.4400480016000532
1.4401480049334978
1.4402480082669422
1.4403480116003866
1.440448014933831
1.4405480182672754
1.44064802160072
1.4407480249341644
1.4408480282676088
1.4409480316010532
1.4410480349344978
1.4411480382679422
1.4412480416013866
1.441348044934831
1.4414480482682754
1.44154805160172
1.4416480549351645
1.4417480582686089
1.4418480616020533
1.4419480649354979
1.4420480682689423
1.4421480716023867
1.442248074935831
1.4423480782692755
1.44244808160272
1.4425480849361645
1.4426480882696089
1.4427480916030533
1.442848094936498
1.4429480982699423
1.4430481016033867
1.443148104936831
1.4432481082702757
1.4433481116037201
1.4434481149371645
1.443548118270609
1.4436481216040533
1.443748124937498
1.4438481282709423
1.4439481316043867
1.4440481349378311
1.4441481382712757
1.4442481416047201
1.4443481449381645
1.444448148271609
1.4445481516050533
1.444648154938498
1.4447481582719424
1.4448481616053868
1.4449481649388312
1.4450481682722758
1.4451481716057202
1.4452481749391646
1.445348178272609
1.4454481816060534
1.445548184939498
1.4456481882729424
1.4457481916063868
1.4458481949398312
1.4459481982732758
1.4460482016067202
1.4461482049401646
1.446248208273609
1.4463482116070534
1.446448214940498
1.4465482182739424
1.4466482216073868
1.4467482249408312
1.4468482282742758
1.4469482316077202
1.4470482349411646
1.447148238274609
1.4472482416080534
1.447348244941498
1.4474482482749425
1.4475482516083868
1.4476482549418312
1.4477482582752759
1.4478482616087203
1.4479482649421647
1.448048268275609
1.4481482716090535
1.448248274942498
1.4483482782759425
1.4484482816093869
1.4485482849428313
1.448648288276276
1.4487482916097203
1.4488482949431647
1.448948298276609
1.4490483016100537
1.4491483049434981
1.4492483082769425
1.449348311610387
1.4494483149438313
1.449548318277276
1.4496483216107203
1.4497483249441647
1.4498483282776091
1.4499483316110537
1.4500483349444981
1.4501483382779425
1.450248341611387
1.4503483449448313
1.450448348278276
1.4505483516117204
1.4506483549451648
1.4507483582786092
1.4508483616120538
1.4509483649454982
1.4510483682789426
1.451148371612387
1.4512483749458314
1.451348378279276
1.4514483816127204
1.4515483849461648
1.4516483882796092
1.4517483916130538
1.4518483949464982
1.4519483982799426
1.452048401613387
1.4521484049468314
1.452248408280276
1.4523484116137204
1.4524484149471648
1.4525484182806092
1.4526484216140538
1.4527484249474982
1.4528484282809426
1.452948431614387
1.4530484349478314
1.453148438281276
1.4532484416147204
1.4533484449481648
1.4534484482816092
1.4535484516150539
1.4536484549484983
1.4537484582819427
1.453848461615387
1.4539484649488315
1.454048468282276
1.4541484716157205
1.4542484749491649
1.4543484782826093
1.454448481616054
1.4545484849494983
1.4546484882829427
1.454748491616387
1.4548484949498317
1.454948498283276
1.4550485016167205
1.455148504950165
1.4552485082836093
1.455348511617054
1.4554485149504983
1.4555485182839427
1.4556485216173871
1.4557485249508317
1.4558485282842761
1.4559485316177205
1.456048534951165
1.4561485382846093
1.456248541618054
1.4563485449514983
1.4564485482849427
1.4565485516183871
1.4566485549518318
1.4567485582852762
1.4568485616187206
1.456948564952165
1.4570485682856094
1.457148571619054
1.4572485749524984
1.4573485782859428
1.4574485816193872
1.4575485849528318
1.4576485882862762
1.4577485916197206
1.457848594953165
1.4579485982866094
1.458048601620054
1.4581486049534984
1.4582486082869428
1.4583486116203872
1.4584486149538318
1.4585486182872762
1.4586486216207206
1.458748624954165
1.4588486282876094
1.458948631621054
1.4590486349544984
1.4591486382879428
1.4592486416213872
1.4593486449548319
1.4594486482882763
1.4595486516217206
1.459648654955165
1.4597486582886094
1.459848661622054
1.4599486649554985
1.4600486682889429
1.4601486716223873
1.4602486749558319
1.4603486782892763
1.4604486816227207
1.460548684956165
1.4606486882896097
1.460748691623054
1.4608486949564985
1.460948698289943
1.4610487016233873
1.461148704956832
1.4612487082902763
1.4613487116237207
1.461448714957165
1.4615487182906097
1.4616487216240541
1.4617487249574985
1.461848728290943
1.4619487316243873
1.462048734957832
1.4621487382912763
1.4622487416247207
1.4623487449581651
1.4624487482916098
1.4625487516250542
1.4626487549584986
1.462748758291943
1.4628487616253874
1.462948764958832
1.4630487682922764
1.4631487716257208
1.4632487749591652
1.4633487782926098
1.4634487816260542
1.4635487849594986
1.463648788292943
1.4637487916263874
1.463848794959832
1.4639487982932764
1.4640488016267208
1.4641488049601652
1.4642488082936098
1.4643488116270542
1.4644488149604986
1.464548818293943
1.4646488216273874
1.464748824960832
1.4648488282942764
1.4649488316277208
1.4650488349611652
1.4651488382946098
1.4652488416280542
1.4653488449614986
1.465448848294943
1.4655488516283874
1.465648854961832
1.4657488582952765
1.4658488616287209
1.4659488649621653
1.4660488682956099
1.4661488716290543
1.4662488749624987
1.466348878295943
1.4664488816293877
1.466548884962832
1.4666488882962765
1.4667488916297209
1.4668488949631653
1.46694889829661
1.4670489016300543
1.4671489049634987
1.467248908296943
1.4673489116303877
1.4674489149638321
1.4675489182972765
1.467648921630721
1.4677489249641653
1.46784892829761
1.4679489316310543
1.4680489349644987
1.4681489382979431
1.4682489416313877
1.4683489449648321
1.4684489482982765
1.468548951631721
1.4686489549651653
1.46874895829861
1.4688489616320544
1.4689489649654988
1.4690489682989432
1.4691489716323878
1.4692489749658322
1.4693489782992766
1.469448981632721
1.4695489849661654
1.46964898829961
1.4697489916330544
1.4698489949664988
1.4699489982999432
1.4700490016333878
1.4701490049668322
1.4702490083002766
1.470349011633721
1.4704490149671654
1.47054901830061
1.4706490216340544
1.4707490249674988
1.4708490283009432
1.4709490316343878
1.4710490349678322
1.4711490383012766
1.471249041634721
1.4713490449681654
1.47144904830161
1.4715490516350545
1.4716490549684988
1.4717490583019432
1.4718490616353879
1.4719490649688323
1.4720490683022767
1.472149071635721
1.4722490749691657
1.47234907830261
1.4724490816360545
1.4725490849694989
1.4726490883029433
1.472749091636388
1.4728490949698323
1.4729490983032767
1.473049101636721
1.4731491049701657
1.47324910830361
1.4733491116370545
1.473449114970499
1.4735491183039433
1.473649121637388
1.4737491249708323
1.4738491283042767
1.4739491316377211
1.4740491349711657
1.4741491383046101
1.4742491416380545
1.474349144971499
1.4744491483049433
1.474549151638388
1.4746491549718324
1.4747491583052768
1.4748491616387212
1.4749491649721658
1.4750491683056102
1.4751491716390546
1.475249174972499
1.4753491783059434
1.475449181639388
1.4755491849728324
1.4756491883062768
1.4757491916397212
1.4758491949731658
1.4759491983066102
1.4760492016400546
1.476149204973499
1.4762492083069434
1.476349211640388
1.4764492149738324
1.4765492183072768
1.4766492216407212
1.4767492249741658
1.4768492283076102
1.4769492316410546
1.477049234974499
1.4771492383079434
1.477249241641388
1.4773492449748324
1.4774492483082768
1.4775492516417212
1.4776492549751659
1.4777492583086103
1.4778492616420547
1.477949264975499
1.4780492683089437
1.478149271642388
1.4782492749758325
1.4783492783092769
1.4784492816427213
1.478549284976166
1.4786492883096103
1.4787492916430547
1.478849294976499
1.4789492983099437
1.479049301643388
1.4791493049768325
1.479249308310277
1.4793493116437213
1.479449314977166
1.4795493183106103
1.4796493216440547
1.4797493249774991
1.4798493283109437
1.4799493316443881
1.4800493349778325
1.480149338311277
1.4802493416447213
1.480349344978166
1.4804493483116103
1.4805493516450547
1.4806493549784991
1.4807493583119438
1.4808493616453882
1.4809493649788326
1.481049368312277
1.4811493716457214
1.481249374979166
1.4813493783126104
1.4814493816460548
1.4815493849794992
1.4816493883129438
1.4817493916463882
1.4818493949798326
1.481949398313277
1.4820494016467214
1.482149404980166
1.4822494083136104
1.4823494116470548
1.4824494149804992
1.4825494183139438
1.4826494216473882
1.4827494249808326
1.482849428314277
1.4829494316477214
1.483049434981166
1.4831494383146104
1.4832494416480548
1.4833494449814992
1.4834494483149439
1.4835494516483883
1.4836494549818326
1.483749458315277
1.4838494616487217
1.483949464982166
1.4840494683156105
1.4841494716490549
1.4842494749824993
1.4843494783159439
1.4844494816493883
1.4845494849828327
1.484649488316277
1.4847494916497217
1.484849494983166
1.4849494983166105
1.485049501650055
1.4851495049834993
1.485249508316944
1.4853495116503883
1.4854495149838327
1.485549518317277
1.4856495216507217
1.4857495249841661
1.4858495283176105
1.485949531651055
1.4860495349844993
1.486149538317944
1.4862495416513883
1.4863495449848327
1.4864495483182771
1.4865495516517218
1.4866495549851662
1.4867495583186106
1.486849561652055
1.4869495649854994
1.487049568318944
1.4871495716523884
1.4872495749858328
1.4873495783192772
1.4874495816527218
1.4875495849861662
1.4876495883196106
1.487749591653055
1.4878495949864994
1.487949598319944
1.4880496016533884
1.4881496049868328
1.4882496083202772
1.4883496116537218
1.4884496149871662
1.4885496183206106
1.488649621654055
1.4887496249874994
1.488849628320944
1.4889496316543884
1.4890496349878328
1.4891496383212772
1.4892496416547218
1.4893496449881662
1.4894496483216106
1.489549651655055
1.4896496549884997
1.489749658321944
1.4898496616553885
1.4899496649888329
1.4900496683222773
1.4901496716557219
1.4902496749891663
1.4903496783226107
1.490449681656055
1.4905496849894997
1.490649688322944
1.4907496916563885
1.4908496949898329
1.4909496983232773
1.491049701656722
1.4911497049901663
1.4912497083236107
1.491349711657055
1.4914497149904997
1.4915497183239441
1.4916497216573885
1.491749724990833
1.4918497283242773
1.491949731657722
1.4920497349911663
1.4921497383246107
1.4922497416580551
1.4923497449914997
1.4924497483249441
1.4925497516583885
1.492649754991833
1.4927497583252773
1.492849761658722
1.4929497649921664
1.4930497683256108
1.4931497716590552
1.4932497749924998
1.4933497783259442
1.4934497816593886
1.493549784992833
1.4936497883262774
1.493749791659722
1.4938497949931664
1.4939497983266108
1.4940498016600552
1.4941498049934998
1.4942498083269442
1.4943498116603886
1.494449814993833
1.4945498183272774
1.494649821660722
1.4947498249941664
1.4948498283276108
1.4949498316610552
1.4950498349944998
1.4951498383279442
1.4952498416613886
1.495349844994833
1.4954498483282777
1.495549851661722
1.4956498549951665
1.4957498583286108
1.4958498616620552
1.4959498649954999
1.4960498683289443
1.4961498716623887
1.496249874995833
1.4963498783292777
1.496449881662722
1.4965498849961665
1.4966498883296109
1.4967498916630553
1.4968498949965
1.4969498983299443
1.4970499016633887
1.497149904996833
1.4972499083302777
1.497349911663722
1.4974499149971665
1.497549918330611
1.4976499216640553
1.4977499249975
1.4978499283309443
1.4979499316643887
1.4980499349978331
1.4981499383312777
1.4982499416647221
1.4983499449981665
1.498449948331611
1.4985499516650553
1.4986499549985
1.4987499583319444
1.4988499616653888
1.4989499649988332
1.4990499683322778
1.4991499716657222
1.4992499749991666
1.499349978332611
1.4994499816660554
1.4995499849995
1.4996499883329444
1.4997499916663888
1.4998499949998332
1.4999499983332778
1.5000500016667222
1.5001500050001666
1.500250008333611
1.5003500116670554
1.5004500150005
1.5005500183339444
1.5006500216673888
1.5007500250008332
1.5008500283342778
1.5009500316677222
1.5010500350011666
1.501150038334611
1.5012500416680556
1.5013500450015
1.5014500483349444
1.5015500516683888
1.5016500550018332
1.5017500583352779
1.5018500616687223
1.5019500650021667
1.502050068335611
1.5021500716690557
1.5022500750025
1.5023500783359445
1.5024500816693889
1.5025500850028333
1.502650088336278
1.5027500916697223
1.5028500950031667
1.502950098336611
1.5030501016700557
1.5031501050035
1.5032501083369445
1.503350111670389
1.5034501150038333
1.503550118337278
1.5036501216707223
1.5037501250041667
1.5038501283376111
1.5039501316710557
1.5040501350045001
1.5041501383379445
1.504250141671389
1.5043501450048333
1.504450148338278
1.5045501516717223
1.5046501550051667
1.5047501583386111
1.5048501616720558
1.5049501650055002
1.5050501683389446
1.505150171672389
1.5052501750058334
1.505350178339278
1.5054501816727224
1.5055501850061668
1.5056501883396112
1.5057501916730558
1.5058501950065002
1.5059501983399446
1.506050201673389
1.5061502050068334
1.506250208340278
1.5063502116737224
1.5064502150071668
1.5065502183406112
1.5066502216740558
1.5067502250075002
1.5068502283409446
1.506950231674389
1.5070502350078336
1.507150238341278
1.5072502416747224
1.5073502450081668
1.5074502483416112
1.5075502516750559
1.5076502550085003
1.5077502583419446
1.507850261675389
1.5079502650088337
1.508050268342278
1.5081502716757225
1.5082502750091669
1.5083502783426113
1.5084502816760559
1.5085502850095003
1.5086502883429447
1.508750291676389
1.5088502950098337
1.508950298343278
1.5090503016767225
1.509150305010167
1.5092503083436113
1.509350311677056
1.5094503150105003
1.5095503183439447
1.509650321677389
1.5097503250108337
1.5098503283442781
1.5099503316777225
1.510050335011167
1.5101503383446113
1.510250341678056
1.5103503450115003
1.5104503483449447
1.5105503516783891
1.5106503550118338
1.5107503583452782
1.5108503616787226
1.510950365012167
1.5110503683456113
1.511150371679056
1.5112503750125004
1.5113503783459448
1.5114503816793892
1.5115503850128338
1.5116503883462782
1.5117503916797226
1.511850395013167
1.5119503983466114
1.512050401680056
1.5121504050135004
1.5122504083469448
1.5123504116803892
1.5124504150138338
1.5125504183472782
1.5126504216807226
1.512750425014167
1.5128504283476116
1.512950431681056
1.5130504350145004
1.5131504383479448
1.5132504416813892
1.5133504450148338
1.5134504483482782
1.5135504516817226
1.513650455015167
1.5137504583486117
1.513850461682056
1.5139504650155005
1.5140504683489449
1.5141504716823893
1.5142504750158339
1.5143504783492783
1.5144504816827227
1.514550485016167
1.5146504883496117
1.514750491683056
1.5148504950165005
1.5149504983499449
1.5150505016833893
1.515150505016834
1.5152505083502783
1.5153505116837227
1.515450515017167
1.5155505183506117
1.5156505216840561
1.5157505250175005
1.515850528350945
1.5159505316843893
1.516050535017834
1.5161505383512783
1.5162505416847227
1.5163505450181671
1.5164505483516117
1.5165505516850561
1.5166505550185005
1.516750558351945
1.5168505616853893
1.516950565018834
1.5170505683522784
1.5171505716857228
1.5172505750191672
1.5173505783526118
1.5174505816860562
1.5175505850195006
1.517650588352945
1.5177505916863894
1.517850595019834
1.5179505983532784
1.5180506016867228
1.5181506050201672
1.5182506083536118
1.5183506116870562
1.5184506150205006
1.518550618353945
1.5186506216873896
1.518750625020834
1.5188506283542784
1.5189506316877228
1.5190506350211672
1.5191506383546118
1.5192506416880562
1.5193506450215006
1.519450648354945
1.5195506516883897
1.519650655021834
1.5197506583552784
1.5198506616887228
1.5199506650221672
1.5200506683556119
1.5201506716890563
1.5202506750225007
1.520350678355945
1.5204506816893897
1.520550685022834
1.5206506883562785
1.5207506916897229
1.5208506950231673
1.520950698356612
1.5210507016900563
1.5211507050235007
1.521250708356945
1.5213507116903897
1.521450715023834
1.5215507183572785
1.521650721690723
1.5217507250241673
1.521850728357612
1.5219507316910563
1.5220507350245007
1.5221507383579451
1.5222507416913897
1.5223507450248341
1.5224507483582785
1.522550751691723
1.5226507550251673
1.522750758358612
1.5228507616920564
1.5229507650255008
1.5230507683589452
1.5231507716923898
1.5232507750258342
1.5233507783592786
1.523450781692723
1.5235507850261674
1.523650788359612
1.5237507916930564
1.5238507950265008
1.5239507983599452
1.5240508016933898
1.5241508050268342
1.5242508083602786
1.524350811693723
1.5244508150271676
1.524550818360612
1.5246508216940564
1.5247508250275008
1.5248508283609452
1.5249508316943898
1.5250508350278342
1.5251508383612786
1.525250841694723
1.5253508450281676
1.525450848361612
1.5255508516950564
1.5256508550285008
1.5257508583619452
1.5258508616953899
1.5259508650288343
1.5260508683622787
1.526150871695723
1.5262508750291677
1.526350878362612
1.5264508816960565
1.5265508850295009
1.5266508883629453
1.52675089169639
1.5268508950298343
1.5269508983632787
1.527050901696723
1.5271509050301677
1.527250908363612
1.5273509116970565
1.527450915030501
1.5275509183639453
1.52765092169739
1.5277509250308343
1.5278509283642787
1.5279509316977231
1.5280509350311677
1.5281509383646121
1.5282509416980565
1.528350945031501
1.5284509483649453
1.52855095169839
1.5286509550318343
1.5287509583652787
1.5288509616987231
1.5289509650321678
1.5290509683656122
1.5291509716990566
1.529250975032501
1.5293509783659454
1.52945098169939
1.5295509850328344
1.5296509883662788
1.5297509916997232
1.5298509950331678
1.5299509983666122
1.5300510017000566
1.530151005033501
1.5302510083669456
1.53035101170039
1.5304510150338344
1.5305510183672788
1.5306510217007232
1.5307510250341678
1.5308510283676122
1.5309510317010566
1.531051035034501
1.5311510383679456
1.53125104170139
1.5313510450348344
1.5314510483682788
1.5315510517017232
1.5316510550351679
1.5317510583686123
1.5318510617020566
1.531951065035501
1.5320510683689457
1.53215107170239
1.5322510750358345
1.5323510783692789
1.5324510817027233
1.5325510850361679
1.5326510883696123
1.5327510917030567
1.532851095036501
1.5329510983699457
1.53305110170339
1.5331511050368345
1.533251108370279
1.5333511117037233
1.533451115037168
1.5335511183706123
1.5336511217040567
1.533751125037501
1.5338511283709457
1.5339511317043901
1.5340511350378345
1.534151138371279
1.5342511417047233
1.534351145038168
1.5344511483716123
1.5345511517050567
1.5346511550385011
1.5347511583719458
1.5348511617053902
1.5349511650388346
1.535051168372279
1.5351511717057233
1.535251175039168
1.5353511783726124
1.5354511817060568
1.5355511850395012
1.5356511883729458
1.5357511917063902
1.5358511950398346
1.535951198373279
1.5360512017067234
1.536151205040168
1.5362512083736124
1.5363512117070568
1.5364512150405012
1.5365512183739458
1.5366512217073902
1.5367512250408346
1.536851228374279
1.5369512317077236
1.537051235041168
1.5371512383746124
1.5372512417080568
1.5373512450415012
1.5374512483749458
1.5375512517083902
1.5376512550418346
1.537751258375279
1.5378512617087237
1.537951265042168
1.5380512683756125
1.5381512717090569
1.5382512750425013
1.5383512783759459
1.5384512817093903
1.5385512850428347
1.538651288376279
1.5387512917097237
1.538851295043168
1.5389512983766125
1.5390513017100569
1.5391513050435013
1.539251308376946
1.5393513117103903
1.5394513150438347
1.539551318377279
1.5396513217107237
1.5397513250441681
1.5398513283776125
1.539951331711057
1.5400513350445013
1.540151338377946
1.5402513417113903
1.5403513450448347
1.5404513483782791
1.5405513517117237
1.5406513550451681
1.5407513583786125
1.540851361712057
1.5409513650455013
1.541051368378946
1.5411513717123904
1.5412513750458348
1.5413513783792792
1.5414513817127238
1.5415513850461682
1.5416513883796126
1.541751391713057
1.5418513950465014
1.541951398379946
1.5420514017133904
1.5421514050468348
1.5422514083802792
1.5423514117137238
1.5424514150471682
1.5425514183806126
1.542651421714057
1.5427514250475016
1.542851428380946
1.5429514317143904
1.5430514350478348
1.5431514383812792
1.5432514417147238
1.5433514450481682
1.5434514483816126
1.543551451715057
1.5436514550485017
1.543751458381946
1.5438514617153904
1.5439514650488348
1.5440514683822792
1.5441514717157239
1.5442514750491683
1.5443514783826127
1.544451481716057
1.5445514850495017
1.544651488382946
1.5447514917163905
1.5448514950498349
1.5449514983832793
1.545051501716724
1.5451515050501683
1.5452515083836127
1.545351511717057
1.5454515150505017
1.545551518383946
1.5456515217173905
1.545751525050835
1.5458515283842793
1.545951531717724
1.5460515350511683
1.5461515383846127
1.5462515417180571
1.5463515450515017
1.5464515483849461
1.5465515517183905
1.546651555051835
1.5467515583852793
1.546851561718724
1.5469515650521684
1.5470515683856128
1.5471515717190572
1.5472515750525018
1.5473515783859462
1.5474515817193906
1.547551585052835
1.5476515883862794
1.547751591719724
1.5478515950531684
1.5479515983866128
1.5480516017200572
1.5481516050535018
1.5482516083869462
1.5483516117203906
1.548451615053835
1.5485516183872796
1.548651621720724
1.5487516250541684
1.5488516283876128
1.5489516317210572
1.5490516350545018
1.5491516383879462
1.5492516417213906
1.549351645054835
1.5494516483882796
1.549551651721724
1.5496516550551684
1.5497516583886128
1.5498516617220572
1.5499516650555019
1.5500516683889463
1.5501516717223907
1.550251675055835
1.5503516783892797
1.550451681722724
1.5505516850561685
1.5506516883896129
1.5507516917230573
1.5508516950565019
1.5509516983899463
1.5510517017233907
1.551151705056835
1.5512517083902797
1.551351711723724
1.5514517150571685
1.551551718390613
1.5516517217240573
1.551751725057502
1.5518517283909463
1.5519517317243907
1.5520517350578351
1.5521517383912797
1.5522517417247241
1.5523517450581685
1.552451748391613
1.5525517517250573
1.552651755058502
1.5527517583919463
1.5528517617253907
1.5529517650588351
1.5530517683922798
1.5531517717257242
1.5532517750591686
1.553351778392613
1.5534517817260574
1.553551785059502
1.5536517883929464
1.5537517917263908
1.5538517950598352
1.5539517983932798
1.5540518017267242
1.5541518050601686
1.554251808393613
1.5543518117270576
1.554451815060502
1.5545518183939464
1.5546518217273908
1.5547518250608352
1.5548518283942798
1.5549518317277242
1.5550518350611686
1.555151838394613
1.5552518417280576
1.555351845061502
1.5554518483949464
1.5555518517283908
1.5556518550618352
1.5557518583952799
1.5558518617287243
1.5559518650621686
1.556051868395613
1.5561518717290577
1.556251875062502
1.5563518783959465
1.5564518817293909
1.5565518850628353
1.5566518883962799
1.5567518917297243
1.5568518950631687
1.556951898396613
1.5570519017300577
1.557151905063502
1.5572519083969465
1.557351911730391
1.5574519150638353
1.55755191839728
1.5576519217307243
1.5577519250641687
1.557851928397613
1.5579519317310577
1.5580519350645021
1.5581519383979465
1.558251941731391
1.5583519450648353
1.55845194839828
1.5585519517317243
1.5586519550651687
1.5587519583986131
1.5588519617320578
1.5589519650655022
1.5590519683989466
1.559151971732391
1.5592519750658353
1.55935197839928
1.5594519817327244
1.5595519850661688
1.5596519883996132
1.5597519917330578
1.5598519950665022
1.5599519983999466
1.560052001733391
1.5601520050668356
1.56025200840028
1.5603520117337244
1.5604520150671688
1.5605520184006132
1.5606520217340578
1.5607520250675022
1.5608520284009466
1.560952031734391
1.5610520350678356
1.56115203840128
1.5612520417347244
1.5613520450681688
1.5614520484016132
1.5615520517350578
1.5616520550685022
1.5617520584019466
1.561852061735391
1.5619520650688357
1.56205206840228
1.5621520717357245
1.5622520750691689
1.5623520784026133
1.5624520817360579
1.5625520850695023
1.5626520884029467
1.562752091736391
1.5628520950698357
1.56295209840328
1.5630521017367245
1.5631521050701689
1.5632521084036133
1.563352111737058
1.5634521150705023
1.5635521184039467
1.563652121737391
1.5637521250708357
1.5638521284042801
1.5639521317377245
1.564052135071169
1.5641521384046133
1.564252141738058
1.5643521450715023
1.5644521484049467
1.5645521517383911
1.5646521550718357
1.5647521584052801
1.5648521617387245
1.564952165072169
1.5650521684056133
1.565152171739058
1.5652521750725024
1.5653521784059468
1.5654521817393912
1.5655521850728358
1.5656521884062802
1.5657521917397246
1.565852195073169
1.5659521984066136
1.566052201740058
1.5661522050735024
1.5662522084069468
1.5663522117403912
1.5664522150738358
1.5665522184072802
1.5666522217407246
1.566752225074169
1.5668522284076136
1.566952231741058
1.5670522350745024
1.5671522384079468
1.5672522417413912
1.5673522450748358
1.5674522484082802
1.5675522517417246
1.567652255075169
1.5677522584086137
1.567852261742058
1.5679522650755024
1.5680522684089468
1.5681522717423912
1.5682522750758359
1.5683522784092803
1.5684522817427247
1.568552285076169
1.5686522884096137
1.568752291743058
1.5688522950765025
1.5689522984099469
1.5690523017433913
1.569152305076836
1.5692523084102803
1.5693523117437247
1.569452315077169
1.5695523184106137
1.569652321744058
1.5697523250775025
1.569852328410947
1.5699523317443913
1.570052335077836
1.5701523384112803
1.5702523417447247
1.5703523450781691
1.5704523484116137
1.5705523517450581
1.5706523550785025
1.570752358411947
1.5708523617453913
1.570952365078836
1.5710523684122804
1.5711523717457248
1.5712523750791692
1.5713523784126138
1.5714523817460582
1.5715523850795026
1.571652388412947
1.5717523917463916
1.571852395079836
1.5719523984132804
1.5720524017467248
1.5721524050801692
1.5722524084136138
1.5723524117470582
1.5724524150805026
1.572552418413947
1.5726524217473916
1.572752425080836
1.5728524284142804
1.5729524317477248
1.5730524350811692
1.5731524384146138
1.5732524417480582
1.5733524450815026
1.573452448414947
1.5735524517483916
1.573652455081836
1.5737524584152804
1.5738524617487248
1.5739524650821692
1.5740524684156139
1.5741524717490583
1.5742524750825027
1.574352478415947
1.5744524817493917
1.574552485082836
1.5746524884162805
1.5747524917497249
1.5748524950831693
1.5749524984166139
1.5750525017500583
1.5751525050835027
1.575252508416947
1.5753525117503917
1.575452515083836
1.5755525184172805
1.575652521750725
1.5757525250841693
1.575852528417614
1.5759525317510583
1.5760525350845027
1.5761525384179471
1.5762525417513917
1.5763525450848361
1.5764525484182805
1.576552551751725
1.5766525550851693
1.576752558418614
1.5768525617520583
1.5769525650855027
1.5770525684189471
1.5771525717523918
1.5772525750858362
1.5773525784192806
1.577452581752725
1.5775525850861696
1.577652588419614
1.5777525917530584
1.5778525950865028
1.5779525984199472
1.5780526017533918
1.5781526050868362
1.5782526084202806
1.578352611753725
1.5784526150871696
1.578552618420614
1.5786526217540584
1.5787526250875028
1.5788526284209472
1.5789526317543918
1.5790526350878362
1.5791526384212806
1.579252641754725
1.5793526450881696
1.579452648421614
1.5795526517550584
1.5796526550885028
1.5797526584219472
1.5798526617553919
1.5799526650888363
1.5800526684222806
1.580152671755725
1.5802526750891697
1.580352678422614
1.5804526817560585
1.5805526850895029
1.5806526884229473
1.5807526917563919
1.5808526950898363
1.5809526984232807
1.581052701756725
1.5811527050901697
1.581252708423614
1.5813527117570585
1.581452715090503
1.5815527184239473
1.581652721757392
1.5817527250908363
1.5818527284242807
1.581952731757725
1.5820527350911697
1.5821527384246141
1.5822527417580585
1.582352745091503
1.5824527484249473
1.582552751758392
1.5826527550918363
1.5827527584252807
1.5828527617587251
1.5829527650921698
1.5830527684256142
1.5831527717590586
1.583252775092503
1.5833527784259476
1.583452781759392
1.5835527850928364
1.5836527884262808
1.5837527917597252
1.5838527950931698
1.5839527984266142
1.5840528017600586
1.584152805093503
1.5842528084269476
1.584352811760392
1.5844528150938364
1.5845528184272808
1.5846528217607252
1.5847528250941698
1.5848528284276142
1.5849528317610586
1.585052835094503
1.5851528384279476
1.585252841761392
1.5853528450948364
1.5854528484282808
1.5855528517617252
1.5856528550951698
1.5857528584286142
1.5858528617620586
1.585952865095503
1.5860528684289477
1.586152871762392
1.5862528750958365
1.5863528784292809
1.5864528817627253
1.5865528850961699
1.5866528884296143
1.5867528917630587
1.586852895096503
1.5869528984299477
1.587052901763392
1.5871529050968365
1.5872529084302809
1.5873529117637253
1.58745291509717
1.5875529184306143
1.5876529217640587
1.587752925097503
1.5878529284309477
1.5879529317643921
1.5880529350978365
1.588152938431281
1.5882529417647253
1.58835294509817
1.5884529484316143
1.5885529517650587
1.5886529550985031
1.5887529584319477
1.5888529617653921
1.5889529650988365
1.589052968432281
1.5891529717657256
1.58925297509917
1.5893529784326144
1.5894529817660588
1.5895529850995032
1.5896529884329478
1.5897529917663922
1.5898529950998366
1.589952998433281
1.5900530017667256
1.59015300510017
1.5902530084336144
1.5903530117670588
1.5904530151005032
1.5905530184339478
1.5906530217673922
1.5907530251008366
1.590853028434281
1.5909530317677256
1.59105303510117
1.5911530384346144
1.5912530417680588
1.5913530451015032
1.5914530484349478
1.5915530517683922
1.5916530551018366
1.591753058435281
1.5918530617687257
1.59195306510217
1.5920530684356144
1.5921530717690588
1.5922530751025032
1.5923530784359479
1.5924530817693923
1.5925530851028367
1.592653088436281
1.5927530917697257
1.59285309510317
1.5929530984366145
1.5930531017700589
1.5931531051035033
1.593253108436948
1.5933531117703923
1.5934531151038367
1.593553118437281
1.5936531217707257
1.59375312510417
1.5938531284376145
1.593953131771059
1.5940531351045033
1.594153138437948
1.5942531417713923
1.5943531451048367
1.5944531484382811
1.5945531517717257
1.5946531551051701
1.5947531584386145
1.594853161772059
1.5949531651055036
1.595053168438948
1.5951531717723924
1.5952531751058368
1.5953531784392811
1.5954531817727258
1.5955531851061702
1.5956531884396146
1.595753191773059
1.5958531951065036
1.595953198439948
1.5960532017733924
1.5961532051068368
1.5962532084402812
1.5963532117737258
1.5964532151071702
1.5965532184406146
1.596653221774059
1.5967532251075036
1.596853228440948
1.5969532317743924
1.5970532351078368
1.5971532384412812
1.5972532417747258
1.5973532451081702
1.5974532484416146
1.597553251775059
1.5976532551085036
1.597753258441948
1.5978532617753924
1.5979532651088368
1.5980532684422812
1.5981532717757259
1.5982532751091703
1.5983532784426147
1.598453281776059
1.5985532851095037
1.598653288442948
1.5987532917763925
1.5988532951098369
1.5989532984432813
1.5990533017767259
1.5991533051101703
1.5992533084436147
1.599353311777059
1.5994533151105037
1.599553318443948
1.5996533217773925
1.599753325110837
1.5998533284442813
1.599953331777726
1.6000533351111703
1.6001533384446147
1.6002533417780591
1.6003533451115037
1.6004533484449481
1.6005533517783925
1.600653355111837
1.6007533584452815
1.600853361778726
1.6009533651121703
1.6010533684456147
1.6011533717790591
1.6012533751125038
1.6013533784459482
1.6014533817793926
1.601553385112837
1.6016533884462816
1.601753391779726
1.6018533951131704
1.6019533984466148
1.6020534017800592
1.6021534051135038
1.6022534084469482
1.6023534117803926
1.602453415113837
1.6025534184472816
1.602653421780726
1.6027534251141704
1.6028534284476148
1.6029534317810592
1.6030534351145038
1.6031534384479482
1.6032534417813926
1.603353445114837
1.6034534484482816
1.603553451781726
1.6036534551151704
1.6037534584486148
1.6038534617820592
1.6039534651155039
1.6040534684489482
1.6041534717823926
1.604253475115837
1.6043534784492817
1.604453481782726
1.6045534851161705
1.6046534884496149
1.6047534917830593
1.6048534951165039
1.6049534984499483
1.6050535017833927
1.605153505116837
1.6052535084502817
1.605353511783726
1.6054535151171705
1.605553518450615
1.6056535217840593
1.605753525117504
1.6058535284509483
1.6059535317843927
1.606053535117837
1.6061535384512817
1.6062535417847261
1.6063535451181705
1.606453548451615
1.6065535517850595
1.606653555118504
1.6067535584519483
1.6068535617853927
1.6069535651188371
1.6070535684522818
1.6071535717857262
1.6072535751191706
1.607353578452615
1.6074535817860596
1.607553585119504
1.6076535884529484
1.6077535917863928
1.6078535951198372
1.6079535984532818
1.6080536017867262
1.6081536051201706
1.608253608453615
1.6083536117870596
1.608453615120504
1.6085536184539484
1.6086536217873928
1.6087536251208372
1.6088536284542818
1.6089536317877262
1.6090536351211706
1.609153638454615
1.6092536417880596
1.609353645121504
1.6094536484549484
1.6095536517883928
1.6096536551218372
1.6097536584552818
1.6098536617887262
1.6099536651221706
1.610053668455615
1.6101536717890597
1.610253675122504
1.6103536784559485
1.6104536817893929
1.6105536851228373
1.6106536884562819
1.6107536917897263
1.6108536951231707
1.610953698456615
1.6110537017900597
1.611153705123504
1.6112537084569485
1.6113537117903929
1.6114537151238373
1.611553718457282
1.6116537217907263
1.6117537251241707
1.611853728457615
1.6119537317910597
1.6120537351245041
1.6121537384579485
1.612253741791393
1.6123537451248375
1.612453748458282
1.6125537517917263
1.6126537551251707
1.6127537584586151
1.6128537617920597
1.6129537651255041
1.6130537684589485
1.613153771792393
1.6132537751258376
1.613353778459282
1.6134537817927264
1.6135537851261708
1.6136537884596152
1.6137537917930598
1.6138537951265042
1.6139537984599486
1.614053801793393
1.6141538051268376
1.614253808460282
1.6143538117937264
1.6144538151271708
1.6145538184606152
1.6146538217940598
1.6147538251275042
1.6148538284609486
1.614953831794393
1.6150538351278376
1.615153838461282
1.6152538417947264
1.6153538451281708
1.6154538484616152
1.6155538517950598
1.6156538551285042
1.6157538584619486
1.615853861795393
1.6159538651288377
1.616053868462282
1.6161538717957264
1.6162538751291708
1.6163538784626152
1.6164538817960599
1.6165538851295043
1.6166538884629487
1.616753891796393
1.6168538951298377
1.616953898463282
1.6170539017967265
1.6171539051301709
1.6172539084636153
1.61735391179706
1.6174539151305043
1.6175539184639487
1.617653921797393
1.6177539251308377
1.617853928464282
1.6179539317977265
1.618053935131171
1.6181539384646155
1.61825394179806
1.6183539451315043
1.6184539484649487
1.6185539517983931
1.6186539551318377
1.6187539584652821
1.6188539617987265
1.618953965132171
1.6190539684656156
1.61915397179906
1.6192539751325044
1.6193539784659488
1.6194539817993931
1.6195539851328378
1.6196539884662822
1.6197539917997266
1.619853995133171
1.6199539984666156
1.62005400180006
1.6201540051335044
1.6202540084669488
1.6203540118003932
1.6204540151338378
1.6205540184672822
1.6206540218007266
1.620754025134171
1.6208540284676156
1.62095403180106
1.6210540351345044
1.6211540384679488
1.6212540418013932
1.6213540451348378
1.6214540484682822
1.6215540518017266
1.621654055135171
1.6217540584686156
1.62185406180206
1.6219540651355044
1.6220540684689488
1.6221540718023932
1.6222540751358379
1.6223540784692823
1.6224540818027267
1.622554085136171
1.6226540884696157
1.62275409180306
1.6228540951365045
1.6229540984699489
1.6230541018033933
1.6231541051368379
1.6232541084702823
1.6233541118037267
1.623454115137171
1.6235541184706157
1.62365412180406
1.6237541251375045
1.623854128470949
1.6239541318043935
1.624054135137838
1.6241541384712823
1.6242541418047267
1.6243541451381711
1.6244541484716157
1.6245541518050601
1.6246541551385045
1.624754158471949
1.6248541618053935
1.624954165138838
1.6250541684722823
1.6251541718057267
1.6252541751391711
1.6253541784726158
1.6254541818060602
1.6255541851395046
1.625654188472949
1.6257541918063936
1.625854195139838
1.6259541984732824
1.6260542018067268
1.6261542051401712
1.6262542084736158
1.6263542118070602
1.6264542151405046
1.626554218473949
1.6266542218073936
1.626754225140838
1.6268542284742824
1.6269542318077268
1.6270542351411712
1.6271542384746158
1.6272542418080602
1.6273542451415046
1.627454248474949
1.6275542518083936
1.627654255141838
1.6277542584752824
1.6278542618087268
1.6279542651421712
1.6280542684756159
1.6281542718090602
1.6282542751425046
1.628354278475949
1.6284542818093937
1.628554285142838
1.6286542884762825
1.6287542918097269
1.6288542951431713
1.6289542984766159
1.6290543018100603
1.6291543051435047
1.629254308476949
1.6293543118103937
1.629454315143838
1.6295543184772825
1.629654321810727
1.6297543251441715
1.629854328477616
1.6299543318110603
1.6300543351445047
1.630154338477949
1.6302543418113937
1.6303543451448381
1.6304543484782825
1.630554351811727
1.6306543551451715
1.630754358478616
1.6308543618120603
1.6309543651455047
1.6310543684789491
1.6311543718123938
1.6312543751458382
1.6313543784792826
1.631454381812727
1.6315543851461716
1.631654388479616
1.6317543918130604
1.6318543951465048
1.6319543984799492
1.6320544018133938
1.6321544051468382
1.6322544084802826
1.632354411813727
1.6324544151471716
1.632554418480616
1.6326544218140604
1.6327544251475048
1.6328544284809492
1.6329544318143938
1.6330544351478382
1.6331544384812826
1.633254441814727
1.6333544451481716
1.633454448481616
1.6335544518150604
1.6336544551485048
1.6337544584819492
1.6338544618153938
1.6339544651488382
1.6340544684822826
1.634154471815727
1.6342544751491717
1.634354478482616
1.6344544818160605
1.6345544851495049
1.6346544884829493
1.6347544918163939
1.6348544951498383
1.6349544984832827
1.635054501816727
1.6351545051501717
1.635254508483616
1.6353545118170605
1.6354545151505049
1.6355545184839495
1.635654521817394
1.6357545251508383
1.6358545284842827
1.635954531817727
1.6360545351511717
1.6361545384846161
1.6362545418180605
1.636354545151505
1.6364545484849495
1.636554551818394
1.6366545551518383
1.6367545584852827
1.6368545618187271
1.6369545651521717
1.6370545684856161
1.6371545718190605
1.637254575152505
1.6373545784859496
1.637454581819394
1.6375545851528384
1.6376545884862828
1.6377545918197272
1.6378545951531718
1.6379545984866162
1.6380546018200606
1.638154605153505
1.6382546084869496
1.638354611820394
1.6384546151538384
1.6385546184872828
1.6386546218207272
1.6387546251541718
1.6388546284876162
1.6389546318210606
1.639054635154505
1.6391546384879496
1.639254641821394
1.6393546451548384
1.6394546484882828
1.6395546518217272
1.6396546551551718
1.6397546584886162
1.6398546618220606
1.639954665155505
1.6400546684889497
1.640154671822394
1.6402546751558384
1.6403546784892828
1.6404546818227272
1.6405546851561719
1.6406546884896163
1.6407546918230607
1.640854695156505
1.6409546984899497
1.641054701823394
1.6411547051568385
1.6412547084902829
1.6413547118237273
1.641454715157172
1.6415547184906163
1.6416547218240607
1.641754725157505
1.6418547284909497
1.641954731824394
1.6420547351578385
1.642154738491283
1.6422547418247275
1.642354745158172
1.6424547484916163
1.6425547518250607
1.6426547551585051
1.6427547584919497
1.6428547618253941
1.6429547651588385
1.643054768492283
1.6431547718257276
1.643254775159172
1.6433547784926164
1.6434547818260608
1.6435547851595051
1.6436547884929498
1.6437547918263942
1.6438547951598386
1.643954798493283
1.6440548018267276
1.644154805160172
1.6442548084936164
1.6443548118270608
1.6444548151605052
1.6445548184939498
1.6446548218273942
1.6447548251608386
1.644854828494283
1.6449548318277276
1.645054835161172
1.6451548384946164
1.6452548418280608
1.6453548451615052
1.6454548484949498
1.6455548518283942
1.6456548551618386
1.645754858495283
1.6458548618287276
1.645954865162172
1.6460548684956164
1.6461548718290608
1.6462548751625052
1.6463548784959499
1.6464548818293943
1.6465548851628387
1.646654888496283
1.6467548918297277
1.646854895163172
1.6469548984966165
1.6470549018300609
1.6471549051635053
1.6472549084969499
1.6473549118303943
1.6474549151638387
1.647554918497283
1.6476549218307277
1.647754925164172
1.6478549284976165
1.647954931831061
1.6480549351645055
1.64815493849795
1.6482549418313943
1.6483549451648387
1.6484549484982831
1.6485549518317277
1.6486549551651721
1.6487549584986165
1.648854961832061
1.6489549651655055
1.64905496849895
1.6491549718323943
1.6492549751658387
1.6493549784992831
1.6494549818327278
1.6495549851661722
1.6496549884996166
1.649754991833061
1.6498549951665056
1.64995499849995
1.6500550018333944
1.6501550051668388
1.6502550085002832
1.6503550118337278
1.6504550151671722
1.6505550185006166
1.650655021834061
1.6507550251675056
1.65085502850095
1.6509550318343944
1.6510550351678388
1.6511550385012832
1.6512550418347278
1.6513550451681722
1.6514550485016166
1.651555051835061
1.6516550551685056
1.65175505850195
1.6518550618353944
1.6519550651688388
1.6520550685022832
1.6521550718357279
1.6522550751691722
1.6523550785026166
1.652455081836061
1.6525550851695057
1.65265508850295
1.6527550918363945
1.6528550951698389
1.6529550985032833
1.6530551018367279
1.6531551051701723
1.6532551085036167
1.653355111837061
1.6534551151705057
1.65355511850395
1.6536551218373945
1.653755125170839
1.6538551285042835
1.653955131837728
1.6540551351711723
1.6541551385046167
1.654255141838061
1.6543551451715057
1.6544551485049501
1.6545551518383945
1.654655155171839
1.6547551585052835
1.654855161838728
1.6549551651721723
1.6550551685056167
1.6551551718390611
1.6552551751725058
1.6553551785059502
1.6554551818393946
1.655555185172839
1.6556551885062836
1.655755191839728
1.6558551951731724
1.6559551985066168
1.6560552018400612
1.6561552051735058
1.6562552085069502
1.6563552118403946
1.656455215173839
1.6565552185072836
1.656655221840728
1.6567552251741724
1.6568552285076168
1.6569552318410612
1.6570552351745058
1.6571552385079502
1.6572552418413946
1.657355245174839
1.6574552485082836
1.657555251841728
1.6576552551751724
1.6577552585086168
1.6578552618420612
1.6579552651755058
1.6580552685089502
1.6581552718423946
1.658255275175839
1.6583552785092837
1.658455281842728
1.6585552851761725
1.6586552885096169
1.6587552918430613
1.6588552951765059
1.6589552985099503
1.6590553018433947
1.659155305176839
1.6592553085102837
1.659355311843728
1.6594553151771725
1.6595553185106169
1.6596553218440615
1.659755325177506
1.6598553285109503
1.6599553318443947
1.660055335177839
1.6601553385112837
1.6602553418447281
1.6603553451781725
1.660455348511617
1.6605553518450615
1.660655355178506
1.6607553585119503
1.6608553618453947
1.6609553651788391
1.6610553685122837
1.6611553718457281
1.6612553751791725
1.661355378512617
1.6614553818460616
1.661555385179506
1.6616553885129504
1.6617553918463948
1.6618553951798392
1.6619553985132838
1.6620554018467282
1.6621554051801726
1.662255408513617
1.6623554118470616
1.662455415180506
1.6625554185139504
1.6626554218473948
1.6627554251808392
1.6628554285142838
1.6629554318477282
1.6630554351811726
1.663155438514617
1.6632554418480616
1.663355445181506
1.6634554485149504
1.6635554518483948
1.6636554551818392
1.6637554585152838
1.6638554618487282
1.6639554651821726
1.664055468515617
1.6641554718490617
1.664255475182506
1.6643554785159504
1.6644554818493948
1.6645554851828392
1.6646554885162839
1.6647554918497283
1.6648554951831727
1.664955498516617
1.6650555018500617
1.665155505183506
1.6652555085169505
1.6653555118503949
1.6654555151838395
1.665555518517284
1.6656555218507283
1.6657555251841727
1.665855528517617
1.6659555318510617
1.666055535184506
1.6661555385179505
1.666255541851395
1.6663555451848395
1.666455548518284
1.6665555518517283
1.6666555551851727
1.6667555585186171
1.6668555618520617
1.6669555651855061
1.6670555685189505
1.667155571852395
1.6672555751858396
1.667355578519284
1.6674555818527284
1.6675555851861728
1.6676555885196171
1.6677555918530618
1.6678555951865062
1.6679555985199506
1.668055601853395
1.6681556051868396
1.668255608520284
1.6683556118537284
1.6684556151871728
1.6685556185206172
1.6686556218540618
1.6687556251875062
1.6688556285209506
1.668955631854395
1.6690556351878396
1.669155638521284
1.6692556418547284
1.6693556451881728
1.6694556485216172
1.6695556518550618
1.6696556551885062
1.6697556585219506
1.669855661855395
1.6699556651888396
1.670055668522284
1.6701556718557284
1.6702556751891728
1.6703556785226172
1.6704556818560619
1.6705556851895063
1.6706556885229507
1.670755691856395
1.6708556951898397
1.670955698523284
1.6710557018567285
1.6711557051901729
1.6712557085236175
1.6713557118570619
1.6714557151905063
1.6715557185239507
1.671655721857395
1.6717557251908397
1.671855728524284
1.6719557318577285
1.672055735191173
1.6721557385246175
1.672255741858062
1.6723557451915063
1.6724557485249507
1.6725557518583951
1.6726557551918397
1.6727557585252841
1.6728557618587285
1.672955765192173
1.6730557685256175
1.673155771859062
1.6732557751925063
1.6733557785259507
1.6734557818593951
1.6735557851928398
1.6736557885262842
1.6737557918597286
1.673855795193173
1.6739557985266176
1.674055801860062
1.6741558051935064
1.6742558085269508
1.6743558118603952
1.6744558151938398
1.6745558185272842
1.6746558218607286
1.674755825194173
1.6748558285276176
1.674955831861062
1.6750558351945064
1.6751558385279508
1.6752558418613952
1.6753558451948398
1.6754558485282842
1.6755558518617286
1.675655855195173
1.6757558585286176
1.675855861862062
1.6759558651955064
1.6760558685289508
1.6761558718623952
1.6762558751958399
1.6763558785292842
1.6764558818627286
1.676555885196173
1.6766558885296177
1.676755891863062
1.6768558951965065
1.6769558985299509
1.6770559018633955
1.6771559051968399
1.6772559085302843
1.6773559118637287
1.677455915197173
1.6775559185306177
1.677655921864062
1.6777559251975065
1.677855928530951
1.6779559318643955
1.67805593519784
1.6781559385312843
1.6782559418647287
1.678355945198173
1.6784559485316177
1.6785559518650621
1.6786559551985065
1.678755958531951
1.6788559618653955
1.67895596519884
1.6790559685322843
1.6791559718657287
1.6792559751991731
1.6793559785326178
1.6794559818660622
1.6795559851995066
1.679655988532951
1.6797559918663956
1.67985599519984
1.6799559985332844
1.6800560018667288
1.6801560052001732
1.6802560085336178
1.6803560118670622
1.6804560152005066
1.680556018533951
1.6806560218673956
1.68075602520084
1.6808560285342844
1.6809560318677288
1.6810560352011732
1.6811560385346178
1.6812560418680622
1.6813560452015066
1.681456048534951
1.6815560518683956
1.68165605520184
1.6817560585352844
1.6818560618687288
1.6819560652021732
1.6820560685356178
1.6821560718690622
1.6822560752025066
1.682356078535951
1.6824560818693957
1.68255608520284
1.6826560885362845
1.6827560918697289
1.6828560952031735
1.6829560985366179
1.6830561018700623
1.6831561052035067
1.683256108536951
1.6833561118703957
1.68345611520384
1.6835561185372845
1.6836561218707289
1.6837561252041735
1.683856128537618
1.6839561318710623
1.6840561352045067
1.684156138537951
1.6842561418713957
1.6843561452048401
1.6844561485382845
1.684556151871729
1.6846561552051735
1.684756158538618
1.6848561618720623
1.6849561652055067
1.6850561685389511
1.6851561718723957
1.6852561752058401
1.6853561785392845
1.685456181872729
1.6855561852061736
1.685656188539618
1.6857561918730624
1.6858561952065068
1.6859561985399512
1.6860562018733958
1.6861562052068402
1.6862562085402846
1.686356211873729
1.6864562152071736
1.686556218540618
1.6866562218740624
1.6867562252075068
1.6868562285409512
1.6869562318743958
1.6870562352078402
1.6871562385412846
1.687256241874729
1.6873562452081736
1.687456248541618
1.6875562518750624
1.6876562552085068
1.6877562585419512
1.6878562618753958
1.6879562652088402
1.6880562685422846
1.688156271875729
1.6882562752091737
1.688356278542618
1.6884562818760624
1.6885562852095068
1.6886562885429515
1.6887562918763959
1.6888562952098403
1.6889562985432847
1.689056301876729
1.6891563052101737
1.689256308543618
1.6893563118770625
1.6894563152105069
1.6895563185439515
1.689656321877396
1.6897563252108403
1.6898563285442847
1.689956331877729
1.6900563352111737
1.690156338544618
1.6902563418780625
1.690356345211507
1.6904563485449515
1.690556351878396
1.6906563552118403
1.6907563585452847
1.6908563618787291
1.6909563652121737
1.6910563685456181
1.6911563718790625
1.691256375212507
1.6913563785459516
1.691456381879396
1.6915563852128404
1.6916563885462848
1.6917563918797291
1.6918563952131738
1.6919563985466182
1.6920564018800626
1.692156405213507
1.6922564085469516
1.692356411880396
1.6924564152138404
1.6925564185472848
1.6926564218807292
1.6927564252141738
1.6928564285476182
1.6929564318810626
1.693056435214507
1.6931564385479516
1.693256441881396
1.6933564452148404
1.6934564485482848
1.6935564518817292
1.6936564552151738
1.6937564585486182
1.6938564618820626
1.693956465215507
1.6940564685489516
1.694156471882396
1.6942564752158404
1.6943564785492848
1.6944564818827295
1.6945564852161739
1.6946564885496183
1.6947564918830627
1.694856495216507
1.6949564985499517
1.695056501883396
1.6951565052168405
1.6952565085502849
1.6953565118837295
1.6954565152171739
1.6955565185506183
1.6956565218840627
1.695756525217507
1.6958565285509517
1.695956531884396
1.6960565352178405
1.696156538551285
1.6962565418847295
1.696356545218174
1.6964565485516183
1.6965565518850627
1.6966565552185071
1.6967565585519517
1.6968565618853961
1.6969565652188405
1.697056568552285
1.6971565718857295
1.697256575219174
1.6973565785526183
1.6974565818860627
1.6975565852195071
1.6976565885529518
1.6977565918863962
1.6978565952198406
1.697956598553285
1.6980566018867296
1.698156605220174
1.6982566085536184
1.6983566118870628
1.6984566152205072
1.6985566185539518
1.6986566218873962
1.6987566252208406
1.698856628554285
1.6989566318877296
1.699056635221174
1.6991566385546184
1.6992566418880628
1.6993566452215072
1.6994566485549518
1.6995566518883962
1.6996566552218406
1.699756658555285
1.6998566618887296
1.699956665222174
1.7000566685556184
1.7001566718890628
1.7002566752225075
1.7003566785559519
1.7004566818893962
1.7005566852228406
1.700656688556285
1.7007566918897297
1.700856695223174
1.7009566985566185
1.7010567018900629
1.7011567052235075
1.7012567085569519
1.7013567118903963
1.7014567152238407
1.701556718557285
1.7016567218907297
1.701756725224174
1.7018567285576185
1.701956731891063
1.7020567352245075
1.702156738557952
1.7022567418913963
1.7023567452248407
1.702456748558285
1.7025567518917297
1.7026567552251741
1.7027567585586185
1.702856761892063
1.7029567652255075
1.703056768558952
1.7031567718923963
1.7032567752258407
1.7033567785592851
1.7034567818927298
1.7035567852261742
1.7036567885596186
1.703756791893063
1.7038567952265076
1.703956798559952
1.7040568018933964
1.7041568052268408
1.7042568085602852
1.7043568118937298
1.7044568152271742
1.7045568185606186
1.704656821894063
1.7047568252275076
1.704856828560952
1.7049568318943964
1.7050568352278408
1.7051568385612852
1.7052568418947298
1.7053568452281742
1.7054568485616186
1.705556851895063
1.7056568552285076
1.705756858561952
1.7058568618953964
1.7059568652288408
1.7060568685622854
1.7061568718957298
1.7062568752291742
1.7063568785626186
1.706456881896063
1.7065568852295077
1.706656888562952
1.7067568918963965
1.7068568952298409
1.7069568985632855
1.7070569018967299
1.7071569052301743
1.7072569085636187
1.707356911897063
1.7074569152305077
1.707556918563952
1.7076569218973965
1.7077569252308409
1.7078569285642855
1.70795693189773
1.7080569352311743
1.7081569385646187
1.708256941898063
1.7083569452315077
1.7084569485649521
1.7085569518983965
1.708656955231841
1.7087569585652855
1.70885696189873
1.7089569652321743
1.7090569685656187
1.7091569718990631
1.7092569752325077
1.7093569785659521
1.7094569818993965
1.709556985232841
1.7096569885662856
1.70975699189973
1.7098569952331744
1.7099569985666188
1.7100570019000632
1.7101570052335078
1.7102570085669522
1.7103570119003966
1.710457015233841
1.7105570185672856
1.71065702190073
1.7107570252341744
1.7108570285676188
1.7109570319010632
1.7110570352345078
1.7111570385679522
1.7112570419013966
1.711357045234841
1.7114570485682856
1.71155705190173
1.7116570552351744
1.7117570585686188
1.7118570619020634
1.7119570652355078
1.7120570685689522
1.7121570719023966
1.712257075235841
1.7123570785692857
1.71245708190273
1.7125570852361744
1.7126570885696188
1.7127570919030635
1.7128570952365079
1.7129570985699523
1.7130571019033967
1.713157105236841
1.7132571085702857
1.71335711190373
1.7134571152371745
1.7135571185706189
1.7136571219040635
1.713757125237508
1.7138571285709523
1.7139571319043967
1.714057135237841
1.7141571385712857
1.71425714190473
1.7143571452381745
1.714457148571619
1.7145571519050635
1.714657155238508
1.7147571585719523
1.7148571619053967
1.7149571652388411
1.7150571685722857
1.7151571719057301
1.7152571752391745
1.715357178572619
1.7154571819060636
1.715557185239508
1.7156571885729524
1.7157571919063968
1.7158571952398411
1.7159571985732858
1.7160572019067302
1.7161572052401746
1.716257208573619
1.7163572119070636
1.716457215240508
1.7165572185739524
1.7166572219073968
1.7167572252408412
1.7168572285742858
1.7169572319077302
1.7170572352411746
1.717157238574619
1.7172572419080636
1.717357245241508
1.7174572485749524
1.7175572519083968
1.7176572552418414
1.7177572585752858
1.7178572619087302
1.7179572652421746
1.718057268575619
1.7181572719090636
1.718257275242508
1.7183572785759524
1.7184572819093968
1.7185572852428415
1.7186572885762859
1.7187572919097303
1.7188572952431747
1.718957298576619
1.7190573019100637
1.719157305243508
1.7192573085769525
1.7193573119103969
1.7194573152438415
1.7195573185772859
1.7196573219107303
1.7197573252441747
1.719857328577619
1.7199573319110637
1.720057335244508
1.7201573385779525
1.720257341911397
1.7203573452448415
1.720457348578286
1.7205573519117303
1.7206573552451747
1.7207573585786191
1.7208573619120637
1.7209573652455081
1.7210573685789525
1.721157371912397
1.7212573752458415
1.721357378579286
1.7214573819127303
1.7215573852461747
1.7216573885796191
1.7217573919130638
1.7218573952465082
1.7219573985799526
1.722057401913397
1.7221574052468416
1.722257408580286
1.7223574119137304
1.7224574152471748
1.7225574185806192
1.7226574219140638
1.7227574252475082
1.7228574285809526
1.722957431914397
1.7230574352478416
1.723157438581286
1.7232574419147304
1.7233574452481748
1.7234574485816194
1.7235574519150638
1.7236574552485082
1.7237574585819526
1.723857461915397
1.7239574652488416
1.724057468582286
1.7241574719157304
1.7242574752491748
1.7243574785826195
1.7244574819160639
1.7245574852495082
1.7246574885829526
1.724757491916397
1.7248574952498417
1.724957498583286
1.7250575019167305
1.7251575052501749
1.7252575085836195
1.7253575119170639
1.7254575152505083
1.7255575185839527
1.725657521917397
1.7257575252508417
1.725857528584286
1.7259575319177305
1.726057535251175
1.7261575385846195
1.726257541918064
1.7263575452515083
1.7264575485849527
1.726557551918397
1.7266575552518417
1.7267575585852861
1.7268575619187305
1.726957565252175
1.7270575685856195
1.727157571919064
1.7272575752525083
1.7273575785859527
1.7274575819193971
1.7275575852528418
1.7276575885862862
1.7277575919197306
1.727857595253175
1.7279575985866196
1.728057601920064
1.7281576052535084
1.7282576085869528
1.7283576119203972
1.7284576152538418
1.7285576185872862
1.7286576219207306
1.728757625254175
1.7288576285876196
1.728957631921064
1.7290576352545084
1.7291576385879528
1.7292576419213974
1.7293576452548418
1.7294576485882862
1.7295576519217306
1.729657655255175
1.7297576585886196
1.729857661922064
1.7299576652555084
1.7300576685889528
1.7301576719223974
1.7302576752558418
1.7303576785892862
1.7304576819227306
1.730557685256175
1.7306576885896197
1.730757691923064
1.7308576952565085
1.7309576985899529
1.7310577019233975
1.7311577052568419
1.7312577085902863
1.7313577119237307
1.731457715257175
1.7315577185906197
1.731657721924064
1.7317577252575085
1.7318577285909529
1.7319577319243975
1.732057735257842
1.7321577385912863
1.7322577419247307
1.732357745258175
1.7324577485916197
1.7325577519250641
1.7326577552585085
1.732757758591953
1.7328577619253975
1.732957765258842
1.7330577685922863
1.7331577719257307
1.7332577752591751
1.7333577785926197
1.7334577819260641
1.7335577852595085
1.733657788592953
1.7337577919263976
1.733857795259842
1.7339577985932864
1.7340578019267308
1.7341578052601752
1.7342578085936198
1.7343578119270642
1.7344578152605086
1.734557818593953
1.7346578219273976
1.734757825260842
1.7348578285942864
1.7349578319277308
1.7350578352611754
1.7351578385946198
1.7352578419280642
1.7353578452615086
1.735457848594953
1.7355578519283976
1.735657855261842
1.7357578585952864
1.7358578619287308
1.7359578652621754
1.7360578685956198
1.7361578719290642
1.7362578752625086
1.736357878595953
1.7364578819293977
1.736557885262842
1.7366578885962864
1.7367578919297308
1.7368578952631755
1.7369578985966199
1.7370579019300643
1.7371579052635087
1.737257908596953
1.7373579119303977
1.737457915263842
1.7375579185972865
1.7376579219307309
1.7377579252641755
1.73785792859762
1.7379579319310643
1.7380579352645087
1.738157938597953
1.7382579419313977
1.738357945264842
1.7384579485982865
1.738557951931731
1.7386579552651755
1.73875795859862
1.7388579619320643
1.7389579652655087
1.7390579685989531
1.7391579719323977
1.7392579752658421
1.7393579785992865
1.739457981932731
1.7395579852661756
1.73965798859962
1.7397579919330644
1.7398579952665088
1.7399579985999531
1.7400580019333978
1.7401580052668422
1.7402580086002866
1.740358011933731
1.7404580152671756
1.74055801860062
1.7406580219340644
1.7407580252675088
1.7408580286009534
1.7409580319343978
1.7410580352678422
1.7411580386012866
1.741258041934731
1.7413580452681756
1.74145804860162
1.7415580519350644
1.7416580552685088
1.7417580586019534
1.7418580619353978
1.7419580652688422
1.7420580686022866
1.742158071935731
1.7422580752691756
1.74235807860262
1.7424580819360644
1.7425580852695088
1.7426580886029535
1.7427580919363979
1.7428580952698423
1.7429580986032867
1.743058101936731
1.7431581052701757
1.74325810860362
1.7433581119370645
1.7434581152705089
1.7435581186039535
1.7436581219373979
1.7437581252708423
1.7438581286042867
1.743958131937731
1.7440581352711757
1.74415813860462
1.7442581419380645
1.744358145271509
1.7444581486049535
1.744558151938398
1.7446581552718423
1.7447581586052867
1.7448581619387311
1.7449581652721757
1.7450581686056201
1.7451581719390645
1.745258175272509
1.7453581786059535
1.745458181939398
1.7455581852728423
1.7456581886062867
1.7457581919397311
1.7458581952731758
1.7459581986066202
1.7460582019400646
1.746158205273509
1.7462582086069536
1.746358211940398
1.7464582152738424
1.7465582186072868
1.7466582219407312
1.7467582252741758
1.7468582286076202
1.7469582319410646
1.747058235274509
1.7471582386079536
1.747258241941398
1.7473582452748424
1.7474582486082868
1.7475582519417314
1.7476582552751758
1.7477582586086202
1.7478582619420646
1.747958265275509
1.7480582686089536
1.748158271942398
1.7482582752758424
1.7483582786092868
1.7484582819427315
1.7485582852761758
1.7486582886096202
1.7487582919430646
1.748858295276509
1.7489582986099537
1.749058301943398
1.7491583052768425
1.7492583086102869
1.7493583119437315
1.7494583152771759
1.7495583186106203
1.7496583219440647
1.749758325277509
1.7498583286109537
1.749958331944398
1.7500583352778425
1.750158338611287
1.7502583419447315
1.750358345278176
1.7504583486116203
1.7505583519450647
1.750658355278509
1.7507583586119537
1.7508583619453981
1.7509583652788425
1.751058368612287
1.7511583719457315
1.751258375279176
1.7513583786126203
1.7514583819460647
1.7515583852795091
1.7516583886129538
1.7517583919463982
1.7518583952798426
1.751958398613287
1.7520584019467316
1.752158405280176
1.7522584086136204
1.7523584119470648
1.7524584152805092
1.7525584186139538
1.7526584219473982
1.7527584252808426
1.752858428614287
1.7529584319477316
1.753058435281176
1.7531584386146204
1.7532584419480648
1.7533584452815094
1.7534584486149538
1.7535584519483982
1.7536584552818426
1.753758458615287
1.7538584619487316
1.753958465282176
1.7540584686156204
1.7541584719490648
1.7542584752825094
1.7543584786159538
1.7544584819493982
1.7545584852828426
1.754658488616287
1.7547584919497317
1.754858495283176
1.7549584986166205
1.7550585019500649
1.7551585052835095
1.7552585086169539
1.7553585119503983
1.7554585152838427
1.755558518617287
1.7556585219507317
1.755758525284176
1.7558585286176205
1.7559585319510649
1.7560585352845095
1.756158538617954
1.7562585419513983
1.7563585452848427
1.756458548618287
1.7565585519517317
1.7566585552851761
1.7567585586186205
1.756858561952065
1.7569585652855095
1.757058568618954
1.7571585719523983
1.7572585752858427
1.7573585786192871
1.7574585819527317
1.7575585852861761
1.7576585886196205
1.757758591953065
1.7578585952865096
1.757958598619954
1.7580586019533984
1.7581586052868428
1.7582586086202872
1.7583586119537318
1.7584586152871762
1.7585586186206206
1.758658621954065
1.7587586252875096
1.758858628620954
1.7589586319543984
1.7590586352878428
1.7591586386212874
1.7592586419547318
1.7593586452881762
1.7594586486216206
1.759558651955065
1.7596586552885096
1.759758658621954
1.7598586619553984
1.7599586652888428
1.7600586686222874
1.7601586719557318
1.7602586752891762
1.7603586786226206
1.760458681956065
1.7605586852895097
1.760658688622954
1.7607586919563984
1.7608586952898428
1.7609586986232875
1.7610587019567319
1.7611587052901763
1.7612587086236207
1.761358711957065
1.7614587152905097
1.761558718623954
1.7616587219573985
1.7617587252908429
1.7618587286242875
1.761958731957732
1.7620587352911763
1.7621587386246207
1.762258741958065
1.7623587452915097
1.762458748624954
1.7625587519583985
1.762658755291843
1.7627587586252875
1.762858761958732
1.7629587652921763
1.7630587686256207
1.7631587719590651
1.7632587752925097
1.7633587786259541
1.7634587819593985
1.763558785292843
1.7636587886262876
1.763758791959732
1.7638587952931764
1.7639587986266207
1.7640588019600651
1.7641588052935098
1.7642588086269542
1.7643588119603986
1.764458815293843
1.7645588186272876
1.764658821960732
1.7647588252941764
1.7648588286276208
1.7649588319610654
1.7650588352945098
1.7651588386279542
1.7652588419613986
1.765358845294843
1.7654588486282876
1.765558851961732
1.7656588552951764
1.7657588586286208
1.7658588619620654
1.7659588652955098
1.7660588686289542
1.7661588719623986
1.766258875295843
1.7663588786292876
1.766458881962732
1.7665588852961764
1.7666588886296208
1.7667588919630655
1.7668588952965099
1.7669588986299543
1.7670589019633987
1.767158905296843
1.7672589086302877
1.767358911963732
1.7674589152971765
1.7675589186306209
1.7676589219640655
1.7677589252975099
1.7678589286309543
1.7679589319643987
1.768058935297843
1.7681589386312877
1.768258941964732
1.7683589452981765
1.768458948631621
1.7685589519650655
1.76865895529851
1.7687589586319543
1.7688589619653987
1.7689589652988431
1.7690589686322877
1.7691589719657321
1.7692589752991765
1.769358978632621
1.7694589819660655
1.76955898529951
1.7696589886329543
1.7697589919663987
1.7698589952998431
1.7699589986332878
1.7700590019667322
1.7701590053001766
1.770259008633621
1.7703590119670656
1.77045901530051
1.7705590186339544
1.7706590219673988
1.7707590253008434
1.7708590286342878
1.7709590319677322
1.7710590353011766
1.771159038634621
1.7712590419680656
1.77135904530151
1.7714590486349544
1.7715590519683988
1.7716590553018434
1.7717590586352878
1.7718590619687322
1.7719590653021766
1.772059068635621
1.7721590719690656
1.77225907530251
1.7723590786359544
1.7724590819693988
1.7725590853028435
1.7726590886362878
1.7727590919697322
1.7728590953031766
1.772959098636621
1.7730591019700657
1.77315910530351
1.7732591086369545
1.7733591119703989
1.7734591153038435
1.7735591186372879
1.7736591219707323
1.7737591253041767
1.773859128637621
1.7739591319710657
1.77405913530451
1.7741591386379545
1.774259141971399
1.7743591453048435
1.774459148638288
1.7745591519717323
1.7746591553051767
1.774759158638621
1.7748591619720657
1.7749591653055101
1.7750591686389545
1.775159171972399
1.7752591753058435
1.775359178639288
1.7754591819727323
1.7755591853061767
1.7756591886396211
1.7757591919730658
1.7758591953065102
1.7759591986399546
1.776059201973399
1.7761592053068436
1.776259208640288
1.7763592119737324
1.7764592153071768
1.7765592186406214
1.7766592219740658
1.7767592253075102
1.7768592286409546
1.776959231974399
1.7770592353078436
1.777159238641288
1.7772592419747324
1.7773592453081768
1.7774592486416214
1.7775592519750658
1.7776592553085102
1.7777592586419546
1.777859261975399
1.7779592653088436
1.778059268642288
1.7781592719757324
1.7782592753091768
1.7783592786426214
1.7784592819760658
1.7785592853095102
1.7786592886429546
1.778759291976399
1.7788592953098437
1.778959298643288
1.7790593019767325
1.7791593053101769
1.7792593086436215
1.7793593119770659
1.7794593153105103
1.7795593186439547
1.779659321977399
1.7797593253108437
1.779859328644288
1.7799593319777325
1.7800593353111769
1.7801593386446215
1.780259341978066
1.7803593453115103
1.7804593486449547
1.780559351978399
1.7806593553118437
1.7807593586452881
1.7808593619787325
1.780959365312177
1.7810593686456215
1.781159371979066
1.7812593753125103
1.7813593786459547
1.7814593819793991
1.7815593853128437
1.7816593886462881
1.7817593919797325
1.781859395313177
1.7819593986466216
1.782059401980066
1.7821594053135104
1.7822594086469548
1.7823594119803994
1.7824594153138438
1.7825594186472882
1.7826594219807326
1.782759425314177
1.7828594286476216
1.782959431981066
1.7830594353145104
1.7831594386479548
1.7832594419813994
1.7833594453148438
1.7834594486482882
1.7835594519817326
1.783659455315177
1.7837594586486216
1.783859461982066
1.7839594653155104
1.7840594686489548
1.7841594719823994
1.7842594753158438
1.7843594786492882
1.7844594819827326
1.784559485316177
1.7846594886496217
1.784759491983066
1.7848594953165104
1.7849594986499548
1.7850595019833995
1.7851595053168439
1.7852595086502883
1.7853595119837327
1.785459515317177
1.7855595186506217
1.785659521984066
1.7857595253175105
1.7858595286509549
1.7859595319843995
1.786059535317844
1.7861595386512883
1.7862595419847327
1.786359545318177
1.7864595486516217
1.786559551985066
1.7866595553185105
1.786759558651955
1.7868595619853995
1.786959565318844
1.7870595686522883
1.7871595719857327
1.7872595753191771
1.7873595786526217
1.7874595819860661
1.7875595853195105
1.787659588652955
1.7877595919863996
1.787859595319844
1.7879595986532884
1.7880596019867327
1.7881596053201774
1.7882596086536218
1.7883596119870662
1.7884596153205106
1.788559618653955
1.7886596219873996
1.788759625320844
1.7888596286542884
1.7889596319877328
1.7890596353211774
1.7891596386546218
1.7892596419880662
1.7893596453215106
1.789459648654955
1.7895596519883996
1.789659655321844
1.7897596586552884
1.7898596619887328
1.7899596653221774
1.7900596686556218
1.7901596719890662
1.7902596753225106
1.790359678655955
1.7904596819893996
1.790559685322844
1.7906596886562884
1.7907596919897328
1.7908596953231775
1.7909596986566219
1.7910597019900663
1.7911597053235107
1.791259708656955
1.7913597119903997
1.791459715323844
1.7915597186572885
1.7916597219907329
1.7917597253241775
1.7918597286576219
1.7919597319910663
1.7920597353245107
1.792159738657955
1.7922597419913997
1.792359745324844
1.7924597486582885
1.792559751991733
1.7926597553251775
1.792759758658622
1.7928597619920663
1.7929597653255107
1.793059768658955
1.7931597719923997
1.7932597753258441
1.7933597786592885
1.793459781992733
1.7935597853261775
1.793659788659622
1.7937597919930663
1.7938597953265107
1.7939597986599554
1.7940598019933998
1.7941598053268442
1.7942598086602886
1.794359811993733
1.7944598153271776
1.794559818660622
1.7946598219940664
1.7947598253275108
1.7948598286609554
1.7949598319943998
1.7950598353278442
1.7951598386612886
1.795259841994733
1.7953598453281776
1.795459848661622
1.7955598519950664
1.7956598553285108
1.7957598586619554
1.7958598619953998
1.7959598653288442
1.7960598686622886
1.796159871995733
1.7962598753291776
1.796359878662622
1.7964598819960664
1.7965598853295108
1.7966598886629555
1.7967598919963998
1.7968598953298442
1.7969598986632886
1.797059901996733
1.7971599053301777
1.797259908663622
1.7973599119970665
1.7974599153305109
1.7975599186639555
1.7976599219973999
1.7977599253308443
1.7978599286642887
1.797959931997733
1.7980599353311777
1.798159938664622
1.7982599419980665
1.798359945331511
1.7984599486649555
1.7985599519984
1.7986599553318443
1.7987599586652887
1.798859961998733
1.7989599653321777
1.7990599686656221
1.7991599719990665
1.799259975332511
1.7993599786659555
1.7994599819994
1.7995599853328443
1.7996599886662887
1.7997599919997334
1.7998599953331778
1.7999599986666222
1.8000600020000666
1.800160005333511
1.8002600086669556
1.8003600120004
1.8004600153338444
1.8005600186672888
1.8006600220007334
1.8007600253341778
1.8008600286676222
1.8009600320010666
1.801060035334511
1.8011600386679556
1.8012600420014
1.8013600453348444
1.8014600486682888
1.8015600520017334
1.8016600553351778
1.8017600586686222
1.8018600620020666
1.801960065335511
1.8020600686689556
1.8021600720024
1.8022600753358444
1.8023600786692888
1.8024600820027334
1.8025600853361778
1.8026600886696222
1.8027600920030666
1.802860095336511
1.8029600986699557
1.8030601020034
1.8031601053368445
1.8032601086702889
1.8033601120037335
1.8034601153371779
1.8035601186706223
1.8036601220040667
1.803760125337511
1.8038601286709557
1.8039601320044
1.8040601353378445
1.8041601386712889
1.8042601420047335
1.804360145338178
1.8044601486716223
1.8045601520050667
1.804660155338511
1.8047601586719557
1.8048601620054001
1.8049601653388445
1.805060168672289
1.8051601720057335
1.805260175339178
1.8053601786726223
1.8054601820060667
1.8055601853395113
1.8056601886729557
1.8057601920064001
1.8058601953398445
1.805960198673289
1.8060602020067336
1.806160205340178
1.8062602086736224
1.8063602120070668
1.8064602153405114
1.8065602186739558
1.8066602220074002
1.8067602253408446
1.806860228674289
1.8069602320077336
1.807060235341178
1.8071602386746224
1.8072602420080668
1.8073602453415114
1.8074602486749558
1.8075602520084002
1.8076602553418446
1.807760258675289
1.8078602620087336
1.807960265342178
1.8080602686756224
1.8081602720090668
1.8082602753425114
1.8083602786759558
1.8084602820094002
1.8085602853428446
1.808660288676289
1.8087602920097337
1.808860295343178
1.8089602986766224
1.8090603020100668
1.8091603053435115
1.8092603086769559
1.8093603120104003
1.8094603153438447
1.809560318677289
1.8096603220107337
1.809760325344178
1.8098603286776225
1.8099603320110669
1.8100603353445115
1.810160338677956
1.8102603420114003
1.8103603453448447
1.810460348678289
1.8105603520117337
1.810660355345178
1.8107603586786225
1.810860362012067
1.8109603653455115
1.811060368678956
1.8111603720124003
1.8112603753458447
1.8113603786792893
1.8114603820127337
1.8115603853461781
1.8116603886796225
1.811760392013067
1.8118603953465116
1.811960398679956
1.8120604020134004
1.8121604053468447
1.8122604086802894
1.8123604120137338
1.8124604153471782
1.8125604186806226
1.812660422014067
1.8127604253475116
1.812860428680956
1.8129604320144004
1.8130604353478448
1.8131604386812894
1.8132604420147338
1.8133604453481782
1.8134604486816226
1.813560452015067
1.8136604553485116
1.813760458681956
1.8138604620154004
1.8139604653488448
1.8140604686822894
1.8141604720157338
1.8142604753491782
1.8143604786826226
1.814460482016067
1.8145604853495116
1.814660488682956
1.8147604920164004
1.8148604953498448
1.8149604986832895
1.8150605020167339
1.8151605053501783
1.8152605086836227
1.815360512017067
1.8154605153505117
1.815560518683956
1.8156605220174005
1.8157605253508449
1.8158605286842895
1.8159605320177339
1.8160605353511783
1.8161605386846227
1.816260542018067
1.8163605453515117
1.816460548684956
1.8165605520184005
1.816660555351845
1.8167605586852895
1.816860562018734
1.8169605653521783
1.8170605686856227
1.8171605720190673
1.8172605753525117
1.8173605786859561
1.8174605820194005
1.817560585352845
1.8176605886862895
1.817760592019734
1.8178605953531783
1.8179605986866227
1.8180606020200674
1.8181606053535118
1.8182606086869562
1.8183606120204006
1.818460615353845
1.8185606186872896
1.818660622020734
1.8187606253541784
1.8188606286876228
1.8189606320210674
1.8190606353545118
1.8191606386879562
1.8192606420214006
1.819360645354845
1.8194606486882896
1.819560652021734
1.8196606553551784
1.8197606586886228
1.8198606620220674
1.8199606653555118
1.8200606686889562
1.8201606720224006
1.820260675355845
1.8203606786892896
1.820460682022734
1.8205606853561784
1.8206606886896228
1.8207606920230675
1.8208606953565118
1.8209606986899562
1.8210607020234006
1.821160705356845
1.8212607086902897
1.821360712023734
1.8214607153571785
1.8215607186906229
1.8216607220240675
1.8217607253575119
1.8218607286909563
1.8219607320244007
1.822060735357845
1.8221607386912897
1.822260742024734
1.8223607453581785
1.822460748691623
1.8225607520250675
1.822660755358512
1.8227607586919563
1.8228607620254007
1.8229607653588453
1.8230607686922897
1.8231607720257341
1.8232607753591785
1.823360778692623
1.8234607820260675
1.823560785359512
1.8236607886929563
1.8237607920264007
1.8238607953598454
1.8239607986932898
1.8240608020267342
1.8241608053601785
1.824260808693623
1.8243608120270676
1.824460815360512
1.8245608186939564
1.8246608220274008
1.8247608253608454
1.8248608286942898
1.8249608320277342
1.8250608353611786
1.825160838694623
1.8252608420280676
1.825360845361512
1.8254608486949564
1.8255608520284008
1.8256608553618454
1.8257608586952898
1.8258608620287342
1.8259608653621786
1.826060868695623
1.8261608720290676
1.826260875362512
1.8263608786959564
1.8264608820294008
1.8265608853628454
1.8266608886962898
1.8267608920297342
1.8268608953631786
1.826960898696623
1.8270609020300677
1.827160905363512
1.8272609086969565
1.8273609120304009
1.8274609153638455
1.8275609186972899
1.8276609220307343
1.8277609253641787
1.827860928697623
1.8279609320310677
1.828060935364512
1.8281609386979565
1.8282609420314009
1.8283609453648455
1.82846094869829
1.8285609520317343
1.8286609553651787
1.8287609586986233
1.8288609620320677
1.8289609653655121
1.8290609686989565
1.829160972032401
1.8292609753658455
1.82936097869929
1.8294609820327343
1.8295609853661787
1.8296609886996233
1.8297609920330677
1.8298609953665121
1.8299609986999565
1.830061002033401
1.8301610053668456
1.83026100870029
1.8303610120337344
1.8304610153671788
1.8305610187006234
1.8306610220340678
1.8307610253675122
1.8308610287009566
1.830961032034401
1.8310610353678456
1.83116103870129
1.8312610420347344
1.8313610453681788
1.8314610487016234
1.8315610520350678
1.8316610553685122
1.8317610587019566
1.831861062035401
1.8319610653688456
1.83206106870229
1.8321610720357344
1.8322610753691788
1.8323610787026234
1.8324610820360678
1.8325610853695122
1.8326610887029566
1.832761092036401
1.8328610953698456
1.83296109870329
1.8330611020367344
1.8331611053701788
1.8332611087036235
1.8333611120370679
1.8334611153705123
1.8335611187039567
1.833661122037401
1.8337611253708457
1.83386112870429
1.8339611320377345
1.8340611353711789
1.8341611387046235
1.834261142038068
1.8343611453715123
1.8344611487049567
1.8345611520384013
1.8346611553718457
1.83476115870529
1.8348611620387345
1.834961165372179
1.8350611687056235
1.835161172039068
1.8352611753725123
1.8353611787059567
1.8354611820394013
1.8355611853728457
1.8356611887062901
1.8357611920397345
1.835861195373179
1.8359611987066236
1.836061202040068
1.8361612053735124
1.8362612087069567
1.8363612120404014
1.8364612153738458
1.8365612187072902
1.8366612220407346
1.836761225374179
1.8368612287076236
1.836961232041068
1.8370612353745124
1.8371612387079568
1.8372612420414014
1.8373612453748458
1.8374612487082902
1.8375612520417346
1.837661255375179
1.8377612587086236
1.837861262042068
1.8379612653755124
1.8380612687089568
1.8381612720424014
1.8382612753758458
1.8383612787092902
1.8384612820427346
1.838561285376179
1.8386612887096236
1.838761292043068
1.8388612953765124
1.8389612987099568
1.8390613020434015
1.8391613053768459
1.8392613087102903
1.8393613120437347
1.839461315377179
1.8395613187106237
1.839661322044068
1.8397613253775125
1.8398613287109569
1.8399613320444015
1.8400613353778459
1.8401613387112903
1.8402613420447347
1.8403613453781793
1.8404613487116237
1.840561352045068
1.8406613553785125
1.840761358711957
1.8408613620454015
1.840961365378846
1.8410613687122903
1.8411613720457347
1.8412613753791793
1.8413613787126237
1.8414613820460681
1.8415613853795125
1.841661388712957
1.8417613920464015
1.841861395379846
1.8419613987132903
1.8420614020467347
1.8421614053801794
1.8422614087136238
1.8423614120470682
1.8424614153805126
1.842561418713957
1.8426614220474016
1.842761425380846
1.8428614287142904
1.8429614320477348
1.8430614353811794
1.8431614387146238
1.8432614420480682
1.8433614453815126
1.843461448714957
1.8435614520484016
1.843661455381846
1.8437614587152904
1.8438614620487348
1.8439614653821794
1.8440614687156238
1.8441614720490682
1.8442614753825126
1.844361478715957
1.8444614820494016
1.844561485382846
1.8446614887162904
1.8447614920497348
1.8448614953831795
1.8449614987166238
1.8450615020500682
1.8451615053835126
1.845261508716957
1.8453615120504017
1.845461515383846
1.8455615187172905
1.8456615220507349
1.8457615253841795
1.8458615287176239
1.8459615320510683
1.8460615353845127
1.846161538717957
1.8462615420514017
1.846361545384846
1.8464615487182905
1.846561552051735
1.8466615553851795
1.846761558718624
1.8468615620520683
1.8469615653855127
1.8470615687189573
1.8471615720524017
1.8472615753858461
1.8473615787192905
1.847461582052735
1.8475615853861795
1.847661588719624
1.8477615920530683
1.8478615953865127
1.8479615987199574
1.8480616020534018
1.8481616053868462
1.8482616087202905
1.848361612053735
1.8484616153871796
1.848561618720624
1.8486616220540684
1.8487616253875128
1.8488616287209574
1.8489616320544018
1.8490616353878462
1.8491616387212906
1.849261642054735
1.8493616453881796
1.849461648721624
1.8495616520550684
1.8496616553885128
1.8497616587219574
1.8498616620554018
1.8499616653888462
1.8500616687222906
1.850161672055735
1.8502616753891796
1.850361678722624
1.8504616820560684
1.8505616853895128
1.8506616887229574
1.8507616920564018
1.8508616953898462
1.8509616987232906
1.851061702056735
1.8511617053901797
1.851261708723624
1.8513617120570685
1.8514617153905129
1.8515617187239575
1.8516617220574019
1.8517617253908463
1.8518617287242907
1.851961732057735
1.8520617353911797
1.852161738724624
1.8522617420580685
1.8523617453915129
1.8524617487249575
1.852561752058402
1.8526617553918463
1.8527617587252907
1.8528617620587353
1.8529617653921797
1.8530617687256241
1.8531617720590685
1.853261775392513
1.8533617787259575
1.853461782059402
1.8535617853928463
1.8536617887262907
1.8537617920597353
1.8538617953931797
1.8539617987266241
1.8540618020600685
1.854161805393513
1.8542618087269576
1.854361812060402
1.8544618153938464
1.8545618187272908
1.8546618220607354
1.8547618253941798
1.8548618287276242
1.8549618320610686
1.855061835394513
1.8551618387279576
1.855261842061402
1.8553618453948464
1.8554618487282908
1.8555618520617354
1.8556618553951798
1.8557618587286242
1.8558618620620686
1.855961865395513
1.8560618687289576
1.856161872062402
1.8562618753958464
1.8563618787292908
1.8564618820627354
1.8565618853961798
1.8566618887296242
1.8567618920630686
1.856861895396513
1.8569618987299576
1.857061902063402
1.8571619053968464
1.8572619087302908
1.8573619120637355
1.8574619153971799
1.8575619187306243
1.8576619220640687
1.857761925397513
1.8578619287309577
1.857961932064402
1.8580619353978465
1.8581619387312909
1.8582619420647355
1.85836194539818
1.8584619487316243
1.8585619520650687
1.8586619553985133
1.8587619587319577
1.858861962065402
1.8589619653988465
1.859061968732291
1.8591619720657355
1.85926197539918
1.8593619787326243
1.8594619820660687
1.8595619853995133
1.8596619887329577
1.8597619920664021
1.8598619953998465
1.859961998733291
1.8600620020667356
1.86016200540018
1.8602620087336244
1.8603620120670687
1.8604620154005134
1.8605620187339578
1.8606620220674022
1.8607620254008466
1.860862028734291
1.8609620320677356
1.86106203540118
1.8611620387346244
1.8612620420680688
1.8613620454015134
1.8614620487349578
1.8615620520684022
1.8616620554018466
1.861762058735291
1.8618620620687356
1.86196206540218
1.8620620687356244
1.8621620720690688
1.8622620754025134
1.8623620787359578
1.8624620820694022
1.8625620854028466
1.862662088736291
1.8627620920697356
1.86286209540318
1.8629620987366244
1.8630621020700688
1.8631621054035135
1.8632621087369579
1.8633621120704023
1.8634621154038467
1.863562118737291
1.8636621220707357
1.86376212540418
1.8638621287376245
1.8639621320710689
1.8640621354045135
1.8641621387379579
1.8642621420714023
1.8643621454048467
1.8644621487382913
1.8645621520717357
1.86466215540518
1.8647621587386245
1.864862162072069
1.8649621654055135
1.865062168738958
1.8651621720724023
1.8652621754058467
1.8653621787392913
1.8654621820727357
1.8655621854061801
1.8656621887396245
1.865762192073069
1.8658621954065135
1.865962198739958
1.8660622020734023
1.8661622054068467
1.8662622087402914
1.8663622120737358
1.8664622154071802
1.8665622187406246
1.866662222074069
1.8667622254075136
1.866862228740958
1.8669622320744024
1.8670622354078468
1.8671622387412914
1.8672622420747358
1.8673622454081802
1.8674622487416246
1.867562252075069
1.8676622554085136
1.867762258741958
1.8678622620754024
1.8679622654088468
1.8680622687422914
1.8681622720757358
1.8682622754091802
1.8683622787426246
1.868462282076069
1.8685622854095136
1.868662288742958
1.8687622920764024
1.8688622954098468
1.8689622987432915
1.8690623020767358
1.8691623054101802
1.8692623087436246
1.869362312077069
1.8694623154105137
1.869562318743958
1.8696623220774025
1.8697623254108469
1.8698623287442915
1.8699623320777359
1.8700623354111803
1.8701623387446247
1.8702623420780693
1.8703623454115137
1.870462348744958
1.8705623520784025
1.8706623554118469
1.8707623587452915
1.870862362078736
1.8709623654121803
1.8710623687456247
1.8711623720790693
1.8712623754125137
1.8713623787459581
1.8714623820794025
1.871562385412847
1.8716623887462915
1.871762392079736
1.8718623954131803
1.8719623987466247
1.8720624020800694
1.8721624054135138
1.8722624087469582
1.8723624120804025
1.872462415413847
1.8725624187472916
1.872662422080736
1.8727624254141804
1.8728624287476248
1.8729624320810694
1.8730624354145138
1.8731624387479582
1.8732624420814026
1.873362445414847
1.8734624487482916
1.873562452081736
1.8736624554151804
1.8737624587486248
1.8738624620820694
1.8739624654155138
1.8740624687489582
1.8741624720824026
1.874262475415847
1.8743624787492916
1.874462482082736
1.8745624854161804
1.8746624887496248
1.8747624920830694
1.8748624954165138
1.8749624987499582
1.8750625020834026
1.875162505416847
1.8752625087502917
1.875362512083736
1.8754625154171805
1.8755625187506249
1.8756625220840695
1.8757625254175139
1.8758625287509583
1.8759625320844027
1.8760625354178473
1.8761625387512917
1.876262542084736
1.8763625454181805
1.8764625487516249
1.8765625520850695
1.876662555418514
1.8767625587519583
1.8768625620854027
1.8769625654188473
1.8770625687522917
1.8771625720857361
1.8772625754191805
1.877362578752625
1.8774625820860695
1.877562585419514
1.8776625887529583
1.8777625920864027
1.8778625954198473
1.8779625987532917
1.8780626020867361
1.8781626054201805
1.878262608753625
1.8783626120870696
1.878462615420514
1.8785626187539584
1.8786626220874028
1.8787626254208474
1.8788626287542918
1.8789626320877362
1.8790626354211806
1.879162638754625
1.8792626420880696
1.879362645421514
1.8794626487549584
1.8795626520884028
1.8796626554218474
1.8797626587552918
1.8798626620887362
1.8799626654221806
1.880062668755625
1.8801626720890696
1.880262675422514
1.8803626787559584
1.8804626820894028
1.8805626854228474
1.8806626887562918
1.8807626920897362
1.8808626954231806
1.880962698756625
1.8810627020900696
1.881162705423514
1.8812627087569584
1.8813627120904028
1.8814627154238475
1.8815627187572919
1.8816627220907363
1.8817627254241807
1.8818627287576253
1.8819627320910697
1.882062735424514
1.8821627387579585
1.8822627420914029
1.8823627454248475
1.882462748758292
1.8825627520917363
1.8826627554251807
1.8827627587586253
1.8828627620920697
1.882962765425514
1.8830627687589585
1.883162772092403
1.8832627754258475
1.883362778759292
1.8834627820927363
1.8835627854261807
1.8836627887596253
1.8837627920930697
1.8838627954265141
1.8839627987599585
1.884062802093403
1.8841628054268476
1.884262808760292
1.8843628120937364
1.8844628154271807
1.8845628187606254
1.8846628220940698
1.8847628254275142
1.8848628287609586
1.884962832094403
1.8850628354278476
1.885162838761292
1.8852628420947364
1.8853628454281808
1.8854628487616254
1.8855628520950698
1.8856628554285142
1.8857628587619586
1.885862862095403
1.8859628654288476
1.886062868762292
1.8861628720957364
1.8862628754291808
1.8863628787626254
1.8864628820960698
1.8865628854295142
1.8866628887629586
1.886762892096403
1.8868628954298476
1.886962898763292
1.8870629020967364
1.8871629054301808
1.8872629087636255
1.8873629120970699
1.8874629154305143
1.8875629187639587
1.8876629220974033
1.8877629254308477
1.887862928764292
1.8879629320977365
1.8880629354311809
1.8881629387646255
1.8882629420980699
1.8883629454315143
1.8884629487649587
1.8885629520984033
1.8886629554318477
1.888762958765292
1.8888629620987365
1.888962965432181
1.8890629687656255
1.88916297209907
1.8892629754325143
1.8893629787659587
1.8894629820994033
1.8895629854328477
1.8896629887662921
1.8897629920997365
1.889862995433181
1.8899629987666255
1.89006300210007
1.8901630054335143
1.8902630087669587
1.8903630121004034
1.8904630154338478
1.8905630187672922
1.8906630221007366
1.890763025434181
1.8908630287676256
1.89096303210107
1.8910630354345144
1.8911630387679588
1.8912630421014034
1.8913630454348478
1.8914630487682922
1.8915630521017366
1.891663055435181
1.8917630587686256
1.89186306210207
1.8919630654355144
1.8920630687689588
1.8921630721024034
1.8922630754358478
1.8923630787692922
1.8924630821027366
1.892563085436181
1.8926630887696256
1.89276309210307
1.8928630954365144
1.8929630987699588
1.8930631021034035
1.8931631054368478
1.8932631087702922
1.8933631121037366
1.8934631154371813
1.8935631187706257
1.89366312210407
1.8937631254375145
1.8938631287709589
1.8939631321044035
1.8940631354378479
1.8941631387712923
1.8942631421047367
1.8943631454381813
1.8944631487716257
1.89456315210507
1.8946631554385145
1.8947631587719589
1.8948631621054035
1.894963165438848
1.8950631687722923
1.8951631721057367
1.8952631754391813
1.8953631787726257
1.8954631821060701
1.8955631854395145
1.895663188772959
1.8957631921064035
1.895863195439848
1.8959631987732923
1.8960632021067367
1.8961632054401814
1.8962632087736258
1.8963632121070702
1.8964632154405145
1.896563218773959
1.8966632221074036
1.896763225440848
1.8968632287742924
1.8969632321077368
1.8970632354411814
1.8971632387746258
1.8972632421080702
1.8973632454415146
1.897463248774959
1.8975632521084036
1.897663255441848
1.8977632587752924
1.8978632621087368
1.8979632654421814
1.8980632687756258
1.8981632721090702
1.8982632754425146
1.898363278775959
1.8984632821094036
1.898563285442848
1.8986632887762924
1.8987632921097368
1.8988632954431814
1.8989632987766258
1.8990633021100702
1.8991633054435146
1.8992633087769593
1.8993633121104037
1.899463315443848
1.8995633187772925
1.8996633221107369
1.8997633254441815
1.8998633287776259
1.8999633321110703
1.9000633354445147
1.9001633387779593
1.9002633421114037
1.900363345444848
1.9004633487782925
1.9005633521117369
1.9006633554451815
1.900763358778626
1.9008633621120703
1.9009633654455147
1.9010633687789593
1.9011633721124037
1.9012633754458481
1.9013633787792925
1.901463382112737
1.9015633854461815
1.901663388779626
1.9017633921130703
1.9018633954465147
1.9019633987799593
1.9020634021134037
1.9021634054468481
1.9022634087802925
1.902363412113737
1.9024634154471816
1.902563418780626
1.9026634221140704
1.9027634254475148
1.9028634287809594
1.9029634321144038
1.9030634354478482
1.9031634387812926
1.903263442114737
1.9033634454481816
1.903463448781626
1.9035634521150704
1.9036634554485148
1.9037634587819594
1.9038634621154038
1.9039634654488482
1.9040634687822926
1.904163472115737
1.9042634754491816
1.904363478782626
1.9044634821160704
1.9045634854495148
1.9046634887829594
1.9047634921164038
1.9048634954498482
1.9049634987832926
1.9050635021167373
1.9051635054501816
1.905263508783626
1.9053635121170704
1.9054635154505148
1.9055635187839595
1.9056635221174039
1.9057635254508483
1.9058635287842927
1.9059635321177373
1.9060635354511817
1.906163538784626
1.9062635421180705
1.9063635454515149
1.9064635487849595
1.906563552118404
1.9066635554518483
1.9067635587852927
1.9068635621187373
1.9069635654521817
1.907063568785626
1.9071635721190705
1.907263575452515
1.9073635787859595
1.907463582119404
1.9075635854528483
1.9076635887862927
1.9077635921197373
1.9078635954531817
1.9079635987866261
1.9080636021200705
1.908163605453515
1.9082636087869596
1.908363612120404
1.9084636154538483
1.9085636187872927
1.9086636221207374
1.9087636254541818
1.9088636287876262
1.9089636321210706
1.909063635454515
1.9091636387879596
1.909263642121404
1.9093636454548484
1.9094636487882928
1.9095636521217374
1.9096636554551818
1.9097636587886262
1.9098636621220706
1.909963665455515
1.9100636687889596
1.910163672122404
1.9102636754558484
1.9103636787892928
1.9104636821227374
1.9105636854561818
1.9106636887896262
1.9107636921230706
1.9108636954565152
1.9109636987899596
1.911063702123404
1.9111637054568484
1.9112637087902928
1.9113637121237375
1.9114637154571819
1.9115637187906263
1.9116637221240707
1.9117637254575153
1.9118637287909597
1.911963732124404
1.9120637354578485
1.9121637387912929
1.9122637421247375
1.9123637454581819
1.9124637487916263
1.9125637521250707
1.9126637554585153
1.9127637587919597
1.912863762125404
1.9129637654588485
1.913063768792293
1.9131637721257375
1.913263775459182
1.9133637787926263
1.9134637821260707
1.9135637854595153
1.9136637887929597
1.9137637921264041
1.9138637954598485
1.913963798793293
1.9140638021267375
1.914163805460182
1.9142638087936263
1.9143638121270707
1.9144638154605154
1.9145638187939598
1.9146638221274042
1.9147638254608486
1.914863828794293
1.9149638321277376
1.915063835461182
1.9151638387946264
1.9152638421280708
1.9153638454615154
1.9154638487949598
1.9155638521284042
1.9156638554618486
1.915763858795293
1.9158638621287376
1.915963865462182
1.9160638687956264
1.9161638721290708
1.9162638754625154
1.9163638787959598
1.9164638821294042
1.9165638854628486
1.9166638887962932
1.9167638921297376
1.916863895463182
1.9169638987966264
1.9170639021300708
1.9171639054635154
1.9172639087969598
1.9173639121304042
1.9174639154638486
1.9175639187972933
1.9176639221307377
1.917763925464182
1.9178639287976265
1.9179639321310709
1.9180639354645155
1.9181639387979599
1.9182639421314043
1.9183639454648487
1.9184639487982933
1.9185639521317377
1.918663955465182
1.9187639587986265
1.9188639621320709
1.9189639654655155
1.91906396879896
1.9191639721324043
1.9192639754658487
1.9193639787992933
1.9194639821327377
1.9195639854661821
1.9196639887996265
1.919763992133071
1.9198639954665155
1.91996399879996
1.9200640021334043
1.9201640054668487
1.9202640088002934
1.9203640121337378
1.9204640154671822
1.9205640188006265
1.920664022134071
1.9207640254675156
1.92086402880096
1.9209640321344044
1.9210640354678488
1.9211640388012934
1.9212640421347378
1.9213640454681822
1.9214640488016266
1.921564052135071
1.9216640554685156
1.92176405880196
1.9218640621354044
1.9219640654688488
1.9220640688022934
1.9221640721357378
1.9222640754691822
1.9223640788026266
1.9224640821360712
1.9225640854695156
1.92266408880296
1.9227640921364044
1.9228640954698488
1.9229640988032934
1.9230641021367378
1.9231641054701822
1.9232641088036266
1.9233641121370713
1.9234641154705157
1.92356411880396
1.9236641221374045
1.9237641254708489
1.9238641288042935
1.9239641321377379
1.9240641354711823
1.9241641388046267
1.9242641421380713
1.9243641454715157
1.92446414880496
1.9245641521384045
1.9246641554718489
1.9247641588052935
1.924864162138738
1.9249641654721823
1.9250641688056267
1.9251641721390713
1.9252641754725157
1.9253641788059601
1.9254641821394045
1.925564185472849
1.9256641888062935
1.925764192139738
1.9258641954731823
1.9259641988066267
1.9260642021400713
1.9261642054735157
1.9262642088069601
1.9263642121404045
1.926464215473849
1.9265642188072936
1.926664222140738
1.9267642254741824
1.9268642288076268
1.9269642321410714
1.9270642354745158
1.9271642388079602
1.9272642421414046
1.927364245474849
1.9274642488082936
1.927564252141738
1.9276642554751824
1.9277642588086268
1.9278642621420714
1.9279642654755158
1.9280642688089602
1.9281642721424046
1.9282642754758492
1.9283642788092936
1.928464282142738
1.9285642854761824
1.9286642888096268
1.9287642921430714
1.9288642954765158
1.9289642988099602
1.9290643021434046
1.9291643054768493
1.9292643088102936
1.929364312143738
1.9294643154771824
1.9295643188106268
1.9296643221440715
1.9297643254775159
1.9298643288109603
1.9299643321444047
1.9300643354778493
1.9301643388112937
1.930264342144738
1.9303643454781825
1.9304643488116269
1.9305643521450715
1.930664355478516
1.9307643588119603
1.9308643621454047
1.9309643654788493
1.9310643688122937
1.931164372145738
1.9312643754791825
1.931364378812627
1.9314643821460715
1.931564385479516
1.9316643888129603
1.9317643921464047
1.9318643954798493
1.9319643988132937
1.9320644021467381
1.9321644054801825
1.932264408813627
1.9323644121470716
1.932464415480516
1.9325644188139603
1.9326644221474047
1.9327644254808494
1.9328644288142938
1.9329644321477382
1.9330644354811826
1.933164438814627
1.9332644421480716
1.933364445481516
1.9334644488149604
1.9335644521484048
1.9336644554818494
1.9337644588152938
1.9338644621487382
1.9339644654821826
1.9340644688156272
1.9341644721490716
1.934264475482516
1.9343644788159604
1.9344644821494048
1.9345644854828494
1.9346644888162938
1.9347644921497382
1.9348644954831826
1.9349644988166272
1.9350645021500716
1.935164505483516
1.9352645088169604
1.9353645121504048
1.9354645154838495
1.9355645188172939
1.9356645221507383
1.9357645254841827
1.9358645288176273
1.9359645321510717
1.936064535484516
1.9361645388179605
1.9362645421514049
1.9363645454848495
1.9364645488182939
1.9365645521517383
1.9366645554851827
1.9367645588186273
1.9368645621520717
1.936964565485516
1.9370645688189605
1.937164572152405
1.9372645754858495
1.937364578819294
1.9374645821527383
1.9375645854861827
1.9376645888196273
1.9377645921530717
1.9378645954865161
1.9379645988199605
1.938064602153405
1.9381646054868495
1.938264608820294
1.9383646121537383
1.9384646154871827
1.9385646188206274
1.9386646221540718
1.9387646254875162
1.9388646288209606
1.938964632154405
1.9390646354878496
1.939164638821294
1.9392646421547384
1.9393646454881828
1.9394646488216274
1.9395646521550718
1.9396646554885162
1.9397646588219606
1.9398646621554052
1.9399646654888496
1.940064668822294
1.9401646721557384
1.9402646754891828
1.9403646788226274
1.9404646821560718
1.9405646854895162
1.9406646888229606
1.9407646921564052
1.9408646954898496
1.940964698823294
1.9410647021567384
1.9411647054901828
1.9412647088236274
1.9413647121570718
1.9414647154905162
1.9415647188239606
1.9416647221574053
1.9417647254908497
1.941864728824294
1.9419647321577385
1.9420647354911829
1.9421647388246275
1.9422647421580719
1.9423647454915163
1.9424647488249607
1.9425647521584053
1.9426647554918497
1.942764758825294
1.9428647621587385
1.9429647654921829
1.9430647688256275
1.943164772159072
1.9432647754925163
1.9433647788259607
1.9434647821594053
1.9435647854928497
1.9436647888262941
1.9437647921597385
1.943864795493183
1.9439647988266275
1.944064802160072
1.9441648054935163
1.9442648088269607
1.9443648121604054
1.9444648154938498
1.9445648188272942
1.9446648221607385
1.944764825494183
1.9448648288276276
1.944964832161072
1.9450648354945164
1.9451648388279608
1.9452648421614054
1.9453648454948498
1.9454648488282942
1.9455648521617386
1.945664855495183
1.9457648588286276
1.945864862162072
1.9459648654955164
1.9460648688289608
1.9461648721624054
1.9462648754958498
1.9463648788292942
1.9464648821627386
1.9465648854961832
1.9466648888296276
1.946764892163072
1.9468648954965164
1.9469648988299608
1.9470649021634054
1.9471649054968498
1.9472649088302942
1.9473649121637386
1.9474649154971833
1.9475649188306277
1.947664922164072
1.9477649254975165
1.9478649288309609
1.9479649321644055
1.9480649354978499
1.9481649388312943
1.9482649421647387
1.9483649454981833
1.9484649488316277
1.948564952165072
1.9486649554985165
1.9487649588319609
1.9488649621654055
1.94896496549885
1.9490649688322943
1.9491649721657387
1.9492649754991833
1.9493649788326277
1.9494649821660721
1.9495649854995165
1.949664988832961
1.9497649921664055
1.94986499549985
1.9499649988332943
1.9500650021667387
1.9501650055001833
1.9502650088336277
1.9503650121670721
1.9504650155005165
1.950565018833961
1.9506650221674056
1.95076502550085
1.9508650288342944
1.9509650321677388
1.9510650355011834
1.9511650388346278
1.9512650421680722
1.9513650455015166
1.951465048834961
1.9515650521684056
1.95166505550185
1.9517650588352944
1.9518650621687388
1.9519650655021834
1.9520650688356278
1.9521650721690722
1.9522650755025166
1.9523650788359612
1.9524650821694056
1.95256508550285
1.9526650888362944
1.9527650921697388
1.9528650955031834
1.9529650988366278
1.9530651021700722
1.9531651055035166
1.9532651088369613
1.9533651121704056
1.95346511550385
1.9535651188372944
1.9536651221707388
1.9537651255041835
1.9538651288376279
1.9539651321710723
1.9540651355045167
1.9541651388379613
1.9542651421714057
1.95436514550485
1.9544651488382945
1.9545651521717389
1.9546651555051835
1.954765158838628
1.9548651621720723
1.9549651655055167
1.9550651688389613
1.9551651721724057
1.95526517550585
1.9553651788392945
1.955465182172739
1.9555651855061835
1.955665188839628
1.9557651921730723
1.9558651955065167
1.9559651988399613
1.9560652021734057
1.9561652055068501
1.9562652088402945
1.956365212173739
1.9564652155071836
1.956565218840628
1.9566652221740723
1.9567652255075167
1.9568652288409614
1.9569652321744058
1.9570652355078502
1.9571652388412946
1.957265242174739
1.9573652455081836
1.957465248841628
1.9575652521750724
1.9576652555085168
1.9577652588419614
1.9578652621754058
1.9579652655088502
1.9580652688422946
1.9581652721757392
1.9582652755091836
1.958365278842628
1.9584652821760724
1.9585652855095168
1.9586652888429614
1.9587652921764058
1.9588652955098502
1.9589652988432946
1.9590653021767392
1.9591653055101836
1.959265308843628
1.9593653121770724
1.9594653155105168
1.9595653188439615
1.9596653221774059
1.9597653255108503
1.9598653288442947
1.9599653321777393
1.9600653355111837
1.960165338844628
1.9602653421780725
1.9603653455115169
1.9604653488449615
1.9605653521784059
1.9606653555118503
1.9607653588452947
1.9608653621787393
1.9609653655121837
1.961065368845628
1.9611653721790725
1.961265375512517
1.9613653788459615
1.961465382179406
1.9615653855128503
1.9616653888462947
1.9617653921797393
1.9618653955131837
1.9619653988466281
1.9620654021800725
1.962165405513517
1.9622654088469615
1.962365412180406
1.9624654155138503
1.9625654188472947
1.9626654221807394
1.9627654255141838
1.9628654288476282
1.9629654321810726
1.963065435514517
1.9631654388479616
1.963265442181406
1.9633654455148504
1.9634654488482948
1.9635654521817394
1.9636654555151838
1.9637654588486282
1.9638654621820726
1.9639654655155172
1.9640654688489616
1.964165472182406
1.9642654755158504
1.9643654788492948
1.9644654821827394
1.9645654855161838
1.9646654888496282
1.9647654921830726
1.9648654955165172
1.9649654988499616
1.965065502183406
1.9651655055168504
1.9652655088502948
1.9653655121837394
1.9654655155171838
1.9655655188506282
1.9656655221840726
1.9657655255175173
1.9658655288509617
1.965965532184406
1.9660655355178505
1.9661655388512949
1.9662655421847395
1.9663655455181839
1.9664655488516283
1.9665655521850727
1.9666655555185173
1.9667655588519617
1.966865562185406
1.9669655655188505
1.9670655688522949
1.9671655721857395
1.967265575519184
1.9673655788526283
1.9674655821860727
1.9675655855195173
1.9676655888529617
1.9677655921864061
1.9678655955198505
1.967965598853295
1.9680656021867395
1.968165605520184
1.9682656088536283
1.9683656121870727
1.9684656155205174
1.9685656188539618
1.9686656221874062
1.9687656255208505
1.968865628854295
1.9689656321877396
1.969065635521184
1.9691656388546284
1.9692656421880728
1.9693656455215174
1.9694656488549618
1.9695656521884062
1.9696656555218506
1.9697656588552952
1.9698656621887396
1.969965665522184
1.9700656688556284
1.9701656721890728
1.9702656755225174
1.9703656788559618
1.9704656821894062
1.9705656855228506
1.9706656888562952
1.9707656921897396
1.970865695523184
1.9709656988566284
1.9710657021900728
1.9711657055235174
1.9712657088569618
1.9713657121904062
1.9714657155238506
1.9715657188572953
1.9716657221907397
1.971765725524184
1.9718657288576285
1.9719657321910729
1.9720657355245175
1.9721657388579619
1.9722657421914063
1.9723657455248507
1.9724657488582953
1.9725657521917397
1.972665755525184
1.9727657588586285
1.9728657621920729
1.9729657655255175
1.973065768858962
1.9731657721924063
1.9732657755258507
1.9733657788592953
1.9734657821927397
1.9735657855261841
1.9736657888596285
1.973765792193073
1.9738657955265175
1.973965798859962
1.9740658021934063
1.9741658055268507
1.9742658088602953
1.9743658121937397
1.9744658155271841
1.9745658188606285
1.974665822194073
1.9747658255275176
1.974865828860962
1.9749658321944064
1.9750658355278508
1.9751658388612954
1.9752658421947398
1.9753658455281842
1.9754658488616286
1.9755658521950732
1.9756658555285176
1.975765858861962
1.9758658621954064
1.9759658655288508
1.9760658688622954
1.9761658721957398
1.9762658755291842
1.9763658788626286
1.9764658821960732
1.9765658855295176
1.976665888862962
1.9767658921964064
1.9768658955298508
1.9769658988632954
1.9770659021967398
1.9771659055301842
1.9772659088636286
1.9773659121970732
1.9774659155305176
1.977565918863962
1.9776659221974064
1.9777659255308508
1.9778659288642955
1.9779659321977399
1.9780659355311843
1.9781659388646287
1.9782659421980733
1.9783659455315177
1.978465948864962
1.9785659521984065
1.9786659555318509
1.9787659588652955
1.97886596219874
1.9789659655321843
1.9790659688656287
1.9791659721990733
1.9792659755325177
1.979365978865962
1.9794659821994065
1.979565985532851
1.9796659888662955
1.97976599219974
1.9798659955331843
1.9799659988666287
1.9800660022000733
1.9801660055335177
1.9802660088669621
1.9803660122004065
1.980466015533851
1.9805660188672956
1.98066602220074
1.9807660255341843
1.9808660288676287
1.9809660322010734
1.9810660355345178
1.9811660388679622
1.9812660422014066
1.9813660455348512
1.9814660488682956
1.98156605220174
1.9816660555351844
1.9817660588686288
1.9818660622020734
1.9819660655355178
1.9820660688689622
1.9821660722024066
1.9822660755358512
1.9823660788692956
1.98246608220274
1.9825660855361844
1.9826660888696288
1.9827660922030734
1.9828660955365178
1.9829660988699622
1.9830661022034066
1.9831661055368512
1.9832661088702956
1.98336611220374
1.9834661155371844
1.9835661188706288
1.9836661222040735
1.9837661255375179
1.9838661288709623
1.9839661322044067
1.9840661355378513
1.9841661388712957
1.98426614220474
1.9843661455381845
1.9844661488716289
1.9845661522050735
1.9846661555385179
1.9847661588719623
1.9848661622054067
1.9849661655388513
1.9850661688722957
1.98516617220574
1.9852661755391845
1.985366178872629
1.9854661822060735
1.985566185539518
1.9856661888729623
1.9857661922064067
1.9858661955398513
1.9859661988732957
1.9860662022067401
1.9861662055401845
1.986266208873629
1.9863662122070735
1.986466215540518
1.9865662188739623
1.9866662222074067
1.9867662255408514
1.9868662288742958
1.9869662322077402
1.9870662355411846
1.9871662388746292
1.9872662422080736
1.987366245541518
1.9874662488749624
1.9875662522084068
1.9876662555418514
1.9877662588752958
1.9878662622087402
1.9879662655421846
1.9880662688756292
1.9881662722090736
1.988266275542518
1.9883662788759624
1.9884662822094068
1.9885662855428514
1.9886662888762958
1.9887662922097402
1.9888662955431846
1.9889662988766292
1.9890663022100736
1.989166305543518
1.9892663088769624
1.9893663122104068
1.9894663155438514
1.9895663188772958
1.9896663222107402
1.9897663255441846
1.9898663288776293
1.9899663322110737
1.990066335544518
1.9901663388779625
1.9902663422114069
1.9903663455448515
1.9904663488782959
1.9905663522117403
1.9906663555451847
1.9907663588786293
1.9908663622120737
1.990966365545518
1.9910663688789625
1.9911663722124069
1.9912663755458515
1.991366378879296
1.9914663822127403
1.9915663855461847
1.9916663888796293
1.9917663922130737
1.9918663955465181
1.9919663988799625
1.992066402213407
1.9921664055468515
1.992266408880296
1.9923664122137403
1.9924664155471847
1.9925664188806294
1.9926664222140738
1.9927664255475181
1.9928664288809625
1.9929664322144072
1.9930664355478516
1.993166438881296
1.9932664422147404
1.9933664455481848
1.9934664488816294
1.9935664522150738
1.9936664555485182
1.9937664588819626
1.9938664622154072
1.9939664655488516
1.994066468882296
1.9941664722157404
1.9942664755491848
1.9943664788826294
1.9944664822160738
1.9945664855495182
1.9946664888829626
1.9947664922164072
1.9948664955498516
1.994966498883296
1.9950665022167404
1.9951665055501848
1.9952665088836294
1.9953665122170738
1.9954665155505182
1.9955665188839626
1.9956665222174073
1.9957665255508517
1.995866528884296
1.9959665322177405
1.9960665355511849
1.9961665388846295
1.9962665422180739
1.9963665455515183
1.9964665488849627
1.9965665522184073
1.9966665555518517
1.996766558885296
1.9968665622187405
1.9969665655521849
1.9970665688856295
1.997166572219074
1.9972665755525183
1.9973665788859627
1.9974665822194073
1.9975665855528517
1.9976665888862961
1.9977665922197405
1.997866595553185
1.9979665988866295
1.998066602220074
1.9981666055535183
1.9982666088869627
1.9983666122204073
1.9984666155538517
1.9985666188872961
1.9986666222207405
1.9987666255541852
1.9988666288876296
1.998966632221074
1.9990666355545184
1.9991666388879628
1.9992666422214074
1.9993666455548518
1.9994666488882962
1.9995666522217406
1.9996666555551852
1.9997666588886296
1.999866662222074
1.9999666655555184
2.000066668888963
2.000166672222407
2.0002666755558516
2.0003666788892964
2.000466682222741
2.000566685556185
2.0006666888896296
2.000766692223074
2.0008666955565184
2.000966698889963
2.001066702223407
2.0011667055568516
2.0012667088902965
2.001366712223741
2.0014667155571852
2.0015667188906296
2.001666722224074
2.0017667255575184
2.001866728890963
2.0019667322244072
2.0020667355578516
2.0021667388912965
2.002266742224741
2.0023667455581853
2.0024667488916297
2.002566752225074
2.0026667555585185
2.002766758891963
2.0028667622254073
2.0029667655588517
2.0030667688922965
2.003166772225741
2.0032667755591853
2.0033667788926297
2.003466782226074
2.0035667855595185
2.003666788892963
2.0037667922264073
2.0038667955598517
2.0039667988932965
2.004066802226741
2.0041668055601853
2.0042668088936297
2.004366812227074
2.0044668155605185
2.004566818893963
2.0046668222274073
2.0047668255608517
2.0048668288942966
2.004966832227741
2.0050668355611854
2.0051668388946298
2.005266842228074
2.0053668455615186
2.005466848894963
2.0055668522284074
2.0056668555618518
2.0057668588952966
2.005866862228741
2.0059668655621854
2.00606686889563
2.006166872229074
2.0062668755625186
2.006366878895963
2.0064668822294074
2.006566885562852
2.0066668888962966
2.006766892229741
2.0068668955631854
2.00696689889663
2.0070669022300742
2.0071669055635186
2.007266908896963
2.0073669122304074
2.0074669155638523
2.0075669188972967
2.007666922230741
2.0077669255641855
2.00786692889763
2.0079669322310743
2.0080669355645187
2.008166938897963
2.0082669422314074
2.0083669455648523
2.0084669488982967
2.008566952231741
2.0086669555651855
2.00876695889863
2.0088669622320743
2.0089669655655187
2.009066968898963
2.0091669722324075
2.0092669755658523
2.0093669788992967
2.009466982232741
2.0095669855661855
2.00966698889963
2.0097669922330743
2.0098669955665187
2.009966998899963
2.0100670022334075
2.0101670055668523
2.0102670089002967
2.010367012233741
2.0104670155671855
2.01056701890063
2.0106670222340743
2.0107670255675187
2.010867028900963
2.0109670322344075
2.0110670355678524
2.0111670389012968
2.011267042234741
2.0113670455681856
2.01146704890163
2.0115670522350744
2.0116670555685188
2.011767058901963
2.0118670622354076
2.0119670655688524
2.012067068902297
2.012167072235741
2.0122670755691856
2.01236707890263
2.0124670822360744
2.012567085569519
2.012667088902963
2.0127670922364076
2.0128670955698524
2.012967098903297
2.0130671022367412
2.0131671055701856
2.01326710890363
2.0133671122370744
2.013467115570519
2.0135671189039632
2.0136671222374076
2.0137671255708525
2.013867128904297
2.0139671322377413
2.0140671355711857
2.01416713890463
2.0142671422380745
2.014367145571519
2.0144671489049633
2.0145671522384077
2.0146671555718525
2.014767158905297
2.0148671622387413
2.0149671655721857
2.01506716890563
2.0151671722390745
2.015267175572519
2.0153671789059633
2.0154671822394077
2.0155671855728525
2.015667188906297
2.0157671922397413
2.0158671955731857
2.01596719890663
2.0160672022400745
2.016167205573519
2.0162672089069633
2.0163672122404077
2.0164672155738526
2.016567218907297
2.0166672222407414
2.0167672255741858
2.01686722890763
2.0169672322410745
2.017067235574519
2.0171672389079633
2.0172672422414077
2.0173672455748526
2.017467248908297
2.0175672522417414
2.017667255575186
2.01776725890863
2.0178672622420746
2.017967265575519
2.0180672689089634
2.0181672722424078
2.0182672755758526
2.018367278909297
2.0184672822427414
2.018567285576186
2.01866728890963
2.0187672922430746
2.018867295576519
2.0189672989099634
2.0190673022434082
2.0191673055768526
2.019267308910297
2.0193673122437414
2.019467315577186
2.0195673189106302
2.0196673222440746
2.019767325577519
2.0198673289109634
2.0199673322444083
2.0200673355778527
2.020167338911297
2.0202673422447415
2.020367345578186
2.0204673489116303
2.0205673522450747
2.020667355578519
2.0207673589119635
2.0208673622454083
2.0209673655788527
2.021067368912297
2.0211673722457415
2.021267375579186
2.0213673789126303
2.0214673822460747
2.021567385579519
2.0216673889129635
2.0217673922464083
2.0218673955798527
2.021967398913297
2.0220674022467415
2.022167405580186
2.0222674089136303
2.0223674122470747
2.022467415580519
2.0225674189139635
2.0226674222474084
2.0227674255808528
2.022867428914297
2.0229674322477416
2.023067435581186
2.0231674389146304
2.0232674422480748
2.023367445581519
2.0234674489149636
2.0235674522484084
2.023667455581853
2.023767458915297
2.0238674622487416
2.023967465582186
2.0240674689156304
2.024167472249075
2.024267475582519
2.0243674789159636
2.0244674822494084
2.024567485582853
2.024667488916297
2.0247674922497416
2.024867495583186
2.0249674989166304
2.025067502250075
2.025167505583519
2.0252675089169636
2.0253675122504085
2.025467515583853
2.0255675189172972
2.0256675222507416
2.025767525584186
2.0258675289176304
2.025967532251075
2.0260675355845192
2.0261675389179636
2.0262675422514085
2.026367545584853
2.0264675489182973
2.0265675522517417
2.026667555585186
2.0267675589186305
2.026867562252075
2.0269675655855193
2.0270675689189637
2.0271675722524085
2.027267575585853
2.0273675789192973
2.0274675822527417
2.027567585586186
2.0276675889196305
2.027767592253075
2.0278675955865193
2.0279675989199637
2.0280676022534085
2.028167605586853
2.0282676089202973
2.0283676122537417
2.028467615587186
2.0285676189206305
2.028667622254075
2.0287676255875193
2.0288676289209637
2.0289676322544086
2.029067635587853
2.0291676389212974
2.0292676422547418
2.029367645588186
2.0294676489216306
2.029567652255075
2.0296676555885194
2.0297676589219638
2.0298676622554086
2.029967665588853
2.0300676689222974
2.030167672255742
2.030267675589186
2.0303676789226306
2.030467682256075
2.0305676855895194
2.0306676889229642
2.0307676922564086
2.030867695589853
2.0309676989232974
2.031067702256742
2.0311677055901862
2.0312677089236306
2.031367712257075
2.0314677155905194
2.0315677189239643
2.0316677222574087
2.031767725590853
2.0318677289242975
2.031967732257742
2.0320677355911863
2.0321677389246307
2.032267742258075
2.0323677455915194
2.0324677489249643
2.0325677522584087
2.032667755591853
2.0327677589252975
2.032867762258742
2.0329677655921863
2.0330677689256307
2.033167772259075
2.0332677755925195
2.0333677789259643
2.0334677822594087
2.033567785592853
2.0336677889262975
2.033767792259742
2.0338677955931863
2.0339677989266307
2.034067802260075
2.0341678055935195
2.0342678089269643
2.0343678122604087
2.034467815593853
2.0345678189272975
2.034667822260742
2.0347678255941863
2.0348678289276307
2.034967832261075
2.0350678355945195
2.0351678389279644
2.0352678422614088
2.035367845594853
2.0354678489282976
2.035567852261742
2.0356678555951864
2.0357678589286308
2.035867862262075
2.0359678655955196
2.0360678689289644
2.036167872262409
2.036267875595853
2.0363678789292976
2.036467882262742
2.0365678855961864
2.036667888929631
2.036767892263075
2.0368678955965196
2.0369678989299644
2.037067902263409
2.0371679055968532
2.0372679089302976
2.037367912263742
2.0374679155971864
2.037567918930631
2.0376679222640752
2.0377679255975196
2.0378679289309645
2.037967932264409
2.0380679355978533
2.0381679389312977
2.038267942264742
2.0383679455981865
2.038467948931631
2.0385679522650753
2.0386679555985197
2.0387679589319645
2.038867962265409
2.0389679655988533
2.0390679689322977
2.039167972265742
2.0392679755991865
2.039367978932631
2.0394679822660753
2.0395679855995197
2.0396679889329645
2.039767992266409
2.0398679955998533
2.0399679989332977
2.040068002266742
2.0401680056001865
2.040268008933631
2.0403680122670753
2.0404680156005197
2.0405680189339646
2.040668022267409
2.0407680256008534
2.0408680289342978
2.040968032267742
2.0410680356011865
2.041168038934631
2.0412680422680753
2.0413680456015197
2.0414680489349646
2.041568052268409
2.0416680556018534
2.041768058935298
2.041868062268742
2.0419680656021866
2.042068068935631
2.0421680722690754
2.04226807560252
2.0423680789359646
2.042468082269409
2.0425680856028534
2.042668088936298
2.042768092269742
2.0428680956031866
2.042968098936631
2.0430681022700754
2.0431681056035202
2.0432681089369646
2.043368112270409
2.0434681156038534
2.043568118937298
2.0436681222707422
2.0437681256041866
2.043868128937631
2.0439681322710754
2.0440681356045203
2.0441681389379647
2.044268142271409
2.0443681456048535
2.044468148938298
2.0445681522717423
2.0446681556051867
2.044768158938631
2.0448681622720755
2.0449681656055203
2.0450681689389647
2.045168172272409
2.0452681756058535
2.045368178939298
2.0454681822727423
2.0455681856061867
2.045668188939631
2.0457681922730755
2.0458681956065203
2.0459681989399647
2.046068202273409
2.0461682056068535
2.046268208940298
2.0463682122737423
2.0464682156071867
2.046568218940631
2.0466682222740755
2.0467682256075204
2.0468682289409648
2.046968232274409
2.0470682356078536
2.047168238941298
2.0472682422747424
2.0473682456081868
2.047468248941631
2.0475682522750756
2.0476682556085204
2.047768258941965
2.047868262275409
2.0479682656088536
2.048068268942298
2.0481682722757424
2.048268275609187
2.048368278942631
2.0484682822760756
2.0485682856095204
2.048668288942965
2.048768292276409
2.0488682956098536
2.048968298943298
2.0490683022767424
2.049168305610187
2.049268308943631
2.0493683122770756
2.0494683156105205
2.049568318943965
2.0496683222774092
2.0497683256108536
2.049868328944298
2.0499683322777424
2.050068335611187
2.0501683389446312
2.0502683422780756
2.0503683456115205
2.050468348944965
2.0505683522784093
2.0506683556118537
2.050768358945298
2.0508683622787425
2.050968365612187
2.0510683689456313
2.0511683722790757
2.0512683756125205
2.051368378945965
2.0514683822794093
2.0515683856128537
2.051668388946298
2.0517683922797425
2.051868395613187
2.0519683989466313
2.0520684022800757
2.0521684056135205
2.052268408946965
2.0523684122804093
2.0524684156138537
2.052568418947298
2.0526684222807425
2.052768425614187
2.0528684289476313
2.0529684322810757
2.0530684356145206
2.053168438947965
2.0532684422814094
2.0533684456148538
2.053468448948298
2.0535684522817426
2.053668455615187
2.0537684589486314
2.0538684622820758
2.0539684656155206
2.054068468948965
2.0541684722824094
2.054268475615854
2.054368478949298
2.0544684822827426
2.054568485616187
2.0546684889496314
2.0547684922830762
2.0548684956165206
2.054968498949965
2.0550685022834094
2.055168505616854
2.0552685089502982
2.0553685122837426
2.055468515617187
2.0555685189506314
2.0556685222840763
2.0557685256175207
2.055868528950965
2.0559685322844095
2.056068535617854
2.0561685389512983
2.0562685422847427
2.056368545618187
2.0564685489516314
2.0565685522850763
2.0566685556185207
2.056768558951965
2.0568685622854095
2.056968565618854
2.0570685689522983
2.0571685722857427
2.057268575619187
2.0573685789526315
2.0574685822860763
2.0575685856195207
2.057668588952965
2.0577685922864095
2.057868595619854
2.0579685989532983
2.0580686022867427
2.058168605620187
2.0582686089536315
2.0583686122870763
2.0584686156205207
2.058568618953965
2.0586686222874095
2.058768625620854
2.0588686289542983
2.0589686322877427
2.059068635621187
2.0591686389546315
2.0592686422880764
2.0593686456215208
2.059468648954965
2.0595686522884096
2.059668655621854
2.0597686589552984
2.0598686622887428
2.059968665622187
2.0600686689556316
2.0601686722890764
2.060268675622521
2.060368678955965
2.0604686822894096
2.060568685622854
2.0606686889562984
2.060768692289743
2.060868695623187
2.0609686989566316
2.0610687022900764
2.061168705623521
2.0612687089569652
2.0613687122904096
2.061468715623854
2.0615687189572984
2.061668722290743
2.0617687256241872
2.0618687289576316
2.0619687322910765
2.062068735624521
2.0621687389579653
2.0622687422914097
2.062368745624854
2.0624687489582985
2.062568752291743
2.0626687556251873
2.0627687589586317
2.0628687622920765
2.062968765625521
2.0630687689589653
2.0631687722924097
2.063268775625854
2.0633687789592985
2.063468782292743
2.0635687856261873
2.0636687889596317
2.0637687922930765
2.063868795626521
2.0639687989599653
2.0640688022934097
2.064168805626854
2.0642688089602985
2.064368812293743
2.0644688156271873
2.0645688189606317
2.0646688222940766
2.064768825627521
2.0648688289609654
2.0649688322944098
2.065068835627854
2.0651688389612985
2.065268842294743
2.0653688456281873
2.0654688489616317
2.0655688522950766
2.065668855628521
2.0657688589619654
2.06586886229541
2.065968865628854
2.0660688689622986
2.066168872295743
2.0662688756291874
2.066368878962632
2.0664688822960766
2.066568885629521
2.0666688889629654
2.06676889229641
2.066868895629854
2.0669688989632986
2.067068902296743
2.0671689056301874
2.0672689089636322
2.0673689122970766
2.067468915630521
2.0675689189639654
2.06766892229741
2.0677689256308542
2.0678689289642986
2.067968932297743
2.0680689356311874
2.0681689389646323
2.0682689422980767
2.068368945631521
2.0684689489649655
2.06856895229841
2.0686689556318543
2.0687689589652987
2.068868962298743
2.0689689656321875
2.0690689689656323
2.0691689722990767
2.069268975632521
2.0693689789659655
2.06946898229941
2.0695689856328543
2.0696689889662987
2.069768992299743
2.0698689956331875
2.0699689989666323
2.0700690023000767
2.070169005633521
2.0702690089669655
2.07036901230041
2.0704690156338543
2.0705690189672987
2.070669022300743
2.0707690256341875
2.0708690289676324
2.0709690323010768
2.071069035634521
2.0711690389679656
2.07126904230141
2.0713690456348544
2.0714690489682988
2.071569052301743
2.0716690556351876
2.0717690589686324
2.071869062302077
2.071969065635521
2.0720690689689656
2.07216907230241
2.0722690756358544
2.072369078969299
2.072469082302743
2.0725690856361876
2.0726690889696324
2.072769092303077
2.072869095636521
2.0729690989699656
2.07306910230341
2.0731691056368544
2.073269108970299
2.073369112303743
2.0734691156371876
2.0735691189706325
2.073669122304077
2.0737691256375212
2.0738691289709656
2.07396913230441
2.0740691356378544
2.074169138971299
2.0742691423047432
2.0743691456381876
2.0744691489716325
2.074569152305077
2.0746691556385213
2.0747691589719657
2.07486916230541
2.0749691656388545
2.075069168972299
2.0751691723057433
2.0752691756391877
2.0753691789726325
2.075469182306077
2.0755691856395213
2.0756691889729657
2.07576919230641
2.0758691956398545
2.075969198973299
2.0760692023067433
2.0761692056401877
2.0762692089736325
2.076369212307077
2.0764692156405213
2.0765692189739657
2.07666922230741
2.0767692256408545
2.076869228974299
2.0769692323077433
2.0770692356411877
2.0771692389746326
2.077269242308077
2.0773692456415214
2.0774692489749658
2.07756925230841
2.0776692556418546
2.077769258975299
2.0778692623087434
2.077969265642188
2.0780692689756326
2.078169272309077
2.0782692756425214
2.078369278975966
2.07846928230941
2.0785692856428546
2.078669288976299
2.0787692923097434
2.0788692956431882
2.0789692989766326
2.079069302310077
2.0791693056435214
2.079269308976966
2.0793693123104102
2.0794693156438546
2.079569318977299
2.0796693223107434
2.0797693256441883
2.0798693289776327
2.079969332311077
2.0800693356445215
2.080169338977966
2.0802693423114103
2.0803693456448547
2.080469348978299
2.0805693523117434
2.0806693556451883
2.0807693589786327
2.080869362312077
2.0809693656455215
2.081069368978966
2.0811693723124103
2.0812693756458547
2.081369378979299
2.0814693823127435
2.0815693856461883
2.0816693889796327
2.081769392313077
2.0818693956465215
2.081969398979966
2.0820694023134103
2.0821694056468547
2.082269408980299
2.0823694123137435
2.0824694156471883
2.0825694189806327
2.082669422314077
2.0827694256475215
2.082869428980966
2.0829694323144103
2.0830694356478547
2.083169438981299
2.0832694423147435
2.0833694456481884
2.0834694489816328
2.083569452315077
2.0836694556485216
2.083769458981966
2.0838694623154104
2.0839694656488548
2.084069468982299
2.0841694723157436
2.0842694756491884
2.084369478982633
2.084469482316077
2.0845694856495216
2.084669488982966
2.0847694923164104
2.084869495649855
2.084969498983299
2.0850695023167436
2.0851695056501884
2.085269508983633
2.0853695123170772
2.0854695156505216
2.085569518983966
2.0856695223174104
2.085769525650855
2.0858695289842992
2.0859695323177436
2.0860695356511885
2.086169538984633
2.0862695423180773
2.0863695456515217
2.086469548984966
2.0865695523184105
2.086669555651855
2.0867695589852993
2.0868695623187437
2.0869695656521885
2.087069568985633
2.0871695723190773
2.0872695756525217
2.087369578985966
2.0874695823194105
2.087569585652855
2.0876695889862993
2.0877695923197437
2.0878695956531885
2.087969598986633
2.0880696023200773
2.0881696056535217
2.088269608986966
2.0883696123204105
2.088469615653855
2.0885696189872993
2.0886696223207437
2.0887696256541886
2.088869628987633
2.0889696323210774
2.0890696356545218
2.089169638987966
2.0892696423214105
2.089369645654855
2.0894696489882993
2.089569652321744
2.0896696556551886
2.089769658988633
2.0898696623220774
2.089969665655522
2.090069668988966
2.0901696723224106
2.090269675655855
2.0903696789892994
2.090469682322744
2.0905696856561886
2.090669688989633
2.0907696923230774
2.090869695656522
2.090969698989966
2.0910697023234106
2.091169705656855
2.0912697089902994
2.0913697123237442
2.0914697156571886
2.091569718990633
2.0916697223240774
2.091769725657522
2.0918697289909662
2.0919697323244106
2.092069735657855
2.0921697389912994
2.0922697423247443
2.0923697456581887
2.092469748991633
2.0925697523250775
2.092669755658522
2.0927697589919663
2.0928697623254107
2.092969765658855
2.0930697689922995
2.0931697723257443
2.0932697756591887
2.093369778992633
2.0934697823260775
2.093569785659522
2.0936697889929663
2.0937697923264107
2.093869795659855
2.0939697989932995
2.0940698023267443
2.0941698056601887
2.094269808993633
2.0943698123270775
2.094469815660522
2.0945698189939663
2.0946698223274107
2.094769825660855
2.0948698289942995
2.0949698323277444
2.0950698356611888
2.095169838994633
2.0952698423280776
2.095369845661522
2.0954698489949664
2.0955698523284108
2.095669855661855
2.0957698589952996
2.0958698623287444
2.095969865662189
2.096069868995633
2.0961698723290776
2.096269875662522
2.0963698789959664
2.096469882329411
2.096569885662855
2.0966698889962996
2.0967698923297444
2.096869895663189
2.096969898996633
2.0970699023300776
2.097169905663522
2.0972699089969664
2.097369912330411
2.097469915663855
2.0975699189972996
2.0976699223307445
2.097769925664189
2.0978699289976332
2.0979699323310776
2.098069935664522
2.0981699389979664
2.098269942331411
2.0983699456648552
2.0984699489982996
2.0985699523317445
2.098669955665189
2.0987699589986333
2.0988699623320777
2.098969965665522
2.0990699689989665
2.099169972332411
2.0992699756658553
2.0993699789992997
2.0994699823327445
2.099569985666189
2.0996699889996333
2.0997699923330777
2.099869995666522
2.0999699989999665
2.100070002333411
2.1001700056668553
2.1002700090002997
2.1003700123337445
2.100470015667189
2.1005700190006333
2.1006700223340777
2.100770025667522
2.1008700290009665
2.100970032334411
2.1010700356678553
2.1011700390013
2.1012700423347446
2.101370045668189
2.1014700490016334
2.1015700523350778
2.101670055668522
2.1017700590019666
2.101870062335411
2.1019700656688554
2.1020700690023
2.1021700723357446
2.102270075669189
2.1023700790026334
2.102470082336078
2.102570085669522
2.1026700890029666
2.102770092336411
2.1028700956698554
2.1029700990033002
2.1030701023367446
2.103170105670189
2.1032701090036334
2.103370112337078
2.1034701156705222
2.1035701190039666
2.103670122337411
2.1037701256708554
2.1038701290043003
2.1039701323377447
2.104070135671189
2.1041701390046335
2.104270142338078
2.1043701456715223
2.1044701490049667
2.104570152338411
2.1046701556718554
2.1047701590053003
2.1048701623387447
2.104970165672189
2.1050701690056335
2.105170172339078
2.1052701756725223
2.1053701790059667
2.105470182339411
2.1055701856728555
2.1056701890063003
2.1057701923397447
2.105870195673189
2.1059701990066335
2.106070202340078
2.1061702056735223
2.1062702090069667
2.106370212340411
2.1064702156738555
2.1065702190073003
2.1066702223407447
2.106770225674189
2.1068702290076335
2.106970232341078
2.1070702356745223
2.1071702390079667
2.107270242341411
2.1073702456748555
2.1074702490083004
2.1075702523417448
2.107670255675189
2.1077702590086336
2.107870262342078
2.1079702656755224
2.1080702690089668
2.108170272342411
2.1082702756758556
2.1083702790093004
2.108470282342745
2.108570285676189
2.1086702890096336
2.108770292343078
2.1088702956765224
2.108970299009967
2.109070302343411
2.1091703056768556
2.1092703090103004
2.109370312343745
2.1094703156771892
2.1095703190106336
2.109670322344078
2.1097703256775224
2.109870329010967
2.1099703323444112
2.1100703356778556
2.1101703390113005
2.110270342344745
2.1103703456781893
2.1104703490116337
2.110570352345078
2.1106703556785225
2.110770359011967
2.1108703623454113
2.1109703656788557
2.1110703690123005
2.111170372345745
2.1112703756791893
2.1113703790126337
2.111470382346078
2.1115703856795225
2.111670389012967
2.1117703923464113
2.1118703956798557
2.1119703990133005
2.112070402346745
2.1121704056801893
2.1122704090136337
2.112370412347078
2.1124704156805225
2.112570419013967
2.1126704223474113
2.112770425680856
2.1128704290143006
2.112970432347745
2.1130704356811894
2.1131704390146338
2.113270442348078
2.1133704456815225
2.113470449014967
2.1135704523484113
2.113670455681856
2.1137704590153006
2.113870462348745
2.1139704656821894
2.114070469015634
2.114170472349078
2.1142704756825226
2.114370479015967
2.1144704823494114
2.114570485682856
2.1146704890163006
2.114770492349745
2.1148704956831894
2.114970499016634
2.115070502350078
2.1151705056835226
2.115270509016967
2.1153705123504114
2.1154705156838562
2.1155705190173006
2.115670522350745
2.1157705256841894
2.115870529017634
2.1159705323510782
2.1160705356845226
2.116170539017967
2.1162705423514114
2.1163705456848563
2.1164705490183007
2.116570552351745
2.1166705556851895
2.116770559018634
2.1168705623520783
2.1169705656855227
2.117070569018967
2.1171705723524115
2.1172705756858563
2.1173705790193007
2.117470582352745
2.1175705856861895
2.117670589019634
2.1177705923530783
2.1178705956865227
2.117970599019967
2.1180706023534115
2.1181706056868563
2.1182706090203007
2.118370612353745
2.1184706156871895
2.118570619020634
2.1186706223540783
2.1187706256875227
2.118870629020967
2.1189706323544115
2.1190706356878564
2.1191706390213008
2.119270642354745
2.1193706456881896
2.119470649021634
2.1195706523550784
2.1196706556885228
2.119770659021967
2.1198706623554116
2.1199706656888564
2.120070669022301
2.120170672355745
2.1202706756891896
2.120370679022634
2.1204706823560784
2.120570685689523
2.120670689022967
2.1207706923564116
2.1208706956898564
2.120970699023301
2.121070702356745
2.1211707056901896
2.121270709023634
2.1213707123570784
2.121470715690523
2.121570719023967
2.1216707223574116
2.1217707256908565
2.121870729024301
2.1219707323577452
2.1220707356911896
2.122170739024634
2.1222707423580784
2.122370745691523
2.1224707490249672
2.1225707523584116
2.1226707556918565
2.122770759025301
2.1228707623587453
2.1229707656921897
2.123070769025634
2.1231707723590785
2.123270775692523
2.1233707790259673
2.1234707823594117
2.1235707856928565
2.123670789026301
2.1237707923597453
2.1238707956931897
2.123970799026634
2.1240708023600785
2.124170805693523
2.1242708090269673
2.124370812360412
2.1244708156938565
2.124570819027301
2.1246708223607453
2.1247708256941897
2.124870829027634
2.1249708323610785
2.125070835694523
2.1251708390279673
2.125270842361412
2.1253708456948566
2.125470849028301
2.1255708523617454
2.1256708556951898
2.125770859028634
2.1258708623620786
2.125970865695523
2.1260708690289674
2.126170872362412
2.1262708756958566
2.126370879029301
2.1264708823627454
2.12657088569619
2.126670889029634
2.1267708923630786
2.126870895696523
2.1269708990299674
2.1270709023634122
2.1271709056968566
2.127270909030301
2.1273709123637454
2.12747091569719
2.1275709190306342
2.1276709223640786
2.127770925697523
2.1278709290309674
2.1279709323644123
2.1280709356978567
2.128170939031301
2.1282709423647455
2.12837094569819
2.1284709490316343
2.1285709523650787
2.128670955698523
2.1287709590319674
2.1288709623654123
2.1289709656988567
2.129070969032301
2.1291709723657455
2.12927097569919
2.1293709790326343
2.1294709823660787
2.129570985699523
2.1296709890329675
2.1297709923664123
2.1298709956998567
2.129970999033301
2.1300710023667455
2.13017100570019
2.1302710090336343
2.1303710123670787
2.130471015700523
2.1305710190339675
2.1306710223674123
2.1307710257008567
2.130871029034301
2.1309710323677455
2.13107103570119
2.1311710390346343
2.1312710423680787
2.131371045701523
2.1314710490349675
2.1315710523684124
2.1316710557018568
2.131771059035301
2.1318710623687456
2.13197106570219
2.1320710690356344
2.1321710723690788
2.132271075702523
2.1323710790359676
2.1324710823694124
2.132571085702857
2.132671089036301
2.1327710923697456
2.13287109570319
2.1329710990366344
2.133071102370079
2.133171105703523
2.1332711090369676
2.1333711123704124
2.133471115703857
2.1335711190373012
2.1336711223707456
2.13377112570419
2.1338711290376344
2.133971132371079
2.1340711357045232
2.1341711390379676
2.1342711423714125
2.134371145704857
2.1344711490383013
2.1345711523717457
2.13467115570519
2.1347711590386345
2.134871162372079
2.1349711657055233
2.1350711690389677
2.1351711723724125
2.135271175705857
2.1353711790393013
2.1354711823727457
2.13557118570619
2.1356711890396345
2.135771192373079
2.1358711957065233
2.135971199039968
2.1360712023734125
2.136171205706857
2.1362712090403013
2.1363712123737457
2.13647121570719
2.1365712190406345
2.136671222374079
2.1367712257075233
2.136871229040968
2.1369712323744126
2.137071235707857
2.1371712390413014
2.1372712423747457
2.13737124570819
2.1374712490416345
2.137571252375079
2.1376712557085233
2.137771259041968
2.1378712623754126
2.137971265708857
2.1380712690423014
2.138171272375746
2.13827127570919
2.1383712790426346
2.138471282376079
2.1385712857095234
2.138671289042968
2.1387712923764126
2.138871295709857
2.1389712990433014
2.139071302376746
2.13917130571019
2.1392713090436346
2.139371312377079
2.1394713157105234
2.1395713190439682
2.1396713223774126
2.139771325710857
2.1398713290443014
2.139971332377746
2.1400713357111902
2.1401713390446346
2.140271342378079
2.1403713457115234
2.1404713490449683
2.1405713523784127
2.140671355711857
2.1407713590453015
2.140871362378746
2.1409713657121903
2.1410713690456347
2.141171372379079
2.1412713757125235
2.1413713790459683
2.1414713823794127
2.141571385712857
2.1416713890463015
2.141771392379746
2.1418713957131903
2.1419713990466347
2.142071402380079
2.1421714057135235
2.1422714090469683
2.1423714123804127
2.142471415713857
2.1425714190473015
2.142671422380746
2.1427714257141903
2.1428714290476347
2.142971432381079
2.1430714357145235
2.1431714390479684
2.1432714423814128
2.143371445714857
2.1434714490483016
2.143571452381746
2.1436714557151904
2.1437714590486348
2.143871462382079
2.1439714657155235
2.1440714690489684
2.144171472382413
2.144271475715857
2.1443714790493016
2.144471482382746
2.1445714857161904
2.144671489049635
2.144771492383079
2.1448714957165236
2.1449714990499684
2.145071502383413
2.145171505716857
2.1452715090503016
2.145371512383746
2.1454715157171904
2.145571519050635
2.145671522384079
2.1457715257175236
2.1458715290509685
2.145971532384413
2.1460715357178572
2.1461715390513016
2.146271542384746
2.1463715457181904
2.146471549051635
2.1465715523850792
2.1466715557185236
2.1467715590519685
2.146871562385413
2.1469715657188573
2.1470715690523017
2.147171572385746
2.1472715757191905
2.147371579052635
2.1474715823860793
2.147571585719524
2.1476715890529685
2.147771592386413
2.1478715957198573
2.1479715990533017
2.148071602386746
2.1481716057201905
2.148271609053635
2.1483716123870793
2.148471615720524
2.1485716190539685
2.148671622387413
2.1487716257208573
2.1488716290543017
2.148971632387746
2.1490716357211905
2.149171639054635
2.1492716423880793
2.149371645721524
2.1494716490549686
2.149571652388413
2.1496716557218574
2.1497716590553018
2.149871662388746
2.1499716657221906
2.150071669055635
2.1501716723890794
2.150271675722524
2.1503716790559686
2.150471682389413
2.1505716857228574
2.150671689056302
2.150771692389746
2.1508716957231906
2.150971699056635
2.1510717023900794
2.1511717057235242
2.1512717090569686
2.151371712390413
2.1514717157238574
2.151571719057302
2.151671722390746
2.1517717257241906
2.151871729057635
2.1519717323910794
2.1520717357245243
2.1521717390579687
2.152271742391413
2.1523717457248575
2.152471749058302
2.1525717523917463
2.1526717557251906
2.152771759058635
2.1528717623920794
2.1529717657255243
2.1530717690589687
2.153171772392413
2.1532717757258575
2.153371779059302
2.1534717823927463
2.1535717857261907
2.153671789059635
2.1537717923930795
2.1538717957265243
2.1539717990599687
2.154071802393413
2.1541718057268575
2.154271809060302
2.1543718123937463
2.1544718157271907
2.154571819060635
2.1546718223940795
2.1547718257275243
2.1548718290609687
2.154971832394413
2.1550718357278575
2.155171839061302
2.1552718423947463
2.1553718457281907
2.155471849061635
2.1555718523950795
2.1556718557285244
2.1557718590619688
2.155871862395413
2.1559718657288576
2.156071869062302
2.1561718723957464
2.1562718757291908
2.156371879062635
2.1564718823960796
2.1565718857295244
2.156671889062969
2.156771892396413
2.1568718957298576
2.156971899063302
2.1570719023967464
2.157171905730191
2.157271909063635
2.1573719123970796
2.1574719157305244
2.157571919063969
2.1576719223974132
2.1577719257308576
2.157871929064302
2.1579719323977464
2.158071935731191
2.1581719390646352
2.1582719423980796
2.1583719457315245
2.158471949064969
2.1585719523984133
2.1586719557318577
2.158771959065302
2.1588719623987465
2.158971965732191
2.1590719690656353
2.1591719723990797
2.1592719757325245
2.159371979065969
2.1594719823994133
2.1595719857328577
2.159671989066302
2.1597719923997465
2.159871995733191
2.1599719990666353
2.16007200240008
2.1601720057335245
2.160272009066969
2.1603720124004133
2.1604720157338577
2.160572019067302
2.1606720224007465
2.160772025734191
2.1608720290676353
2.16097203240108
2.1610720357345246
2.161172039067969
2.1612720424014134
2.1613720457348577
2.161472049068302
2.1615720524017465
2.161672055735191
2.1617720590686353
2.16187206240208
2.1619720657355246
2.162072069068969
2.1621720724024134
2.162272075735858
2.162372079069302
2.1624720824027466
2.162572085736191
2.1626720890696354
2.16277209240308
2.1628720957365246
2.162972099069969
2.1630721024034134
2.163172105736858
2.163272109070302
2.1633721124037466
2.163472115737191
2.1635721190706354
2.1636721224040802
2.1637721257375246
2.163872129070969
2.1639721324044134
2.164072135737858
2.1641721390713022
2.1642721424047466
2.164372145738191
2.1644721490716354
2.1645721524050803
2.1646721557385247
2.164772159071969
2.1648721624054135
2.164972165738858
2.1650721690723023
2.1651721724057467
2.165272175739191
2.1653721790726355
2.1654721824060803
2.1655721857395247
2.165672189072969
2.1657721924064135
2.165872195739858
2.1659721990733023
2.1660722024067467
2.166172205740191
2.1662722090736355
2.1663722124070803
2.1664722157405247
2.166572219073969
2.1666722224074135
2.166772225740858
2.1668722290743023
2.1669722324077467
2.167072235741191
2.1671722390746355
2.1672722424080804
2.1673722457415248
2.167472249074969
2.1675722524084136
2.167672255741858
2.1677722590753024
2.1678722624087468
2.167972265742191
2.1680722690756355
2.1681722724090804
2.168272275742525
2.168372279075969
2.1684722824094136
2.168572285742858
2.1686722890763024
2.168772292409747
2.168872295743191
2.1689722990766356
2.1690723024100804
2.169172305743525
2.169272309076969
2.1693723124104136
2.169472315743858
2.1695723190773024
2.169672322410747
2.169772325744191
2.1698723290776356
2.1699723324110805
2.170072335744525
2.1701723390779692
2.1702723424114136
2.170372345744858
2.1704723490783024
2.170572352411747
2.1706723557451912
2.1707723590786356
2.1708723624120805
2.170972365745525
2.1710723690789693
2.1711723724124137
2.171272375745858
2.1713723790793025
2.171472382412747
2.1715723857461913
2.171672389079636
2.1717723924130805
2.171872395746525
2.1719723990799693
2.1720724024134137
2.172172405746858
2.1722724090803025
2.172372412413747
2.1724724157471913
2.172572419080636
2.1726724224140805
2.172772425747525
2.1728724290809693
2.1729724324144137
2.173072435747858
2.1731724390813025
2.173272442414747
2.1733724457481913
2.173472449081636
2.1735724524150806
2.173672455748525
2.1737724590819694
2.1738724624154138
2.173972465748858
2.1740724690823026
2.174172472415747
2.1742724757491914
2.174372479082636
2.1744724824160806
2.174572485749525
2.1746724890829694
2.174772492416414
2.174872495749858
2.1749724990833026
2.175072502416747
2.1751725057501914
2.1752725090836362
2.1753725124170806
2.175472515750525
2.1755725190839694
2.175672522417414
2.175772525750858
2.1758725290843026
2.175972532417747
2.1760725357511914
2.1761725390846363
2.1762725424180807
2.176372545751525
2.1764725490849695
2.176572552418414
2.1766725557518583
2.1767725590853026
2.176872562418747
2.1769725657521914
2.1770725690856363
2.1771725724190807
2.177272575752525
2.1773725790859695
2.177472582419414
2.1775725857528583
2.1776725890863027
2.177772592419747
2.1778725957531915
2.1779725990866363
2.1780726024200807
2.178172605753525
2.1782726090869695
2.178372612420414
2.1784726157538583
2.1785726190873027
2.178672622420747
2.1787726257541915
2.1788726290876363
2.1789726324210807
2.179072635754525
2.1791726390879695
2.179272642421414
2.1793726457548583
2.1794726490883027
2.179572652421747
2.1796726557551915
2.1797726590886364
2.1798726624220808
2.179972665755525
2.1800726690889696
2.180172672422414
2.1802726757558584
2.1803726790893028
2.180472682422747
2.1805726857561916
2.1806726890896364
2.180772692423081
2.180872695756525
2.1809726990899696
2.181072702423414
2.1811727057568584
2.181272709090303
2.181372712423747
2.1814727157571916
2.1815727190906364
2.181672722424081
2.1817727257575252
2.1818727290909696
2.181972732424414
2.1820727357578584
2.182172739091303
2.1822727424247472
2.1823727457581916
2.1824727490916365
2.182572752425081
2.1826727557585253
2.1827727590919697
2.182872762425414
2.1829727657588585
2.183072769092303
2.1831727724257473
2.183272775759192
2.1833727790926365
2.183472782426081
2.1835727857595253
2.1836727890929697
2.183772792426414
2.1838727957598585
2.183972799093303
2.1840728024267473
2.184172805760192
2.1842728090936365
2.184372812427081
2.1844728157605253
2.1845728190939697
2.184672822427414
2.1847728257608585
2.184872829094303
2.1849728324277473
2.185072835761192
2.1851728390946366
2.185272842428081
2.1853728457615254
2.1854728490949697
2.185572852428414
2.1856728557618585
2.185772859095303
2.1858728624287473
2.185972865762192
2.1860728690956366
2.186172872429081
2.1862728757625254
2.18637287909597
2.186472882429414
2.1865728857628586
2.186672889096303
2.1867728924297474
2.186872895763192
2.1869728990966366
2.187072902430081
2.1871729057635254
2.18727290909697
2.187372912430414
2.1874729157638586
2.187572919097303
2.1876729224307474
2.1877729257641922
2.1878729290976366
2.187972932431081
2.1880729357645254
2.18817293909797
2.1882729424314142
2.1883729457648586
2.188472949098303
2.1885729524317474
2.1886729557651923
2.1887729590986367
2.188872962432081
2.1889729657655255
2.18907296909897
2.1891729724324143
2.1892729757658587
2.189372979099303
2.1894729824327475
2.1895729857661923
2.1896729890996367
2.189772992433081
2.1898729957665255
2.18997299909997
2.1900730024334143
2.1901730057668587
2.190273009100303
2.1903730124337475
2.1904730157671923
2.1905730191006367
2.190673022434081
2.1907730257675255
2.19087302910097
2.1909730324344143
2.1910730357678587
2.191173039101303
2.1912730424347475
2.1913730457681924
2.1914730491016368
2.191573052435081
2.1916730557685256
2.19177305910197
2.1918730624354144
2.1919730657688588
2.192073069102303
2.1921730724357475
2.1922730757691924
2.192373079102637
2.192473082436081
2.1925730857695256
2.19267308910297
2.1927730924364144
2.192873095769859
2.192973099103303
2.1930731024367476
2.1931731057701924
2.193273109103637
2.193373112437081
2.1934731157705256
2.19357311910397
2.1936731224374144
2.193773125770859
2.193873129104303
2.1939731324377476
2.1940731357711925
2.194173139104637
2.1942731424380812
2.1943731457715256
2.19447314910497
2.1945731524384144
2.194673155771859
2.1947731591053032
2.194873162438748
2.1949731657721925
2.195073169105637
2.1951731724390813
2.1952731757725257
2.19537317910597
2.1954731824394145
2.195573185772859
2.1956731891063033
2.195773192439748
2.1958731957731925
2.195973199106637
2.1960732024400813
2.1961732057735257
2.19627320910697
2.1963732124404145
2.196473215773859
2.1965732191073033
2.196673222440748
2.1967732257741925
2.196873229107637
2.1969732324410813
2.1970732357745257
2.19717323910797
2.1972732424414145
2.197373245774859
2.1974732491083033
2.197573252441748
2.1976732557751926
2.197773259108637
2.1978732624420814
2.1979732657755258
2.19807326910897
2.1981732724424146
2.198273275775859
2.1983732791093034
2.198473282442748
2.1985732857761926
2.198673289109637
2.1987732924430814
2.198873295776526
2.19897329910997
2.1990733024434146
2.199173305776859
2.1992733091103034
2.1993733124437482
2.1994733157771926
2.199573319110637
2.1996733224440814
2.199773325777526
2.19987332911097
2.1999733324444146
2.200073335777859
2.2001733391113034
2.2002733424447483
2.2003733457781927
2.200473349111637
2.2005733524450815
2.200673355778526
2.2007733591119703
2.2008733624454146
2.200973365778859
2.2010733691123034
2.2011733724457483
2.2012733757791927
2.201373379112637
2.2014733824460815
2.201573385779526
2.2016733891129703
2.2017733924464147
2.201873395779859
2.2019733991133035
2.2020734024467483
2.2021734057801927
2.202273409113637
2.2023734124470815
2.202473415780526
2.2025734191139703
2.2026734224474147
2.202773425780859
2.2028734291143035
2.2029734324477483
2.2030734357811927
2.203173439114637
2.2032734424480815
2.203373445781526
2.2034734491149703
2.2035734524484147
2.203673455781859
2.2037734591153035
2.2038734624487484
2.2039734657821928
2.204073469115637
2.2041734724490816
2.204273475782526
2.2043734791159704
2.2044734824494148
2.204573485782859
2.2046734891163036
2.2047734924497484
2.204873495783193
2.204973499116637
2.2050735024500816
2.205173505783526
2.2052735091169704
2.205373512450415
2.205473515783859
2.2055735191173036
2.2056735224507484
2.205773525784193
2.2058735291176372
2.2059735324510816
2.206073535784526
2.2061735391179704
2.206273542451415
2.2063735457848592
2.206473549118304
2.2065735524517485
2.206673555785193
2.2067735591186373
2.2068735624520817
2.206973565785526
2.2070735691189705
2.207173572452415
2.2072735757858593
2.207373579119304
2.2074735824527485
2.207573585786193
2.2076735891196373
2.2077735924530817
2.207873595786526
2.2079735991199705
2.208073602453415
2.2081736057868593
2.208273609120304
2.2083736124537485
2.208473615787193
2.2085736191206373
2.2086736224540817
2.208773625787526
2.2088736291209705
2.208973632454415
2.2090736357878593
2.209173639121304
2.2092736424547486
2.209373645788193
2.2094736491216374
2.2095736524550817
2.209673655788526
2.2097736591219705
2.209873662455415
2.2099736657888593
2.210073669122304
2.2101736724557486
2.210273675789193
2.2103736791226374
2.210473682456082
2.210573685789526
2.2106736891229706
2.210773692456415
2.2108736957898594
2.210973699123304
2.2110737024567486
2.211173705790193
2.2112737091236374
2.211373712457082
2.211473715790526
2.2115737191239706
2.211673722457415
2.2117737257908594
2.2118737291243042
2.2119737324577486
2.212073735791193
2.2121737391246374
2.212273742458082
2.2123737457915262
2.2124737491249706
2.212573752458415
2.2126737557918594
2.2127737591253043
2.2128737624587487
2.212973765792193
2.2130737691256375
2.213173772459082
2.2132737757925263
2.2133737791259707
2.213473782459415
2.2135737857928595
2.2136737891263043
2.2137737924597487
2.213873795793193
2.2139737991266375
2.214073802460082
2.2141738057935263
2.2142738091269707
2.214373812460415
2.2144738157938595
2.2145738191273043
2.2146738224607487
2.214773825794193
2.2148738291276375
2.214973832461082
2.2150738357945263
2.2151738391279707
2.215273842461415
2.2153738457948595
2.2154738491283044
2.2155738524617488
2.215673855795193
2.2157738591286376
2.215873862462082
2.2159738657955264
2.2160738691289708
2.216173872462415
2.2162738757958595
2.2163738791293044
2.216473882462749
2.216573885796193
2.2166738891296376
2.216773892463082
2.2168738957965264
2.216973899129971
2.217073902463415
2.2171739057968596
2.2172739091303044
2.217373912463749
2.217473915797193
2.2175739191306376
2.217673922464082
2.2177739257975264
2.217873929130971
2.217973932464415
2.21807393579786
2.2181739391313045
2.218273942464749
2.2183739457981932
2.2184739491316376
2.218573952465082
2.2186739557985264
2.218773959131971
2.2188739624654152
2.21897396579886
2.2190739691323045
2.219173972465749
2.2192739757991933
2.2193739791326377
2.219473982466082
2.2195739857995265
2.219673989132971
2.2197739924664153
2.21987399579986
2.2199739991333045
2.220074002466749
2.2201740058001933
2.2202740091336377
2.220374012467082
2.2204740158005265
2.220574019133971
2.2206740224674153
2.22077402580086
2.2208740291343045
2.220974032467749
2.2210740358011933
2.2211740391346377
2.221274042468082
2.2213740458015265
2.221474049134971
2.2215740524684153
2.22167405580186
2.2217740591353046
2.221874062468749
2.2219740658021934
2.2220740691356378
2.222174072469082
2.2222740758025266
2.222374079135971
2.2224740824694154
2.22257408580286
2.2226740891363046
2.222774092469749
2.2228740958031934
2.222974099136638
2.223074102470082
2.2231741058035266
2.223274109136971
2.2233741124704154
2.2234741158038602
2.2235741191373046
2.223674122470749
2.2237741258041934
2.223874129137638
2.223974132471082
2.2240741358045266
2.224174139137971
2.2242741424714154
2.2243741458048603
2.2244741491383047
2.224574152471749
2.2246741558051935
2.224774159138638
2.2248741624720823
2.2249741658055266
2.225074169138971
2.2251741724724154
2.2252741758058603
2.2253741791393047
2.225474182472749
2.2255741858061935
2.225674189139638
2.2257741924730823
2.2258741958065267
2.225974199139971
2.2260742024734155
2.2261742058068603
2.2262742091403047
2.226374212473749
2.2264742158071935
2.226574219140638
2.2266742224740823
2.2267742258075267
2.226874229140971
2.2269742324744155
2.2270742358078603
2.2271742391413047
2.227274242474749
2.2273742458081935
2.227474249141638
2.2275742524750823
2.2276742558085267
2.227774259141971
2.2278742624754155
2.2279742658088604
2.2280742691423048
2.228174272475749
2.2282742758091936
2.228374279142638
2.2284742824760824
2.2285742858095268
2.228674289142971
2.2287742924764156
2.2288742958098604
2.228974299143305
2.229074302476749
2.2291743058101936
2.229274309143638
2.2293743124770824
2.229474315810527
2.229574319143971
2.229674322477416
2.2297743258108604
2.229874329144305
2.2299743324777492
2.2300743358111936
2.230174339144638
2.2302743424780824
2.230374345811527
2.2304743491449712
2.230574352478416
2.2306743558118605
2.230774359145305
2.2308743624787493
2.2309743658121937
2.231074369145638
2.2311743724790825
2.231274375812527
2.2313743791459713
2.231474382479416
2.2315743858128605
2.231674389146305
2.2317743924797493
2.2318743958131937
2.231974399146638
2.2320744024800825
2.232174405813527
2.2322744091469713
2.232374412480416
2.2324744158138605
2.232574419147305
2.2326744224807493
2.2327744258141937
2.232874429147638
2.2329744324810825
2.233074435814527
2.2331744391479713
2.233274442481416
2.2333744458148606
2.233474449148305
2.2335744524817494
2.2336744558151937
2.233774459148638
2.2338744624820825
2.233974465815527
2.2340744691489713
2.234174472482416
2.2342744758158606
2.234374479149305
2.2344744824827494
2.234574485816194
2.234674489149638
2.2347744924830826
2.234874495816527
2.2349744991499714
2.235074502483416
2.2351745058168606
2.235274509150305
2.2353745124837494
2.235474515817194
2.235574519150638
2.2356745224840826
2.235774525817527
2.2358745291509714
2.2359745324844162
2.2360745358178606
2.236174539151305
2.2362745424847494
2.236374545818194
2.2364745491516382
2.2365745524850826
2.236674555818527
2.2367745591519714
2.2368745624854163
2.2369745658188607
2.237074569152305
2.2371745724857495
2.237274575819194
2.2373745791526383
2.2374745824860827
2.237574585819527
2.2376745891529715
2.2377745924864163
2.2378745958198607
2.237974599153305
2.2380746024867495
2.238174605820194
2.2382746091536383
2.2383746124870827
2.238474615820527
2.2385746191539715
2.2386746224874163
2.2387746258208607
2.238874629154305
2.2389746324877495
2.239074635821194
2.2391746391546383
2.2392746424880827
2.239374645821527
2.2394746491549715
2.2395746524884164
2.2396746558218608
2.239774659155305
2.2398746624887496
2.239974665822194
2.2400746691556384
2.2401746724890828
2.240274675822527
2.2403746791559715
2.2404746824894164
2.240574685822861
2.240674689156305
2.2407746924897496
2.240874695823194
2.2409746991566384
2.241074702490083
2.241174705823527
2.241274709156972
2.2413747124904164
2.241474715823861
2.241574719157305
2.2416747224907496
2.241774725824194
2.2418747291576384
2.241974732491083
2.242074735824527
2.242174739157972
2.2422747424914165
2.242374745824861
2.2424747491583052
2.2425747524917496
2.242674755825194
2.2427747591586384
2.242874762492083
2.2429747658255272
2.243074769158972
2.2431747724924165
2.243274775825861
2.2433747791593053
2.2434747824927497
2.243574785826194
2.2436747891596385
2.243774792493083
2.2438747958265273
2.243974799159972
2.2440748024934165
2.244174805826861
2.2442748091603053
2.2443748124937497
2.244474815827194
2.2445748191606385
2.244674822494083
2.2447748258275273
2.244874829160972
2.2449748324944165
2.245074835827861
2.2451748391613053
2.2452748424947497
2.245374845828194
2.2454748491616385
2.245574852495083
2.2456748558285273
2.245774859161972
2.2458748624954166
2.245974865828861
2.2460748691623054
2.2461748724957498
2.246274875829194
2.2463748791626386
2.246474882496083
2.2465748858295274
2.246674889162972
2.2467748924964166
2.246874895829861
2.2469748991633054
2.24707490249675
2.247174905830194
2.2472749091636386
2.247374912497083
2.2474749158305274
2.2475749191639722
2.2476749224974166
2.247774925830861
2.2478749291643054
2.24797493249775
2.248074935831194
2.2481749391646386
2.248274942498083
2.2483749458315274
2.2484749491649723
2.2485749524984167
2.248674955831861
2.2487749591653055
2.24887496249875
2.2489749658321943
2.2490749691656386
2.249174972499083
2.2492749758325274
2.2493749791659723
2.2494749824994167
2.249574985832861
2.2496749891663055
2.24977499249975
2.2498749958331943
2.2499749991666387
2.250075002500083
2.2501750058335275
2.2502750091669723
2.2503750125004167
2.250475015833861
2.2505750191673055
2.25067502250075
2.2507750258341943
2.2508750291676387
2.250975032501083
2.2510750358345275
2.2511750391679723
2.2512750425014167
2.251375045834861
2.2514750491683055
2.25157505250175
2.2516750558351943
2.2517750591686387
2.251875062502083
2.2519750658355275
2.2520750691689724
2.2521750725024168
2.252275075835861
2.2523750791693056
2.25247508250275
2.2525750858361944
2.2526750891696388
2.252775092503083
2.2528750958365276
2.2529750991699724
2.253075102503417
2.253175105836861
2.2532751091703056
2.25337511250375
2.2534751158371944
2.253575119170639
2.253675122504083
2.253775125837528
2.2538751291709724
2.253975132504417
2.2540751358378612
2.2541751391713056
2.25427514250475
2.2543751458381944
2.254475149171639
2.2545751525050832
2.254675155838528
2.2547751591719725
2.254875162505417
2.2549751658388613
2.2550751691723057
2.25517517250575
2.2552751758391945
2.255375179172639
2.2554751825060833
2.255575185839528
2.2556751891729725
2.255775192506417
2.2558751958398613
2.2559751991733057
2.25607520250675
2.2561752058401945
2.256275209173639
2.2563752125070833
2.256475215840528
2.2565752191739725
2.256675222507417
2.2567752258408613
2.2568752291743057
2.25697523250775
2.2570752358411945
2.257175239174639
2.2572752425080833
2.257375245841528
2.2574752491749726
2.257575252508417
2.2576752558418614
2.2577752591753057
2.25787526250875
2.2579752658421945
2.258075269175639
2.2581752725090833
2.258275275842528
2.2583752791759726
2.258475282509417
2.2585752858428614
2.258675289176306
2.25877529250975
2.2588752958431946
2.258975299176639
2.2590753025100834
2.259175305843528
2.2592753091769726
2.259375312510417
2.2594753158438614
2.259575319177306
2.25967532251075
2.2597753258441946
2.259875329177639
2.2599753325110834
2.2600753358445282
2.2601753391779726
2.260275342511417
2.2603753458448614
2.260475349178306
2.2605753525117502
2.2606753558451946
2.260775359178639
2.2608753625120834
2.2609753658455283
2.2610753691789727
2.261175372512417
2.2612753758458615
2.261375379179306
2.2614753825127503
2.2615753858461947
2.261675389179639
2.2617753925130835
2.2618753958465283
2.2619753991799727
2.262075402513417
2.2621754058468615
2.262275409180306
2.2623754125137503
2.2624754158471947
2.262575419180639
2.2626754225140835
2.2627754258475283
2.2628754291809727
2.262975432514417
2.2630754358478615
2.263175439181306
2.2632754425147503
2.2633754458481947
2.263475449181639
2.2635754525150835
2.2636754558485284
2.2637754591819728
2.263875462515417
2.2639754658488616
2.264075469182306
2.2641754725157504
2.2642754758491948
2.264375479182639
2.2644754825160835
2.2645754858495284
2.264675489182973
2.264775492516417
2.2648754958498616
2.264975499183306
2.2650755025167504
2.265175505850195
2.265275509183639
2.265375512517084
2.2654755158505284
2.265575519183973
2.265675522517417
2.2657755258508616
2.265875529184306
2.2659755325177504
2.266075535851195
2.266175539184639
2.266275542518084
2.2663755458515285
2.266475549184973
2.2665755525184172
2.2666755558518616
2.266775559185306
2.2668755625187504
2.266975565852195
2.2670755691856392
2.267175572519084
2.2672755758525285
2.267375579185973
2.2674755825194173
2.2675755858528617
2.267675589186306
2.2677755925197505
2.267875595853195
2.2679755991866393
2.268075602520084
2.2681756058535285
2.268275609186973
2.2683756125204173
2.2684756158538617
2.268575619187306
2.2686756225207505
2.268775625854195
2.2688756291876393
2.268975632521084
2.2690756358545285
2.269175639187973
2.2692756425214173
2.2693756458548617
2.269475649188306
2.2695756525217505
2.269675655855195
2.2697756591886393
2.269875662522084
2.2699756658555286
2.270075669188973
2.2701756725224174
2.2702756758558618
2.270375679189306
2.2704756825227506
2.270575685856195
2.2706756891896394
2.270775692523084
2.2708756958565286
2.270975699189973
2.2710757025234174
2.271175705856862
2.271275709190306
2.2713757125237506
2.271475715857195
2.2715757191906394
2.2716757225240842
2.2717757258575286
2.271875729190973
2.2719757325244174
2.272075735857862
2.272175739191306
2.2722757425247506
2.272375745858195
2.2724757491916394
2.2725757525250843
2.2726757558585287
2.272775759191973
2.2728757625254175
2.272975765858862
2.2730757691923063
2.2731757725257506
2.273275775859195
2.2733757791926394
2.2734757825260843
2.2735757858595287
2.273675789192973
2.2737757925264175
2.273875795859862
2.2739757991933063
2.2740758025267507
2.274175805860195
2.2742758091936395
2.2743758125270843
2.2744758158605287
2.274575819193973
2.2746758225274175
2.274775825860862
2.2748758291943063
2.2749758325277507
2.275075835861195
2.2751758391946395
2.2752758425280843
2.2753758458615287
2.275475849194973
2.2755758525284175
2.275675855861862
2.2757758591953063
2.2758758625287507
2.275975865862195
2.2760758691956395
2.2761758725290844
2.2762758758625288
2.276375879195973
2.2764758825294176
2.276575885862862
2.2766758891963064
2.2767758925297508
2.276875895863195
2.27697589919664
2.2770759025300844
2.277175905863529
2.277275909196973
2.2773759125304176
2.277475915863862
2.2775759191973064
2.277675922530751
2.277775925864195
2.27787592919764
2.2779759325310844
2.278075935864529
2.2781759391979732
2.2782759425314176
2.278375945864862
2.2784759491983064
2.278575952531751
2.2786759558651952
2.27877595919864
2.2788759625320845
2.278975965865529
2.2790759691989733
2.2791759725324177
2.279275975865862
2.2793759791993065
2.279475982532751
2.2795759858661953
2.27967598919964
2.2797759925330845
2.279875995866529
2.2799759991999733
2.2800760025334177
2.280176005866862
2.2802760092003065
2.280376012533751
2.2804760158671953
2.28057601920064
2.2806760225340845
2.280776025867529
2.2808760292009733
2.2809760325344177
2.281076035867862
2.2811760392013065
2.281276042534751
2.2813760458681953
2.28147604920164
2.2815760525350846
2.281676055868529
2.2817760592019734
2.2818760625354177
2.281976065868862
2.2820760692023065
2.282176072535751
2.2822760758691953
2.28237607920264
2.2824760825360846
2.282576085869529
2.2826760892029734
2.282776092536418
2.282876095869862
2.2829760992033066
2.283076102536751
2.2831761058701954
2.28327610920364
2.2833761125370846
2.283476115870529
2.2835761192039734
2.283676122537418
2.283776125870862
2.2838761292043066
2.283976132537751
2.2840761358711954
2.2841761392046402
2.2842761425380846
2.284376145871529
2.2844761492049734
2.284576152538418
2.2846761558718622
2.2847761592053066
2.284876162538751
2.2849761658721954
2.2850761692056403
2.2851761725390847
2.285276175872529
2.2853761792059735
2.285476182539418
2.2855761858728623
2.2856761892063067
2.285776192539751
2.2858761958731955
2.2859761992066403
2.2860762025400847
2.286176205873529
2.2862762092069735
2.286376212540418
2.2864762158738623
2.2865762192073067
2.286676222540751
2.2867762258741955
2.2868762292076403
2.2869762325410847
2.287076235874529
2.2871762392079735
2.287276242541418
2.2873762458748623
2.2874762492083067
2.287576252541751
2.2876762558751955
2.2877762592086404
2.2878762625420848
2.287976265875529
2.2880762692089736
2.288176272542418
2.2882762758758624
2.2883762792093068
2.288476282542751
2.288576285876196
2.2886762892096404
2.288776292543085
2.288876295876529
2.2889762992099736
2.289076302543418
2.2891763058768624
2.289276309210307
2.289376312543751
2.289476315877196
2.2895763192106404
2.289676322544085
2.289776325877529
2.2898763292109736
2.289976332544418
2.2900763358778624
2.290176339211307
2.290276342544751
2.290376345878196
2.2904763492116404
2.290576352545085
2.2906763558785292
2.2907763592119736
2.290876362545418
2.2909763658788624
2.291076369212307
2.2911763725457512
2.291276375879196
2.2913763792126405
2.291476382546085
2.2915763858795293
2.2916763892129737
2.291776392546418
2.2918763958798625
2.291976399213307
2.2920764025467513
2.292176405880196
2.2922764092136405
2.292376412547085
2.2924764158805293
2.2925764192139737
2.292676422547418
2.2927764258808625
2.292876429214307
2.2929764325477513
2.293076435881196
2.2931764392146405
2.293276442548085
2.2933764458815293
2.2934764492149737
2.293576452548418
2.2936764558818625
2.293776459215307
2.2938764625487513
2.293976465882196
2.2940764692156406
2.294176472549085
2.2942764758825294
2.2943764792159738
2.294476482549418
2.2945764858828626
2.294676489216307
2.2947764925497514
2.294876495883196
2.2949764992166406
2.295076502550085
2.2951765058835294
2.295276509216974
2.295376512550418
2.2954765158838626
2.295576519217307
2.2956765225507514
2.2957765258841962
2.2958765292176406
2.295976532551085
2.2960765358845294
2.296176539217974
2.296276542551418
2.2963765458848626
2.296476549218307
2.2965765525517514
2.2966765558851963
2.2967765592186407
2.296876562552085
2.2969765658855295
2.297076569218974
2.2971765725524182
2.2972765758858626
2.297376579219307
2.2974765825527514
2.2975765858861963
2.2976765892196407
2.297776592553085
2.2978765958865295
2.297976599219974
2.2980766025534183
2.2981766058868627
2.298276609220307
2.2983766125537515
2.2984766158871963
2.2985766192206407
2.298676622554085
2.2987766258875295
2.298876629220974
2.2989766325544183
2.2990766358878627
2.299176639221307
2.2992766425547515
2.2993766458881963
2.2994766492216407
2.299576652555085
2.2996766558885295
2.299776659221974
2.2998766625554183
2.2999766658888627
2.300076669222307
2.300176672555752
2.3002766758891964
2.3003766792226408
2.300476682556085
2.3005766858895296
2.300676689222974
2.3007766925564184
2.3008766958898628
2.300976699223307
2.301076702556752
2.3011767058901964
2.301276709223641
2.301376712557085
2.3014767158905296
2.301576719223974
2.3016767225574184
2.301776725890863
2.301876729224307
2.301976732557752
2.3020767358911964
2.302176739224641
2.3022767425580852
2.3023767458915296
2.302476749224974
2.3025767525584184
2.302676755891863
2.3027767592253072
2.302876762558752
2.3029767658921965
2.303076769225641
2.3031767725590853
2.3032767758925297
2.303376779225974
2.3034767825594185
2.303576785892863
2.3036767892263073
2.303776792559752
2.3038767958931965
2.303976799226641
2.3040768025600853
2.3041768058935297
2.304276809226974
2.3043768125604185
2.304476815893863
2.3045768192273073
2.304676822560752
2.3047768258941965
2.304876829227641
2.3049768325610853
2.3050768358945297
2.305176839227974
2.3052768425614185
2.305376845894863
2.3054768492283073
2.305576852561752
2.3056768558951966
2.305776859228641
2.3058768625620853
2.3059768658955297
2.306076869228974
2.3061768725624185
2.306276875895863
2.3063768792293073
2.306476882562752
2.3065768858961966
2.306676889229641
2.3067768925630854
2.3068768958965298
2.306976899229974
2.3070769025634186
2.307176905896863
2.3072769092303074
2.307376912563752
2.3074769158971966
2.307576919230641
2.3076769225640854
2.30777692589753
2.307876929230974
2.3079769325644186
2.308076935897863
2.3081769392313074
2.3082769425647522
2.3083769458981966
2.308476949231641
2.3085769525650854
2.30867695589853
2.3087769592319742
2.3088769625654186
2.308976965898863
2.3090769692323074
2.3091769725657523
2.3092769758991967
2.309376979232641
2.3094769825660855
2.30957698589953
2.3096769892329743
2.3097769925664187
2.309876995899863
2.3099769992333075
2.3100770025667523
2.3101770059001967
2.310277009233641
2.3103770125670855
2.31047701590053
2.3105770192339743
2.3106770225674187
2.310777025900863
2.3108770292343075
2.3109770325677523
2.3110770359011967
2.311177039234641
2.3112770425680855
2.31137704590153
2.3114770492349743
2.3115770525684187
2.311677055901863
2.311777059235308
2.3118770625687524
2.3119770659021968
2.312077069235641
2.3121770725690856
2.31227707590253
2.3123770792359744
2.3124770825694188
2.312577085902863
2.312677089236308
2.3127770925697524
2.312877095903197
2.312977099236641
2.3130771025700856
2.31317710590353
2.3132771092369744
2.313377112570419
2.313477115903863
2.313577119237308
2.3136771225707524
2.313777125904197
2.313877129237641
2.3139771325710856
2.31407713590453
2.3141771392379744
2.314277142571419
2.314377145904863
2.314477149238308
2.3145771525717524
2.314677155905197
2.3147771592386412
2.3148771625720856
2.31497716590553
2.3150771692389744
2.315177172572419
2.3152771759058632
2.315377179239308
2.3154771825727525
2.315577185906197
2.3156771892396413
2.3157771925730857
2.31587719590653
2.3159771992399745
2.316077202573419
2.3161772059068633
2.316277209240308
2.3163772125737525
2.316477215907197
2.3165772192406413
2.3166772225740857
2.31677722590753
2.3168772292409745
2.316977232574419
2.3170772359078633
2.317177239241308
2.3172772425747525
2.317377245908197
2.3174772492416413
2.3175772525750857
2.31767725590853
2.3177772592419745
2.317877262575419
2.3179772659088633
2.318077269242308
2.3181772725757526
2.318277275909197
2.3183772792426414
2.3184772825760858
2.31857728590953
2.3186772892429746
2.318777292576419
2.3188772959098634
2.318977299243308
2.3190773025767526
2.319177305910197
2.3192773092436414
2.319377312577086
2.31947731591053
2.3195773192439746
2.319677322577419
2.3197773259108634
2.3198773292443082
2.3199773325777526
2.320077335911197
2.3201773392446414
2.320277342578086
2.32037734591153
2.3204773492449746
2.320577352578419
2.3206773559118634
2.3207773592453083
2.3208773625787527
2.320977365912197
2.3210773692456415
2.321177372579086
2.3212773759125302
2.3213773792459746
2.321477382579419
2.3215773859128634
2.3216773892463083
2.3217773925797527
2.321877395913197
2.3219773992466415
2.322077402580086
2.3221774059135303
2.3222774092469747
2.322377412580419
2.3224774159138635
2.3225774192473083
2.3226774225807527
2.322777425914197
2.3228774292476415
2.322977432581086
2.3230774359145303
2.3231774392479747
2.323277442581419
2.323377445914864
2.3234774492483083
2.3235774525817527
2.323677455915197
2.3237774592486415
2.323877462582086
2.3239774659155303
2.3240774692489747
2.324177472582419
2.324277475915864
2.3243774792493084
2.3244774825827528
2.324577485916197
2.3246774892496416
2.324777492583086
2.3248774959165304
2.3249774992499748
2.325077502583419
2.325177505916864
2.3252775092503084
2.325377512583753
2.325477515917197
2.3255775192506416
2.325677522584086
2.3257775259175304
2.325877529250975
2.325977532584419
2.326077535917864
2.3261775392513084
2.326277542584753
2.3263775459181972
2.3264775492516416
2.326577552585086
2.3266775559185304
2.326777559251975
2.3268775625854192
2.326977565918864
2.3270775692523085
2.327177572585753
2.3272775759191973
2.3273775792526417
2.327477582586086
2.3275775859195305
2.327677589252975
2.3277775925864193
2.327877595919864
2.3279775992533085
2.328077602586753
2.3281776059201973
2.3282776092536417
2.328377612587086
2.3284776159205305
2.328577619253975
2.3286776225874193
2.328777625920864
2.3288776292543085
2.328977632587753
2.3290776359211973
2.3291776392546417
2.329277642588086
2.3293776459215305
2.329477649254975
2.3295776525884193
2.329677655921864
2.3297776592553086
2.329877662588753
2.3299776659221973
2.3300776692556417
2.330177672589086
2.3302776759225305
2.330377679255975
2.3304776825894193
2.330577685922864
2.3306776892563086
2.330777692589753
2.3308776959231974
2.3309776992566418
2.331077702590086
2.3311777059235306
2.331277709256975
2.3313777125904194
2.331477715923864
2.3315777192573086
2.331677722590753
2.3317777259241974
2.331877729257642
2.331977732591086
2.3320777359245306
2.332177739257975
2.3322777425914194
2.3323777459248642
2.3324777492583086
2.332577752591753
2.3326777559251974
2.332777759258642
2.3328777625920862
2.3329777659255306
2.333077769258975
2.3331777725924194
2.3332777759258643
2.3333777792593087
2.333477782592753
2.3335777859261975
2.333677789259642
2.3337777925930863
2.3338777959265307
2.333977799259975
2.3340778025934195
2.3341778059268643
2.3342778092603087
2.334377812593753
2.3344778159271975
2.334577819260642
2.3346778225940863
2.3347778259275307
2.334877829260975
2.33497783259442
2.3350778359278643
2.3351778392613087
2.335277842594753
2.3353778459281975
2.335477849261642
2.3355778525950863
2.3356778559285307
2.335777859261975
2.33587786259542
2.3359778659288644
2.3360778692623088
2.336177872595753
2.3362778759291976
2.336377879262642
2.3364778825960864
2.3365778859295308
2.336677889262975
2.33677789259642
2.3368778959298644
2.336977899263309
2.337077902596753
2.3371779059301976
2.337277909263642
2.3373779125970864
2.337477915930531
2.337577919263975
2.33767792259742
2.3377779259308644
2.337877929264309
2.337977932597753
2.3380779359311976
2.338177939264642
2.3382779425980864
2.338377945931531
2.338477949264975
2.33857795259842
2.3386779559318644
2.338777959265309
2.3388779625987532
2.3389779659321976
2.339077969265642
2.3391779725990864
2.339277975932531
2.3393779792659752
2.33947798259942
2.3395779859328645
2.339677989266309
2.3397779925997533
2.3398779959331977
2.339977999266642
2.3400780026000865
2.340178005933531
2.3402780092669753
2.34037801260042
2.3404780159338645
2.340578019267309
2.3406780226007533
2.3407780259341977
2.340878029267642
2.3409780326010865
2.341078035934531
2.3411780392679753
2.34127804260142
2.3413780459348645
2.341478049268309
2.3415780526017533
2.3416780559351977
2.341778059268642
2.3418780626020865
2.341978065935531
2.3420780692689753
2.34217807260242
2.3422780759358646
2.342378079269309
2.3424780826027534
2.3425780859361978
2.342678089269642
2.3427780926030866
2.342878095936531
2.3429780992699754
2.34307810260342
2.3431781059368646
2.343278109270309
2.3433781126037534
2.343478115937198
2.343578119270642
2.3436781226040866
2.343778125937531
2.3438781292709754
2.3439781326044202
2.3440781359378646
2.344178139271309
2.3442781426047534
2.344378145938198
2.344478149271642
2.3445781526050866
2.344678155938531
2.3447781592719754
2.3448781626054203
2.3449781659388647
2.345078169272309
2.3451781726057535
2.345278175939198
2.3453781792726422
2.3454781826060866
2.345578185939531
2.3456781892729754
2.3457781926064203
2.3458781959398647
2.345978199273309
2.3460782026067535
2.346178205940198
2.3462782092736423
2.3463782126070867
2.346478215940531
2.346578219273976
2.3466782226074203
2.3467782259408647
2.346878229274309
2.3469782326077535
2.347078235941198
2.3471782392746423
2.3472782426080867
2.347378245941531
2.347478249274976
2.3475782526084203
2.3476782559418647
2.347778259275309
2.3478782626087535
2.347978265942198
2.3480782692756423
2.3481782726090867
2.348278275942531
2.348378279275976
2.3484782826094204
2.3485782859428648
2.348678289276309
2.3487782926097536
2.348878295943198
2.3489782992766424
2.3490783026100868
2.349178305943531
2.349278309276976
2.3493783126104204
2.349478315943865
2.349578319277309
2.3496783226107536
2.349778325944198
2.3498783292776424
2.349978332611087
2.350078335944531
2.350178339277976
2.3502783426114204
2.350378345944865
2.3504783492783092
2.3505783526117536
2.350678355945198
2.3507783592786424
2.350878362612087
2.3509783659455312
2.351078369278976
2.3511783726124205
2.351278375945865
2.3513783792793093
2.3514783826127537
2.351578385946198
2.3516783892796425
2.351778392613087
2.3518783959465313
2.351978399279976
2.3520784026134205
2.352178405946865
2.3522784092803093
2.3523784126137537
2.352478415947198
2.3525784192806425
2.352678422614087
2.3527784259475313
2.352878429280976
2.3529784326144205
2.353078435947865
2.3531784392813093
2.3532784426147537
2.353378445948198
2.3534784492816425
2.353578452615087
2.3536784559485313
2.353778459281976
2.3538784626154206
2.353978465948865
2.3540784692823093
2.3541784726157537
2.354278475949198
2.3543784792826425
2.354478482616087
2.3545784859495313
2.354678489282976
2.3547784926164206
2.354878495949865
2.3549784992833094
2.3550785026167538
2.355178505950198
2.3552785092836426
2.355378512617087
2.3554785159505314
2.355578519283976
2.3556785226174206
2.355778525950865
2.3558785292843094
2.355978532617754
2.356078535951198
2.3561785392846426
2.356278542618087
2.3563785459515314
2.3564785492849762
2.3565785526184206
2.356678555951865
2.3567785592853094
2.356878562618754
2.3569785659521982
2.3570785692856426
2.357178572619087
2.3572785759525314
2.3573785792859763
2.3574785826194207
2.357578585952865
2.3576785892863095
2.357778592619754
2.3578785959531983
2.3579785992866427
2.358078602620087
2.3581786059535315
2.3582786092869763
2.3583786126204207
2.358478615953865
2.3585786192873095
2.358678622620754
2.3587786259541983
2.3588786292876427
2.358978632621087
2.359078635954532
2.3591786392879763
2.3592786426214207
2.359378645954865
2.3594786492883095
2.359578652621754
2.3596786559551983
2.3597786592886427
2.359878662622087
2.359978665955532
2.3600786692889764
2.3601786726224208
2.360278675955865
2.3603786792893096
2.360478682622754
2.3605786859561984
2.3606786892896428
2.360778692623087
2.360878695956532
2.3609786992899764
2.361078702623421
2.361178705956865
2.3612787092903096
2.361378712623754
2.3614787159571984
2.361578719290643
2.361678722624087
2.361778725957532
2.3618787292909764
2.361978732624421
2.362078735957865
2.3621787392913096
2.362278742624754
2.3623787459581984
2.362478749291643
2.362578752625087
2.362678755958532
2.3627787592919764
2.362878762625421
2.3629787659588652
2.3630787692923096
2.363178772625754
2.3632787759591984
2.363378779292643
2.3634787826260872
2.363578785959532
2.3636787892929765
2.363778792626421
2.3638787959598653
2.3639787992933097
2.364078802626754
2.3641788059601985
2.364278809293643
2.3643788126270873
2.364478815960532
2.3645788192939765
2.364678822627421
2.3647788259608653
2.3648788292943097
2.364978832627754
2.3650788359611985
2.365178839294643
2.3652788426280873
2.365378845961532
2.3654788492949765
2.365578852628421
2.3656788559618653
2.3657788592953097
2.365878862628754
2.3659788659621985
2.366078869295643
2.3661788726290873
2.366278875962532
2.3663788792959766
2.366478882629421
2.3665788859628654
2.3666788892963098
2.366778892629754
2.3668788959631986
2.366978899296643
2.3670789026300874
2.367178905963532
2.3672789092969766
2.367378912630421
2.3674789159638654
2.36757891929731
2.367678922630754
2.3677789259641986
2.367878929297643
2.3679789326310874
2.3680789359645322
2.3681789392979766
2.368278942631421
2.3683789459648654
2.36847894929831
2.368578952631754
2.3686789559651986
2.368778959298643
2.3688789626320874
2.3689789659655323
2.3690789692989767
2.369178972632421
2.3692789759658655
2.36937897929931
2.3694789826327542
2.3695789859661986
2.369678989299643
2.3697789926330874
2.3698789959665323
2.3699789992999767
2.370079002633421
2.3701790059668655
2.37027900930031
2.3703790126337543
2.3704790159671987
2.370579019300643
2.370679022634088
2.3707790259675323
2.3708790293009767
2.370979032634421
2.3710790359678655
2.37117903930131
2.3712790426347543
2.3713790459681987
2.371479049301643
2.371579052635088
2.3716790559685323
2.3717790593019767
2.371879062635421
2.3719790659688655
2.37207906930231
2.3721790726357543
2.3722790759691987
2.372379079302643
2.372479082636088
2.3725790859695324
2.3726790893029768
2.372779092636421
2.3728790959698656
2.37297909930331
2.3730791026367544
2.3731791059701988
2.373279109303643
2.373379112637088
2.3734791159705324
2.373579119303977
2.373679122637421
2.3737791259708656
2.37387912930431
2.3739791326377544
2.374079135971199
2.374179139304643
2.374279142638088
2.3743791459715324
2.374479149304977
2.3745791526384212
2.3746791559718656
2.37477915930531
2.3748791626387544
2.374979165972199
2.3750791693056432
2.375179172639088
2.3752791759725325
2.375379179305977
2.3754791826394213
2.3755791859728657
2.37567918930631
2.3757791926397545
2.375879195973199
2.3759791993066433
2.376079202640088
2.3761792059735325
2.376279209306977
2.3763792126404213
2.3764792159738657
2.37657921930731
2.3766792226407545
2.376779225974199
2.3768792293076433
2.376979232641088
2.3770792359745325
2.377179239307977
2.3772792426414213
2.3773792459748657
2.37747924930831
2.3775792526417545
2.377679255975199
2.3777792593086433
2.377879262642088
2.3779792659755326
2.378079269308977
2.3781792726424213
2.3782792759758657
2.37837927930931
2.3784792826427545
2.378579285976199
2.3786792893096433
2.378779292643088
2.3788792959765326
2.378979299309977
2.3790793026434214
2.3791793059768658
2.37927930931031
2.3793793126437546
2.379479315977199
2.3795793193106434
2.379679322644088
2.3797793259775326
2.379879329310977
2.3799793326444214
2.380079335977866
2.38017933931131
2.3802793426447546
2.380379345978199
2.3804793493116434
2.3805793526450882
2.3806793559785326
2.380779359311977
2.3808793626454214
2.380979365978866
2.3810793693123102
2.3811793726457546
2.381279375979199
2.3813793793126434
2.3814793826460883
2.3815793859795327
2.381679389312977
2.3817793926464215
2.381879395979866
2.3819793993133103
2.3820794026467547
2.382179405980199
2.382279409313644
2.3823794126470883
2.3824794159805327
2.382579419313977
2.3826794226474215
2.382779425980866
2.3828794293143103
2.3829794326477547
2.383079435981199
2.383179439314644
2.3832794426480883
2.3833794459815327
2.383479449314977
2.3835794526484215
2.383679455981866
2.3837794593153103
2.3838794626487547
2.383979465982199
2.384079469315644
2.3841794726490884
2.3842794759825328
2.384379479315977
2.3844794826494216
2.384579485982866
2.3846794893163104
2.3847794926497548
2.384879495983199
2.384979499316644
2.3850795026500884
2.385179505983533
2.385279509316977
2.3853795126504216
2.385479515983866
2.3855795193173104
2.385679522650755
2.385779525984199
2.385879529317644
2.3859795326510884
2.386079535984533
2.386179539317977
2.3862795426514216
2.386379545984866
2.3864795493183104
2.386579552651755
2.386679555985199
2.386779559318644
2.3868795626520884
2.386979565985533
2.3870795693189772
2.3871795726524216
2.387279575985866
2.3873795793193104
2.387479582652755
2.3875795859861992
2.387679589319644
2.3877795926530885
2.387879595986533
2.3879795993199773
2.3880796026534217
2.388179605986866
2.3882796093203105
2.388379612653755
2.3884796159871993
2.388579619320644
2.3886796226540885
2.388779625987533
2.3888796293209773
2.3889796326544217
2.389079635987866
2.3891796393213105
2.389279642654755
2.3893796459881993
2.389479649321644
2.3895796526550885
2.389679655988533
2.3897796593219773
2.3898796626554217
2.389979665988866
2.3900796693223105
2.390179672655755
2.3902796759891993
2.390379679322644
2.3904796826560886
2.390579685989533
2.3906796893229774
2.3907796926564218
2.390879695989866
2.3909796993233106
2.391079702656755
2.3911797059901994
2.391279709323644
2.3913797126570886
2.391479715990533
2.3915797193239774
2.391679722657422
2.391779725990866
2.3918797293243106
2.391979732657755
2.3920797359911994
2.3921797393246442
2.3922797426580886
2.392379745991533
2.3924797493249774
2.392579752658422
2.392679755991866
2.3927797593253106
2.392879762658755
2.3929797659921994
2.3930797693256443
2.3931797726590887
2.393279775992533
2.3933797793259775
2.393479782659422
2.3935797859928662
2.3936797893263106
2.393779792659755
2.3938797959932
2.3939797993266443
2.3940798026600887
2.394179805993533
2.3942798093269775
2.394379812660422
2.3944798159938663
2.3945798193273107
2.394679822660755
2.3947798259942
2.3948798293276443
2.3949798326610887
2.395079835994533
2.3951798393279775
2.395279842661422
2.3953798459948663
2.3954798493283107
2.395579852661755
2.3956798559952
2.3957798593286443
2.3958798626620887
2.395979865995533
2.3960798693289775
2.396179872662422
2.3962798759958663
2.3963798793293107
2.396479882662755
2.3965798859962
2.3966798893296444
2.3967798926630888
2.396879895996533
2.3969798993299776
2.397079902663422
2.3971799059968664
2.3972799093303108
2.397379912663755
2.3974799159972
2.3975799193306444
2.397679922664089
2.397779925997533
2.3978799293309776
2.397979932664422
2.3980799359978664
2.398179939331311
2.398279942664755
2.3983799459982
2.3984799493316444
2.398579952665089
2.3986799559985332
2.3987799593319776
2.398879962665422
2.3989799659988664
2.399079969332311
2.3991799726657552
2.3992799759992
2.3993799793326445
2.399479982666089
2.3995799859995333
2.3996799893329777
2.399779992666422
2.3998799959998665
2.399979999333311
2.4000800026667553
2.4001800060002
2.4002800093336445
2.400380012667089
2.4004800160005333
2.4005800193339777
2.400680022667422
2.4007800260008665
2.400880029334311
2.4009800326677553
2.4010800360012
2.4011800393346445
2.401280042668089
2.4013800460015333
2.4014800493349777
2.401580052668422
2.4016800560018665
2.401780059335311
2.4018800626687553
2.4019800660022
2.4020800693356446
2.402180072669089
2.4022800760025333
2.4023800793359777
2.402480082669422
2.4025800860028665
2.402680089336311
2.4027800926697553
2.4028800960032
2.4029800993366446
2.403080102670089
2.4031801060035334
2.4032801093369778
2.403380112670422
2.4034801160038666
2.403580119337311
2.4036801226707554
2.4037801260042
2.4038801293376446
2.403980132671089
2.4040801360045334
2.404180139337978
2.404280142671422
2.4043801460048666
2.404480149338311
2.4045801526717554
2.4046801560052002
2.4047801593386446
2.404880162672089
2.4049801660055334
2.405080169338978
2.4051801726724222
2.4052801760058666
2.405380179339311
2.405480182672756
2.4055801860062003
2.4056801893396447
2.405780192673089
2.4058801960065335
2.405980199339978
2.4060802026734223
2.4061802060068667
2.406280209340311
2.406380212673756
2.4064802160072003
2.4065802193406447
2.406680222674089
2.4067802260075335
2.406880229340978
2.4069802326744223
2.4070802360078667
2.407180239341311
2.407280242674756
2.4073802460082003
2.4074802493416447
2.407580252675089
2.4076802560085335
2.407780259341978
2.4078802626754223
2.4079802660088667
2.408080269342311
2.408180272675756
2.4082802760092004
2.4083802793426448
2.408480282676089
2.4085802860095336
2.408680289342978
2.4087802926764224
2.4088802960098668
2.408980299343311
2.409080302676756
2.4091803060102004
2.409280309343645
2.409380312677089
2.4094803160105336
2.409580319343978
2.4096803226774224
2.409780326010867
2.409880329344311
2.409980332677756
2.4100803360112004
2.410180339344645
2.410280342678089
2.4103803460115336
2.410480349344978
2.4105803526784224
2.410680356011867
2.410780359345311
2.410880362678756
2.4109803660122004
2.411080369345645
2.4111803726790892
2.4112803760125336
2.411380379345978
2.4114803826794224
2.411580386012867
2.4116803893463112
2.411780392679756
2.4118803960132005
2.411980399346645
2.4120804026800893
2.4121804060135337
2.412280409346978
2.4123804126804225
2.412480416013867
2.4125804193473113
2.412680422680756
2.4127804260142005
2.412880429347645
2.4129804326810893
2.4130804360145337
2.413180439347978
2.4132804426814225
2.413380446014867
2.4134804493483113
2.413580452681756
2.4136804560152005
2.413780459348645
2.4138804626820893
2.4139804660155337
2.414080469348978
2.4141804726824225
2.414280476015867
2.4143804793493113
2.414480482682756
2.4145804860162006
2.414680489349645
2.4147804926830894
2.4148804960165338
2.414980499349978
2.4150805026834226
2.415180506016867
2.4152805093503114
2.415380512683756
2.4154805160172006
2.415580519350645
2.4156805226840894
2.415780526017534
2.415880529350978
2.4159805326844226
2.416080536017867
2.4161805393513114
2.4162805426847562
2.4163805460182006
2.416480549351645
2.4165805526850894
2.416680556018534
2.416780559351978
2.4168805626854226
2.416980566018867
2.417080569352312
2.4171805726857563
2.4172805760192007
2.417380579352645
2.4174805826860895
2.417580586019534
2.4176805893529782
2.4177805926864226
2.417880596019867
2.417980599353312
2.4180806026867563
2.4181806060202007
2.418280609353645
2.4183806126870895
2.418480616020534
2.4185806193539783
2.4186806226874227
2.418780626020867
2.418880629354312
2.4189806326877563
2.4190806360212007
2.419180639354645
2.4192806426880895
2.419380646021534
2.4194806493549783
2.4195806526884227
2.419680656021867
2.419780659355312
2.4198806626887563
2.4199806660222007
2.420080669355645
2.4201806726890895
2.420280676022534
2.4203806793559783
2.4204806826894227
2.420580686022867
2.420680689356312
2.4207806926897564
2.4208806960232008
2.420980699356645
2.4210807026900896
2.421180706023534
2.4212807093569784
2.4213807126904228
2.421480716023867
2.421580719357312
2.4216807226907564
2.421780726024201
2.421880729357645
2.4219807326910896
2.422080736024534
2.4221807393579784
2.422280742691423
2.422380746024867
2.422480749358312
2.4225807526917564
2.422680756025201
2.4227807593586452
2.4228807626920896
2.422980766025534
2.4230807693589784
2.423180772692423
2.4232807760258672
2.423380779359312
2.4234807826927565
2.423580786026201
2.4236807893596453
2.4237807926930897
2.423880796026534
2.4239807993599785
2.424080802693423
2.4241808060268673
2.424280809360312
2.4243808126937565
2.424480816027201
2.4245808193606453
2.4246808226940897
2.424780826027534
2.4248808293609785
2.424980832694423
2.4250808360278673
2.425180839361312
2.4252808426947565
2.425380846028201
2.4254808493616453
2.4255808526950897
2.425680856028534
2.4257808593619785
2.425880862695423
2.4259808660288673
2.426080869362312
2.4261808726957566
2.426280876029201
2.4263808793626453
2.4264808826960897
2.426580886029534
2.4266808893629785
2.426780892696423
2.4268808960298673
2.426980899363312
2.4270809026967566
2.427180906030201
2.4272809093636454
2.4273809126970898
2.427480916030534
2.4275809193639786
2.427680922697423
2.4277809260308674
2.427880929364312
2.4279809326977566
2.428080936031201
2.4281809393646454
2.42828094269809
2.428380946031534
2.4284809493649786
2.428580952698423
2.428680956031868
2.4287809593653122
2.4288809626987566
2.428980966032201
2.4290809693656454
2.42918097269909
2.4292809760325342
2.4293809793659786
2.429480982699423
2.429580986032868
2.4296809893663123
2.4297809926997567
2.429880996033201
2.4299809993666455
2.43008100270009
2.4301810060335343
2.4302810093669787
2.430381012700423
2.430481016033868
2.4305810193673123
2.4306810227007567
2.430781026034201
2.4308810293676455
2.43098103270109
2.4310810360345343
2.4311810393679787
2.431281042701423
2.431381046034868
2.4314810493683123
2.4315810527017567
2.431681056035201
2.4317810593686455
2.43188106270209
2.4319810660355343
2.4320810693689787
2.432181072702423
2.432281076035868
2.4323810793693124
2.4324810827027568
2.432581086036201
2.4326810893696456
2.43278109270309
2.4328810960365344
2.4329810993699788
2.433081102703423
2.433181106036868
2.4332811093703124
2.433381112703757
2.433481116037201
2.4335811193706456
2.43368112270409
2.4337811260375344
2.433881129370979
2.433981132704423
2.434081136037868
2.4341811393713124
2.434281142704757
2.434381146038201
2.4344811493716456
2.43458115270509
2.4346811560385344
2.434781159371979
2.434881162705423
2.434981166038868
2.4350811693723124
2.435181172705757
2.4352811760392012
2.4353811793726456
2.43548118270609
2.4355811860395344
2.435681189372979
2.4357811927064232
2.435881196039868
2.4359811993733125
2.436081202706757
2.4361812060402013
2.4362812093736457
2.43638121270709
2.4364812160405345
2.436581219373979
2.4366812227074233
2.436781226040868
2.4368812293743125
2.436981232707757
2.4370812360412013
2.4371812393746457
2.43728124270809
2.4373812460415345
2.437481249374979
2.4375812527084233
2.437681256041868
2.4377812593753125
2.437881262708757
2.4379812660422013
2.4380812693756457
2.43818127270909
2.4382812760425345
2.438381279375979
2.4384812827094233
2.438581286042868
2.4386812893763126
2.438781292709757
2.4388812960432014
2.4389812993766458
2.43908130271009
2.4391813060435346
2.439281309376979
2.4393813127104234
2.439481316043868
2.4395813193773126
2.439681322710757
2.4397813260442014
2.439881329377646
2.43998133271109
2.4400813360445346
2.440181339377979
2.440281342711424
2.4403813460448682
2.4404813493783126
2.440581352711757
2.4406813560452014
2.440781359378646
2.44088136271209
2.4409813660455346
2.441081369378979
2.441181372712424
2.4412813760458683
2.4413813793793127
2.441481382712757
2.4415813860462015
2.441681389379646
2.4417813927130902
2.4418813960465346
2.441981399379979
2.442081402713424
2.4421814060468683
2.4422814093803127
2.442381412713757
2.4424814160472015
2.442581419380646
2.4426814227140903
2.4427814260475347
2.442881429380979
2.442981432714424
2.4430814360478683
2.4431814393813127
2.443281442714757
2.4433814460482015
2.443481449381646
2.4435814527150903
2.4436814560485347
2.443781459381979
2.443881462715424
2.4439814660488683
2.4440814693823127
2.444181472715757
2.4442814760492015
2.444381479382646
2.4444814827160903
2.4445814860495347
2.444681489382979
2.444781492716424
2.4448814960498684
2.4449814993833128
2.445081502716757
2.4451815060502016
2.445281509383646
2.4453815127170904
2.4454815160505348
2.445581519383979
2.445681522717424
2.4457815260508684
2.445881529384313
2.445981532717757
2.4460815360512016
2.446181539384646
2.4462815427180904
2.446381546051535
2.446481549384979
2.446581552718424
2.4466815560518684
2.446781559385313
2.4468815627187572
2.4469815660522016
2.447081569385646
2.4471815727190904
2.447281576052535
2.4473815793859792
2.447481582719424
2.4475815860528685
2.447681589386313
2.4477815927197573
2.4478815960532017
2.447981599386646
2.4480816027200905
2.448181606053535
2.4482816093869793
2.448381612720424
2.4484816160538685
2.448581619387313
2.4486816227207573
2.4487816260542017
2.448881629387646
2.4489816327210905
2.449081636054535
2.4491816393879793
2.449281642721424
2.4493816460548685
2.449481649388313
2.4495816527217573
2.4496816560552017
2.449781659388646
2.4498816627220905
2.449981666055535
2.4500816693889793
2.450181672722424
2.4502816760558686
2.450381679389313
2.4504816827227573
2.4505816860562017
2.450681689389646
2.4507816927230905
2.450881696056535
2.4509816993899793
2.451081702723424
2.4511817060568686
2.451281709390313
2.4513817127237574
2.4514817160572018
2.451581719390646
2.4516817227240906
2.451781726057535
2.45188172939098
2.451981732724424
2.4520817360578686
2.452181739391313
2.4522817427247574
2.452381746058202
2.452481749391646
2.4525817527250906
2.452681756058535
2.45278175939198
2.4528817627254242
2.4529817660588686
2.453081769392313
2.4531817727257574
2.453281776059202
2.4533817793926462
2.4534817827260906
2.453581786059535
2.45368178939298
2.4537817927264243
2.4538817960598687
2.453981799393313
2.4540818027267575
2.454181806060202
2.4542818093936463
2.4543818127270907
2.454481816060535
2.45458181939398
2.4546818227274243
2.4547818260608687
2.454881829394313
2.4549818327277575
2.455081836061202
2.4551818393946463
2.4552818427280907
2.455381846061535
2.45548184939498
2.4555818527284243
2.4556818560618687
2.455781859395313
2.4558818627287575
2.455981866062202
2.4560818693956463
2.4561818727290907
2.456281876062535
2.45638187939598
2.4564818827294244
2.4565818860628688
2.456681889396313
2.4567818927297576
2.456881896063202
2.4569818993966464
2.4570819027300907
2.457181906063535
2.45728190939698
2.4573819127304244
2.457481916063869
2.457581919397313
2.4576819227307576
2.457781926064202
2.4578819293976464
2.457981932731091
2.458081936064535
2.45818193939798
2.4582819427314244
2.458381946064869
2.458481949398313
2.4585819527317576
2.458681956065202
2.4587819593986464
2.458881962732091
2.458981966065535
2.45908196939898
2.4591819727324244
2.459281976065869
2.4593819793993132
2.4594819827327576
2.459581986066202
2.4596819893996464
2.459781992733091
2.4598819960665352
2.45998199939998
2.4600820027334245
2.460182006066869
2.4602820094003133
2.4603820127337577
2.460482016067202
2.4605820194006465
2.460682022734091
2.4607820260675353
2.46088202940098
2.4609820327344245
2.461082036067869
2.4611820394013133
2.4612820427347577
2.461382046068202
2.4614820494016465
2.461582052735091
2.4616820560685353
2.46178205940198
2.4618820627354245
2.461982066068869
2.4620820694023133
2.4621820727357577
2.462282076069202
2.4623820794026465
2.462482082736091
2.4625820860695353
2.46268208940298
2.4627820927364246
2.462882096069869
2.4629820994033134
2.4630821027367578
2.463182106070202
2.4632821094036466
2.463382112737091
2.4634821160705354
2.46358211940398
2.4636821227374246
2.463782126070869
2.4638821294043134
2.463982132737758
2.464082136071202
2.4641821394046466
2.464282142738091
2.464382146071536
2.4644821494049802
2.4645821527384246
2.464682156071869
2.4647821594053134
2.464882162738758
2.464982166072202
2.4650821694056466
2.465182172739091
2.465282176072536
2.4653821794059803
2.4654821827394247
2.465582186072869
2.4656821894063135
2.465782192739758
2.4658821960732022
2.4659821994066466
2.466082202740091
2.466182206073536
2.4662822094069803
2.4663822127404247
2.466482216073869
2.4665822194073135
2.466682222740758
2.4667822260742023
2.4668822294076467
2.466982232741091
2.467082236074536
2.4671822394079803
2.4672822427414247
2.467382246074869
2.4674822494083135
2.467582252741758
2.4676822560752023
2.4677822594086467
2.467882262742091
2.467982266075536
2.4680822694089803
2.4681822727424247
2.468282276075869
2.4683822794093135
2.468482282742758
2.4685822860762023
2.4686822894096467
2.468782292743091
2.468882296076536
2.4689822994099804
2.4690823027434248
2.469182306076869
2.4692823094103136
2.469382312743758
2.4694823160772024
2.4695823194106468
2.469682322744091
2.469782326077536
2.4698823294109804
2.469982332744425
2.470082336077869
2.4701823394113136
2.470282342744758
2.4703823460782024
2.470482349411647
2.470582352745091
2.470682356078536
2.4707823594119804
2.470882362745425
2.4709823660788692
2.4710823694123136
2.471182372745758
2.4712823760792024
2.471382379412647
2.471482382746091
2.471582386079536
2.4716823894129805
2.471782392746425
2.4718823960798693
2.4719823994133137
2.472082402746758
2.4721824060802025
2.472282409413647
2.4723824127470913
2.472482416080536
2.4725824194139805
2.472682422747425
2.4727824260808693
2.4728824294143137
2.472982432747758
2.4730824360812025
2.473182439414647
2.4732824427480913
2.473382446081536
2.4734824494149805
2.473582452748425
2.4736824560818693
2.4737824594153137
2.473882462748758
2.4739824660822025
2.474082469415647
2.4741824727490913
2.474282476082536
2.4743824794159806
2.474482482749425
2.4745824860828693
2.4746824894163137
2.474782492749758
2.4748824960832025
2.474982499416647
2.4750825027500913
2.475182506083536
2.4752825094169806
2.475382512750425
2.4754825160838694
2.4755825194173138
2.475682522750758
2.4757825260842026
2.475882529417647
2.475982532751092
2.476082536084536
2.4761825394179806
2.476282542751425
2.4763825460848694
2.476482549418314
2.476582552751758
2.4766825560852026
2.476782559418647
2.476882562752092
2.4769825660855362
2.4770825694189806
2.477182572752425
2.4772825760858694
2.477382579419314
2.4774825827527582
2.4775825860862026
2.477682589419647
2.477782592753092
2.4778825960865363
2.4779825994199807
2.478082602753425
2.4781826060868695
2.478282609420314
2.4783826127537583
2.4784826160872027
2.478582619420647
2.478682622754092
2.4787826260875363
2.4788826294209807
2.478982632754425
2.4790826360878695
2.479182639421314
2.4792826427547583
2.4793826460882027
2.479482649421647
2.479582652755092
2.4796826560885363
2.4797826594219807
2.479882662755425
2.4799826660888695
2.480082669422314
2.4801826727557583
2.4802826760892027
2.480382679422647
2.480482682756092
2.4805826860895364
2.4806826894229808
2.480782692756425
2.4808826960898696
2.480982699423314
2.4810827027567584
2.4811827060902027
2.481282709423647
2.481382712757092
2.4814827160905364
2.481582719423981
2.481682722757425
2.4817827260908696
2.481882729424314
2.4819827327577584
2.482082736091203
2.482182739424647
2.482282742758092
2.4823827460915364
2.482482749424981
2.482582752758425
2.4826827560918696
2.482782759425314
2.4828827627587584
2.482982766092203
2.483082769425647
2.483182772759092
2.4832827760925364
2.483382779425981
2.4834827827594252
2.4835827860928696
2.483682789426314
2.4837827927597584
2.483882796093203
2.4839827994266472
2.484082802760092
2.4841828060935365
2.484282809426981
2.4843828127604253
2.4844828160938697
2.484582819427314
2.4846828227607585
2.484782826094203
2.4848828294276473
2.484982832761092
2.4850828360945365
2.485182839427981
2.4852828427614253
2.4853828460948697
2.485482849428314
2.4855828527617585
2.485682856095203
2.4857828594286473
2.485882862762092
2.4859828660955365
2.486082869428981
2.4861828727624253
2.4862828760958697
2.486382879429314
2.4864828827627585
2.486582886096203
2.4866828894296473
2.486782892763092
2.4868828960965366
2.486982899429981
2.4870829027634254
2.4871829060968698
2.487282909430314
2.4873829127637586
2.487482916097203
2.487582919430648
2.487682922764092
2.4877829260975366
2.487882929430981
2.4879829327644254
2.48808293609787
2.488182939431314
2.4882829427647586
2.488382946098203
2.488482949431648
2.4885829527650922
2.4886829560985366
2.488782959431981
2.4888829627654254
2.48898296609887
2.489082969432314
2.4891829727657586
2.489282976099203
2.489382979432648
2.4894829827660923
2.4895829860995367
2.489682989432981
2.4897829927664255
2.48988299609987
2.4899829994333142
2.4900830027667586
2.490183006100203
2.490283009433648
2.4903830127670923
2.4904830161005367
2.490583019433981
2.4906830227674255
2.49078302610087
2.4908830294343143
2.4909830327677587
2.491083036101203
2.491183039434648
2.4912830427680923
2.4913830461015367
2.491483049434981
2.4915830527684255
2.49168305610187
2.4917830594353143
2.4918830627687587
2.491983066102203
2.492083069435648
2.4921830727690923
2.4922830761025367
2.492383079435981
2.4924830827694255
2.49258308610287
2.4926830894363143
2.4927830927697587
2.492883096103203
2.492983099436648
2.4930831027700924
2.4931831061035368
2.493283109436981
2.4933831127704256
2.49348311610387
2.4935831194373144
2.4936831227707588
2.493783126104203
2.493883129437648
2.4939831327710924
2.494083136104537
2.494183139437981
2.4942831427714256
2.49438314610487
2.4944831494383144
2.494583152771759
2.494683156105203
2.494783159438648
2.4948831627720924
2.494983166105537
2.4950831694389812
2.4951831727724256
2.49528317610587
2.4953831794393144
2.495483182772759
2.495583186106203
2.495683189439648
2.4957831927730925
2.495883196106537
2.4959831994399813
2.4960832027734257
2.49618320610687
2.4962832094403145
2.496383212773759
2.4964832161072033
2.496583219440648
2.4966832227740925
2.496783226107537
2.4968832294409813
2.4969832327744257
2.49708323610787
2.4971832394413145
2.497283242774759
2.4973832461082033
2.497483249441648
2.4975832527750925
2.497683256108537
2.4977832594419813
2.4978832627754257
2.49798326610887
2.4980832694423145
2.498183272775759
2.4982832761092033
2.498383279442648
2.4984832827760926
2.498583286109537
2.4986832894429813
2.4987832927764257
2.49888329610987
2.4989832994433145
2.499083302776759
2.499183306110204
2.499283309443648
2.4993833127770926
2.499483316110537
2.4995833194439814
2.4996833227774258
2.49978332611087
2.4998833294443146
2.499983332777759
2.500083336111204
2.500183339444648
2.5002833427780926
2.500383346111537
2.5004833494449814
2.500583352778426
2.50068335611187
2.5007833594453146
2.500883362778759
2.500983366112204
2.5010833694456482
2.5011833727790926
2.501283376112537
2.5013833794459814
2.501483382779426
2.5015833861128702
2.5016833894463146
2.501783392779759
2.501883396113204
2.5019833994466483
2.5020834027800927
2.502183406113537
2.5022834094469815
2.502383412780426
2.5024834161138703
2.5025834194473147
2.502683422780759
2.502783426114204
2.5028834294476483
2.5029834327810927
2.503083436114537
2.5031834394479815
2.503283442781426
2.5033834461148703
2.5034834494483147
2.503583452781759
2.503683456115204
2.5037834594486483
2.5038834627820927
2.503983466115537
2.5040834694489815
2.504183472782426
2.5042834761158703
2.5043834794493147
2.504483482782759
2.504583486116204
2.5046834894496484
2.5047834927830928
2.504883496116537
2.5049834994499816
2.505083502783426
2.5051835061168704
2.5052835094503147
2.505383512783759
2.505483516117204
2.5055835194506484
2.505683522784093
2.505783526117537
2.5058835294509816
2.505983532784426
2.5060835361178704
2.506183539451315
2.506283542784759
2.506383546118204
2.5064835494516484
2.506583552785093
2.506683556118537
2.5067835594519816
2.506883562785426
2.5069835661188704
2.507083569452315
2.507183572785759
2.507283576119204
2.5073835794526484
2.507483582786093
2.5075835861195372
2.5076835894529816
2.507783592786426
2.5078835961198704
2.507983599453315
2.5080836027867592
2.508183606120204
2.5082836094536485
2.508383612787093
2.5084836161205373
2.5085836194539817
2.508683622787426
2.5087836261208705
2.508883629454315
2.5089836327877593
2.509083636121204
2.5091836394546485
2.509283642788093
2.5093836461215373
2.5094836494549817
2.509583652788426
2.5096836561218705
2.509783659455315
2.5098836627887593
2.509983666122204
2.5100836694556485
2.510183672789093
2.5102836761225373
2.5103836794559817
2.510483682789426
2.5105836861228705
2.510683689456315
2.5107836927897598
2.510883696123204
2.5109836994566486
2.511083702790093
2.5111837061235374
2.5112837094569818
2.511383712790426
2.5114837161238706
2.511583719457315
2.51168372279076
2.511783726124204
2.5118837294576486
2.511983732791093
2.5120837361245374
2.512183739457982
2.512283742791426
2.5123837461248706
2.512483749458315
2.51258375279176
2.5126837561252042
2.5127837594586486
2.512883762792093
2.5129837661255374
2.513083769458982
2.513183772792426
2.5132837761258706
2.513383779459315
2.51348378279276
2.5135837861262043
2.5136837894596487
2.513783792793093
2.5138837961265375
2.513983799459982
2.5140838027934262
2.5141838061268706
2.514283809460315
2.51438381279376
2.5144838161272043
2.5145838194606487
2.514683822794093
2.5147838261275375
2.514883829460982
2.5149838327944263
2.5150838361278707
2.515183839461315
2.51528384279476
2.5153838461282043
2.5154838494616487
2.515583852795093
2.5156838561285375
2.515783859461982
2.5158838627954263
2.5159838661288707
2.516083869462315
2.51618387279576
2.5162838761292043
2.5163838794626487
2.516483882796093
2.5165838861295375
2.516683889462982
2.5167838927964263
2.5168838961298707
2.516983899463315
2.51708390279676
2.5171839061302044
2.5172839094636488
2.517383912797093
2.5174839161305376
2.517583919463982
2.5176839227974264
2.5177839261308708
2.517883929464315
2.51798393279776
2.5180839361312044
2.518183939464649
2.518283942798093
2.5183839461315376
2.518483949464982
2.5185839527984264
2.518683956131871
2.518783959465315
2.51888396279876
2.5189839661322044
2.519083969465649
2.5191839727990932
2.5192839761325376
2.519383979465982
2.5194839827994264
2.519583986132871
2.519683989466315
2.51978399279976
2.5198839961332045
2.519983999466649
2.5200840028000933
2.5201840061335377
2.520284009466982
2.5203840128004265
2.520484016133871
2.5205840194673153
2.52068402280076
2.5207840261342045
2.520884029467649
2.5209840328010933
2.5210840361345377
2.521184039467982
2.5212840428014265
2.521384046134871
2.5214840494683153
2.52158405280176
2.5216840561352045
2.521784059468649
2.5218840628020933
2.5219840661355377
2.522084069468982
2.5221840728024265
2.522284076135871
2.5223840794693158
2.52248408280276
2.5225840861362046
2.522684089469649
2.5227840928030933
2.5228840961365377
2.522984099469982
2.5230841028034265
2.523184106136871
2.523284109470316
2.52338411280376
2.5234841161372046
2.523584119470649
2.5236841228040934
2.5237841261375378
2.523884129470982
2.5239841328044266
2.524084136137871
2.524184139471316
2.52428414280476
2.5243841461382046
2.524484149471649
2.5245841528050934
2.524684156138538
2.524784159471982
2.5248841628054266
2.524984166138871
2.525084169472316
2.5251841728057602
2.5252841761392046
2.525384179472649
2.5254841828060934
2.525584186139538
2.5256841894729822
2.5257841928064266
2.525884196139871
2.525984199473316
2.5260842028067603
2.5261842061402047
2.526284209473649
2.5263842128070935
2.526484216140538
2.5265842194739823
2.5266842228074267
2.526784226140871
2.526884229474316
2.5269842328077603
2.5270842361412047
2.527184239474649
2.5272842428080935
2.527384246141538
2.5274842494749823
2.5275842528084267
2.527684256141871
2.527784259475316
2.5278842628087603
2.5279842661422047
2.528084269475649
2.5281842728090935
2.528284276142538
2.5283842794759823
2.5284842828094267
2.528584286142871
2.528684289476316
2.5287842928097604
2.5288842961432048
2.528984299476649
2.5290843028100936
2.529184306143538
2.5292843094769824
2.5293843128104267
2.529484316143871
2.529584319477316
2.5296843228107604
2.529784326144205
2.529884329477649
2.5299843328110936
2.530084336144538
2.5301843394779824
2.530284342811427
2.530384346144871
2.530484349478316
2.5305843528117604
2.530684356145205
2.530784359478649
2.5308843628120936
2.530984366145538
2.5310843694789824
2.531184372812427
2.531284376145871
2.531384379479316
2.5314843828127604
2.531584386146205
2.5316843894796492
2.5317843928130936
2.531884396146538
2.5319843994799824
2.532084402813427
2.5321844061468712
2.532284409480316
2.5323844128137605
2.532484416147205
2.5325844194806493
2.5326844228140937
2.532784426147538
2.5328844294809825
2.532984432814427
2.5330844361478713
2.533184439481316
2.5332844428147605
2.533384446148205
2.5334844494816493
2.5335844528150937
2.533684456148538
2.5337844594819825
2.533884462815427
2.5339844661488717
2.534084469482316
2.5341844728157605
2.534284476149205
2.5343844794826493
2.5344844828160937
2.534584486149538
2.5346844894829825
2.534784492816427
2.5348844961498718
2.534984499483316
2.5350845028167606
2.535184506150205
2.5352845094836494
2.5353845128170938
2.535484516150538
2.5355845194839826
2.535684522817427
2.535784526150872
2.535884529484316
2.5359845328177606
2.536084536151205
2.5361845394846494
2.536284542818094
2.536384546151538
2.5364845494849826
2.536584552818427
2.536684556151872
2.5367845594853162
2.5368845628187606
2.536984566152205
2.5370845694856494
2.537184572819094
2.537284576152538
2.5373845794859826
2.537484582819427
2.537584586152872
2.5376845894863163
2.5377845928197607
2.537884596153205
2.5379845994866495
2.538084602820094
2.5381846061535382
2.5382846094869826
2.538384612820427
2.538484616153872
2.5385846194873163
2.5386846228207607
2.538784626154205
2.5388846294876495
2.538984632821094
2.5390846361545383
2.5391846394879827
2.539284642821427
2.539384646154872
2.5394846494883163
2.5395846528217607
2.539684656155205
2.5397846594886495
2.539884662822094
2.5399846661555383
2.5400846694889827
2.540184672822427
2.540284676155872
2.5403846794893163
2.5404846828227607
2.540584686156205
2.5406846894896495
2.540784692823094
2.5408846961565383
2.5409846994899827
2.541084702823427
2.541184706156872
2.5412847094903164
2.5413847128237608
2.541484716157205
2.5415847194906496
2.541684722824094
2.5417847261575384
2.5418847294909828
2.541984732824427
2.542084736157872
2.5421847394913164
2.542284742824761
2.542384746158205
2.5424847494916496
2.542584752825094
2.5426847561585384
2.542784759491983
2.542884762825427
2.542984766158872
2.5430847694923164
2.543184772825761
2.5432847761592052
2.5433847794926496
2.543484782826094
2.5435847861595384
2.543684789492983
2.543784792826427
2.543884796159872
2.5439847994933165
2.544084802826761
2.5441848061602053
2.5442848094936497
2.544384812827094
2.5444848161605385
2.544584819493983
2.5446848228274273
2.544784826160872
2.5448848294943165
2.544984832827761
2.5450848361612053
2.5451848394946497
2.545284842828094
2.5453848461615385
2.545484849494983
2.5455848528284277
2.545684856161872
2.5457848594953165
2.545884862828761
2.5459848661622053
2.5460848694956497
2.546184872829094
2.5462848761625385
2.546384879495983
2.5464848828294278
2.546584886162872
2.5466848894963166
2.546784892829761
2.5468848961632053
2.5469848994966497
2.547084902830094
2.5471849061635385
2.547284909496983
2.547384912830428
2.547484916163872
2.5475849194973166
2.547684922830761
2.5477849261642054
2.5478849294976498
2.547984932831094
2.5480849361645386
2.548184939497983
2.548284942831428
2.548384946164872
2.5484849494983166
2.548584952831761
2.5486849561652054
2.54878495949865
2.548884962832094
2.5489849661655386
2.549084969498983
2.549184972832428
2.5492849761658722
2.5493849794993166
2.549484982832761
2.5495849861662054
2.54968498949965
2.5497849928330942
2.5498849961665386
2.549984999499983
2.550085002833428
2.5501850061668723
2.5502850095003167
2.550385012833761
2.5504850161672055
2.55058501950065
2.5506850228340943
2.5507850261675387
2.550885029500983
2.550985032834428
2.5510850361678723
2.5511850395013167
2.551285042834761
2.5513850461682055
2.55148504950165
2.5515850528350943
2.5516850561685387
2.551785059501983
2.551885062835428
2.5519850661688723
2.5520850695023167
2.552185072835761
2.5522850761692055
2.55238507950265
2.5524850828360943
2.5525850861695387
2.552685089502983
2.552785092836428
2.5528850961698724
2.5529850995033168
2.553085102836761
2.5531851061702056
2.55328510950365
2.5533851128370944
2.5534851161705387
2.553585119503983
2.553685122837428
2.5537851261708724
2.553885129504317
2.553985132837761
2.5540851361712056
2.55418513950465
2.5542851428380944
2.554385146171539
2.554485149504983
2.554585152838428
2.5546851561718724
2.554785159505317
2.554885162838761
2.5549851661722056
2.55508516950565
2.5551851728390944
2.555285176172539
2.555385179505983
2.555485182839428
2.5555851861728724
2.555685189506317
2.5557851928397612
2.5558851961732056
2.55598519950665
2.5560852028400944
2.556185206173539
2.5562852095069832
2.556385212840428
2.5564852161738725
2.556585219507317
2.5566852228407613
2.5567852261742057
2.55688522950765
2.5569852328410945
2.557085236174539
2.5571852395079837
2.557285242841428
2.5573852461748725
2.557485249508317
2.5575852528417613
2.5576852561752057
2.55778525950865
2.5578852628420945
2.557985266175539
2.5580852695089837
2.558185272842428
2.5582852761758725
2.558385279509317
2.5584852828427613
2.5585852861762057
2.55868528950965
2.5587852928430945
2.558885296176539
2.5589852995099838
2.559085302843428
2.5591853061768726
2.559285309510317
2.5593853128437614
2.5594853161772058
2.55958531951065
2.5596853228440946
2.559785326177539
2.559885329510984
2.559985332844428
2.5600853361778726
2.560185339511317
2.5602853428447614
2.560385346178206
2.56048534951165
2.5605853528450946
2.560685356178539
2.560785359511984
2.5608853628454282
2.5609853661788726
2.561085369512317
2.5611853728457614
2.561285376179206
2.56138537951265
2.5614853828460946
2.561585386179539
2.561685389512984
2.5617853928464283
2.5618853961798727
2.561985399513317
2.5620854028467615
2.562185406180206
2.5622854095136502
2.5623854128470946
2.562485416180539
2.562585419513984
2.5626854228474283
2.5627854261808727
2.562885429514317
2.5629854328477615
2.563085436181206
2.5631854395146503
2.5632854428480947
2.563385446181539
2.563485449514984
2.5635854528484283
2.5636854561818727
2.563785459515317
2.5638854628487615
2.563985466182206
2.5640854695156503
2.5641854728490947
2.564285476182539
2.564385479515984
2.5644854828494283
2.5645854861828727
2.564685489516317
2.5647854928497615
2.564885496183206
2.5649854995166503
2.5650855028500947
2.565185506183539
2.565285509516984
2.5653855128504284
2.5654855161838728
2.565585519517317
2.5656855228507616
2.565785526184206
2.5658855295176504
2.5659855328510948
2.566085536184539
2.566185539517984
2.5662855428514284
2.566385546184873
2.566485549518317
2.5665855528517616
2.566685556185206
2.5667855595186504
2.566885562852095
2.566985566185539
2.567085569518984
2.5671855728524284
2.567285576185873
2.5673855795193172
2.5674855828527616
2.567585586186206
2.5676855895196504
2.567785592853095
2.567885596186539
2.567985599519984
2.5680856028534285
2.568185606186873
2.5682856095203173
2.5683856128537617
2.568485616187206
2.5685856195206505
2.568685622854095
2.5687856261875393
2.568885629520984
2.5689856328544285
2.569085636187873
2.5691856395213173
2.5692856428547617
2.569385646188206
2.5694856495216505
2.569585652855095
2.5696856561885397
2.569785659521984
2.5698856628554285
2.569985666188873
2.5700856695223173
2.5701856728557617
2.570285676189206
2.5703856795226505
2.570485682856095
2.5705856861895398
2.570685689522984
2.5707856928564286
2.570885696189873
2.5709856995233173
2.5710857028567617
2.571185706190206
2.5712857095236505
2.571385712857095
2.57148571619054
2.571585719523984
2.5716857228574286
2.571785726190873
2.5718857295243174
2.5719857328577618
2.572085736191206
2.5721857395246506
2.572285742858095
2.57238574619154
2.572485749524984
2.5725857528584286
2.572685756191873
2.5727857595253174
2.572885762858762
2.572985766192206
2.5730857695256506
2.573185772859095
2.57328577619254
2.5733857795259842
2.5734857828594286
2.573585786192873
2.5736857895263174
2.573785792859762
2.5738857961932062
2.5739857995266506
2.574085802860095
2.57418580619354
2.5742858095269843
2.5743858128604287
2.574485816193873
2.5745858195273175
2.574685822860762
2.5747858261942063
2.5748858295276507
2.574985832861095
2.57508583619454
2.5751858395279843
2.5752858428614287
2.575385846194873
2.5754858495283175
2.575585852861762
2.5756858561952063
2.5757858595286507
2.575885862862095
2.57598586619554
2.5760858695289843
2.5761858728624287
2.576285876195873
2.5763858795293175
2.576485882862762
2.5765858861962063
2.5766858895296507
2.576785892863095
2.57688589619654
2.5769858995299844
2.5770859028634288
2.577185906196873
2.5772859095303176
2.577385912863762
2.5774859161972064
2.5775859195306507
2.577685922864095
2.57778592619754
2.5778859295309844
2.577985932864429
2.578085936197873
2.5781859395313176
2.578285942864762
2.5783859461982064
2.578485949531651
2.578585952865095
2.57868595619854
2.5787859595319844
2.578885962865429
2.578985966198873
2.5790859695323176
2.579185972865762
2.5792859761992064
2.579385979532651
2.579485982866095
2.57958598619954
2.5796859895329844
2.579785992866429
2.5798859961998732
2.5799859995333176
2.580086002866762
2.5801860062002064
2.580286009533651
2.5803860128670952
2.58048601620054
2.5805860195339845
2.580686022867429
2.5807860262008733
2.5808860295343177
2.580986032867762
2.5810860362012065
2.581186039534651
2.5812860428680957
2.58138604620154
2.5814860495349845
2.581586052868429
2.5816860562018733
2.5817860595353177
2.581886062868762
2.5819860662022065
2.582086069535651
2.5821860728690957
2.58228607620254
2.5823860795359845
2.582486082869429
2.5825860862028733
2.5826860895363177
2.582786092869762
2.5828860962032065
2.582986099536651
2.5830861028700958
2.58318610620354
2.5832861095369846
2.583386112870429
2.5834861162038734
2.5835861195373178
2.583686122870762
2.5837861262042066
2.583886129537651
2.583986132871096
2.58408613620454
2.5841861395379846
2.584286142871429
2.5843861462048734
2.584486149538318
2.584586152871762
2.5846861562052066
2.584786159538651
2.584886162872096
2.5849861662055402
2.5850861695389846
2.585186172872429
2.5852861762058734
2.585386179539318
2.585486182872762
2.5855861862062066
2.585686189539651
2.585786192873096
2.5858861962065403
2.5859861995399847
2.586086202873429
2.5861862062068735
2.586286209540318
2.5863862128737622
2.5864862162072066
2.586586219540651
2.586686222874096
2.5867862262075403
2.5868862295409847
2.586986232874429
2.5870862362078735
2.587186239541318
2.5872862428747623
2.5873862462082067
2.587486249541651
2.587586252875096
2.5876862562085403
2.5877862595419847
2.587886262875429
2.5879862662088735
2.588086269542318
2.5881862728757623
2.5882862762092067
2.588386279542651
2.588486282876096
2.5885862862095403
2.5886862895429847
2.588786292876429
2.5888862962098735
2.588986299543318
2.5890863028767623
2.5891863062102067
2.589286309543651
2.589386312877096
2.5894863162105404
2.5895863195439848
2.589686322877429
2.5897863262108736
2.589886329544318
2.5899863328777624
2.5900863362112068
2.590186339544651
2.590286342878096
2.5903863462115404
2.590486349544985
2.590586352878429
2.5906863562118736
2.590786359545318
2.5908863628787624
2.590986366212207
2.591086369545651
2.591186372879096
2.5912863762125404
2.591386379545985
2.5914863828794292
2.5915863862128736
2.591686389546318
2.5917863928797624
2.591886396213207
2.591986399546651
2.592086402880096
2.5921864062135405
2.592286409546985
2.5923864128804293
2.5924864162138737
2.592586419547318
2.5926864228807625
2.592786426214207
2.5928864295476517
2.592986432881096
2.5930864362145405
2.593186439547985
2.5932864428814293
2.5933864462148737
2.593486449548318
2.5935864528817625
2.593686456215207
2.5937864595486517
2.593886462882096
2.5939864662155405
2.594086469548985
2.5941864728824293
2.5942864762158737
2.594386479549318
2.5944864828827625
2.594586486216207
2.5946864895496518
2.594786492883096
2.5948864962165406
2.594986499549985
2.5950865028834293
2.5951865062168737
2.595286509550318
2.5953865128837625
2.595486516217207
2.595586519550652
2.595686522884096
2.5957865262175406
2.595886529550985
2.5959865328844294
2.5960865362178738
2.596186539551318
2.5962865428847626
2.596386546218207
2.596486549551652
2.596586552885096
2.5966865562185406
2.596786559551985
2.5968865628854294
2.596986566218874
2.597086569552318
2.5971865728857626
2.597286576219207
2.597386579552652
2.5974865828860962
2.5975865862195406
2.597686589552985
2.5977865928864294
2.597886596219874
2.5979865995533182
2.5980866028867626
2.598186606220207
2.598286609553652
2.5983866128870963
2.5984866162205407
2.598586619553985
2.5986866228874295
2.598786626220874
2.5988866295543183
2.5989866328877627
2.599086636221207
2.599186639554652
2.5992866428880963
2.5993866462215407
2.599486649554985
2.5995866528884295
2.599686656221874
2.5997866595553183
2.5998866628887627
2.599986666222207
2.600086669555652
2.6001866728890963
2.6002866762225407
2.600386679555985
2.6004866828894295
2.600586686222874
2.6006866895563183
2.6007866928897627
2.600886696223207
2.600986699556652
2.6010867028900964
2.6011867062235408
2.601286709556985
2.6013867128904296
2.601486716223874
2.6015867195573184
2.6016867228907627
2.601786726224207
2.601886729557652
2.6019867328910964
2.602086736224541
2.602186739557985
2.6022867428914296
2.602386746224874
2.6024867495583184
2.602586752891763
2.602686756225207
2.602786759558652
2.6028867628920964
2.602986766225541
2.603086769558985
2.6031867728924296
2.603286776225874
2.6033867795593184
2.603486782892763
2.603586786226207
2.603686789559652
2.6037867928930964
2.603886796226541
2.6039867995599852
2.6040868028934296
2.604186806226874
2.6042868095603184
2.604386812893763
2.6044868162272077
2.604586819560652
2.6046868228940965
2.604786826227541
2.6048868295609853
2.6049868328944297
2.605086836227874
2.6051868395613185
2.605286842894763
2.6053868462282077
2.605486849561652
2.6055868528950965
2.605686856228541
2.6057868595619853
2.6058868628954297
2.605986866228874
2.6060868695623185
2.606186872895763
2.6062868762292077
2.606386879562652
2.6064868828960965
2.606586886229541
2.6066868895629853
2.6067868928964297
2.606886896229874
2.6069868995633185
2.607086902896763
2.6071869062302078
2.607286909563652
2.6073869128970966
2.607486916230541
2.6075869195639854
2.6076869228974298
2.607786926230874
2.6078869295643186
2.607986932897763
2.608086936231208
2.608186939564652
2.6082869428980966
2.608386946231541
2.6084869495649854
2.60858695289843
2.608686956231874
2.6087869595653186
2.608886962898763
2.608986966232208
2.6090869695656522
2.6091869728990966
2.609286976232541
2.6093869795659854
2.60948698289943
2.609586986232874
2.6096869895663186
2.609786992899763
2.609886996233208
2.6099869995666523
2.6100870029000967
2.610187006233541
2.6102870095669854
2.61038701290043
2.6104870162338742
2.6105870195673186
2.610687022900763
2.610787026234208
2.6108870295676523
2.6109870329010967
2.611087036234541
2.6111870395679855
2.61128704290143
2.6113870462348743
2.6114870495683187
2.611587052901763
2.611687056235208
2.6117870595686523
2.6118870629020967
2.611987066235541
2.6120870695689855
2.61218707290243
2.6122870762358743
2.6123870795693187
2.612487082902763
2.612587086236208
2.6126870895696523
2.6127870929030967
2.612887096236541
2.6129870995699855
2.61308710290343
2.6131871062368743
2.6132871095703187
2.613387112903763
2.613487116237208
2.6135871195706524
2.6136871229040968
2.613787126237541
2.6138871295709856
2.61398713290443
2.6140871362378744
2.6141871395713188
2.614287142904763
2.614387146238208
2.6144871495716524
2.614587152905097
2.614687156238541
2.6147871595719856
2.61488716290543
2.6149871662388744
2.615087169572319
2.615187172905763
2.615287176239208
2.6153871795726524
2.615487182906097
2.6155871862395412
2.6156871895729856
2.61578719290643
2.6158871962398744
2.615987199573319
2.6160872029067637
2.616187206240208
2.6162872095736525
2.616387212907097
2.6164872162405413
2.6165872195739857
2.61668722290743
2.6167872262408745
2.616887229574319
2.6169872329077637
2.617087236241208
2.6171872395746525
2.617287242908097
2.6173872462415413
2.6174872495749857
2.61758725290843
2.6176872562418745
2.617787259575319
2.6178872629087637
2.617987266242208
2.6180872695756525
2.618187272909097
2.6182872762425413
2.6183872795759857
2.61848728290943
2.6185872862428745
2.618687289576319
2.6187872929097638
2.618887296243208
2.6189872995766525
2.619087302910097
2.6191873062435413
2.6192873095769857
2.61938731291043
2.6194873162438745
2.619587319577319
2.619687322910764
2.619787326244208
2.6198873295776526
2.619987332911097
2.6200873362445414
2.6201873395779858
2.62028734291143
2.6203873462448746
2.620487349578319
2.620587352911764
2.620687356245208
2.6207873595786526
2.620887362912097
2.6209873662455414
2.621087369578986
2.62118737291243
2.6212873762458746
2.621387379579319
2.621487382912764
2.6215873862462082
2.6216873895796526
2.621787392913097
2.6218873962465414
2.621987399579986
2.6220874029134302
2.6221874062468746
2.622287409580319
2.622387412913764
2.6224874162472083
2.6225874195806527
2.622687422914097
2.6227874262475415
2.622887429580986
2.6229874329144303
2.6230874362478747
2.623187439581319
2.623287442914764
2.6233874462482083
2.6234874495816527
2.623587452915097
2.6236874562485415
2.623787459581986
2.6238874629154303
2.6239874662488747
2.624087469582319
2.624187472915764
2.6242874762492083
2.6243874795826527
2.624487482916097
2.6245874862495415
2.624687489582986
2.6247874929164303
2.6248874962498747
2.624987499583319
2.625087502916764
2.6251875062502084
2.6252875095836528
2.625387512917097
2.6254875162505416
2.625587519583986
2.6256875229174303
2.6257875262508747
2.625887529584319
2.625987532917764
2.6260875362512084
2.626187539584653
2.626287542918097
2.6263875462515416
2.626487549584986
2.6265875529184304
2.6266875562518748
2.626787559585319
2.626887562918764
2.6269875662522084
2.627087569585653
2.627187572919097
2.6272875762525416
2.627387579585986
2.6274875829194304
2.627587586252875
2.6276875895863196
2.627787592919764
2.6278875962532084
2.627987599586653
2.6280876029200972
2.6281876062535416
2.628287609586986
2.6283876129204304
2.628487616253875
2.6285876195873197
2.628687622920764
2.6287876262542085
2.628887629587653
2.6289876329210973
2.6290876362545417
2.629187639587986
2.6292876429214305
2.629387646254875
2.6294876495883197
2.629587652921764
2.6296876562552085
2.629787659588653
2.6298876629220973
2.6299876662555417
2.630087669588986
2.6301876729224305
2.630287676255875
2.6303876795893197
2.630487682922764
2.6305876862562085
2.630687689589653
2.6307876929230973
2.6308876962565417
2.630987699589986
2.6310877029234305
2.631187706256875
2.6312877095903198
2.631387712923764
2.6314877162572086
2.631587719590653
2.6316877229240974
2.6317877262575418
2.631887729590986
2.6319877329244306
2.632087736257875
2.63218773959132
2.632287742924764
2.6323877462582086
2.632487749591653
2.6325877529250974
2.632687756258542
2.632787759591986
2.6328877629254306
2.632987766258875
2.63308776959232
2.6331877729257642
2.6332877762592086
2.633387779592653
2.6334877829260974
2.633587786259542
2.633687789592986
2.6337877929264306
2.633887796259875
2.63398779959332
2.6340878029267643
2.6341878062602087
2.634287809593653
2.6343878129270974
2.634487816260542
2.6345878195939862
2.6346878229274306
2.634787826260875
2.63488782959432
2.6349878329277643
2.6350878362612087
2.635187839594653
2.6352878429280975
2.635387846261542
2.6354878495949863
2.6355878529284307
2.635687856261875
2.63578785959532
2.6358878629287643
2.6359878662622087
2.636087869595653
2.6361878729290975
2.636287876262542
2.6363878795959863
2.6364878829294307
2.636587886262875
2.63668788959632
2.6367878929297643
2.6368878962632087
2.636987899596653
2.6370879029300975
2.637187906263542
2.6372879095969863
2.6373879129304307
2.637487916263875
2.63758791959732
2.6376879229307644
2.6377879262642088
2.637887929597653
2.6379879329310976
2.638087936264542
2.6381879395979864
2.6382879429314308
2.638387946264875
2.63848794959832
2.6385879529317644
2.638687956265209
2.638787959598653
2.6388879629320976
2.638987966265542
2.6390879695989864
2.639187972932431
2.6392879762658756
2.63938797959932
2.6394879829327644
2.639587986266209
2.6396879895996532
2.6397879929330976
2.639887996266542
2.6399879995999864
2.640088002933431
2.6401880062668757
2.64028800960032
2.6403880129337645
2.640488016267209
2.6405880196006533
2.6406880229340977
2.640788026267542
2.6408880296009865
2.640988032934431
2.6410880362678757
2.64118803960132
2.6412880429347645
2.641388046268209
2.6414880496016533
2.6415880529350977
2.641688056268542
2.6417880596019865
2.641888062935431
2.6419880662688757
2.64208806960232
2.6421880729357645
2.642288076269209
2.6423880796026533
2.6424880829360977
2.642588086269542
2.6426880896029865
2.642788092936431
2.6428880962698758
2.64298809960332
2.6430881029367645
2.643188106270209
2.6432881096036533
2.6433881129370977
2.643488116270542
2.6435881196039865
2.643688122937431
2.643788126270876
2.64388812960432
2.6439881329377646
2.644088136271209
2.6441881396046534
2.6442881429380978
2.644388146271542
2.6444881496049866
2.644588152938431
2.644688156271876
2.64478815960532
2.6448881629387646
2.644988166272209
2.6450881696056534
2.645188172939098
2.645288176272542
2.6453881796059866
2.645488182939431
2.645588186272876
2.6456881896063202
2.6457881929397646
2.645888196273209
2.6459881996066534
2.646088202940098
2.6461882062735422
2.6462882096069866
2.646388212940431
2.646488216273876
2.6465882196073203
2.6466882229407647
2.646788226274209
2.6468882296076535
2.646988232941098
2.6470882362745423
2.6471882396079867
2.647288242941431
2.647388246274876
2.6474882496083203
2.6475882529417647
2.647688256275209
2.6477882596086535
2.647888262942098
2.6479882662755423
2.6480882696089867
2.648188272942431
2.648288276275876
2.6483882796093203
2.6484882829427647
2.648588286276209
2.6486882896096535
2.648788292943098
2.6488882962765423
2.6489882996099867
2.649088302943431
2.649188306276876
2.6492883096103204
2.6493883129437648
2.649488316277209
2.6495883196106536
2.649688322944098
2.6497883262775423
2.6498883296109867
2.649988332944431
2.650088336277876
2.6501883396113204
2.650288342944765
2.650388346278209
2.6504883496116536
2.650588352945098
2.6506883562785424
2.6507883596119868
2.6508883629454316
2.650988366278876
2.6510883696123204
2.651188372945765
2.651288376279209
2.6513883796126536
2.651488382946098
2.6515883862795424
2.651688389612987
2.6517883929464316
2.651888396279876
2.6519883996133204
2.652088402946765
2.6521884062802092
2.6522884096136536
2.652388412947098
2.6524884162805424
2.652588419613987
2.6526884229474317
2.652788426280876
2.6528884296143205
2.652988432947765
2.6530884362812093
2.6531884396146537
2.653288442948098
2.6533884462815425
2.653488449614987
2.6535884529484317
2.653688456281876
2.6537884596153205
2.653888462948765
2.6539884662822093
2.6540884696156537
2.654188472949098
2.6542884762825425
2.654388479615987
2.6544884829494317
2.654588486282876
2.6546884896163205
2.654788492949765
2.6548884962832093
2.6549884996166537
2.655088502950098
2.6551885062835425
2.655288509616987
2.6553885129504318
2.655488516283876
2.6555885196173206
2.655688522950765
2.6557885262842094
2.6558885296176538
2.655988532951098
2.6560885362845426
2.656188539617987
2.656288542951432
2.656388546284876
2.6564885496183206
2.656588552951765
2.6566885562852094
2.656788559618654
2.656888562952098
2.6569885662855426
2.657088569618987
2.657188572952432
2.6572885762858762
2.6573885796193206
2.657488582952765
2.6575885862862094
2.657688589619654
2.657788592953098
2.6578885962865426
2.657988599619987
2.658088602953432
2.6581886062868763
2.6582886096203207
2.658388612953765
2.6584886162872094
2.658588619620654
2.6586886229540982
2.6587886262875426
2.658888629620987
2.658988632954432
2.6590886362878763
2.6591886396213207
2.659288642954765
2.6593886462882095
2.659488649621654
2.6595886529550983
2.6596886562885427
2.659788659621987
2.659888662955432
2.6599886662888763
2.6600886696223207
2.660188672955765
2.6602886762892095
2.660388679622654
2.6604886829560983
2.6605886862895427
2.660688689622987
2.660788692956432
2.6608886962898763
2.6609886996233207
2.661088702956765
2.6611887062902095
2.661288709623654
2.6613887129570983
2.6614887162905427
2.661588719623987
2.661688722957432
2.6617887262908764
2.6618887296243208
2.661988732957765
2.6620887362912096
2.662188739624654
2.6622887429580984
2.6623887462915428
2.6624887496249876
2.662588752958432
2.6626887562918764
2.662788759625321
2.662888762958765
2.6629887662922096
2.663088769625654
2.6631887729590984
2.663288776292543
2.6633887796259876
2.663488782959432
2.6635887862928764
2.663688789626321
2.6637887929597652
2.6638887962932096
2.663988799626654
2.6640888029600984
2.664188806293543
2.6642888096269877
2.664388812960432
2.6644888162938765
2.664588819627321
2.6646888229607653
2.6647888262942097
2.664888829627654
2.6649888329610985
2.665088836294543
2.6651888396279877
2.665288842961432
2.6653888462948765
2.665488849628321
2.6655888529617653
2.6656888562952097
2.665788859628654
2.6658888629620985
2.665988866295543
2.6660888696289877
2.666188872962432
2.6662888762958765
2.666388879629321
2.6664888829627653
2.6665888862962097
2.666688889629654
2.6667888929630985
2.666888896296543
2.6669888996299878
2.667088902963432
2.6671889062968765
2.667288909630321
2.6673889129637653
2.6674889162972097
2.667588919630654
2.6676889229640985
2.667788926297543
2.667888929630988
2.667988932964432
2.6680889362978766
2.668188939631321
2.6682889429647654
2.6683889462982098
2.668488949631654
2.6685889529650986
2.668688956298543
2.668788959631988
2.668888962965432
2.6689889662988766
2.669088969632321
2.6691889729657654
2.66928897629921
2.669388979632654
2.6694889829660986
2.669588986299543
2.669688989632988
2.6697889929664322
2.6698889962998766
2.669988999633321
2.6700890029667654
2.67018900630021
2.6702890096336542
2.6703890129670986
2.670489016300543
2.670589019633988
2.6706890229674323
2.6707890263008767
2.670889029634321
2.6709890329677655
2.67108903630121
2.6711890396346543
2.6712890429680987
2.671389046301543
2.671489049634988
2.6715890529684323
2.6716890563018767
2.671789059635321
2.6718890629687655
2.67198906630221
2.6720890696356543
2.6721890729690987
2.672289076302543
2.672389079635988
2.6724890829694323
2.6725890863028767
2.672689089636321
2.6727890929697655
2.67288909630321
2.6729890996366543
2.6730891029700987
2.673189106303543
2.673289109636988
2.6733891129704324
2.6734891163038768
2.673589119637321
2.6736891229707656
2.67378912630421
2.6738891296376543
2.6739891329710987
2.674089136304543
2.674189139637988
2.6742891429714324
2.674389146304877
2.674489149638321
2.6745891529717656
2.67468915630521
2.6747891596386544
2.6748891629720988
2.6749891663055436
2.675089169638988
2.6751891729724324
2.675289176305877
2.675389179639321
2.6754891829727656
2.67558918630621
2.6756891896396544
2.675789192973099
2.6758891963065436
2.675989199639988
2.6760892029734324
2.676189206306877
2.6762892096403212
2.6763892129737656
2.67648921630721
2.6765892196406544
2.676689222974099
2.6767892263075437
2.676889229640988
2.6769892329744325
2.677089236307877
2.6771892396413213
2.6772892429747657
2.67738924630821
2.6774892496416545
2.677589252975099
2.6776892563085437
2.677789259641988
2.6778892629754325
2.677989266308877
2.6780892696423213
2.6781892729757657
2.67828927630921
2.6783892796426545
2.678489282976099
2.6785892863095437
2.678689289642988
2.6787892929764325
2.678889296309877
2.6789892996433213
2.6790893029767657
2.67918930631021
2.6792893096436545
2.679389312977099
2.6794893163105438
2.679589319643988
2.6796893229774326
2.679789326310877
2.6798893296443214
2.6799893329777658
2.68008933631121
2.6801893396446546
2.680289342978099
2.680389346311544
2.680489349644988
2.6805893529784326
2.680689356311877
2.6807893596453214
2.680889362978766
2.68098936631221
2.6810893696456546
2.681189372979099
2.681289376312544
2.6813893796459882
2.6814893829794326
2.681589386312877
2.6816893896463214
2.681789392979766
2.68188939631321
2.6819893996466546
2.682089402980099
2.682189406313544
2.6822894096469883
2.6823894129804327
2.682489416313877
2.6825894196473214
2.682689422980766
2.6827894263142102
2.6828894296476546
2.682989432981099
2.683089436314544
2.6831894396479883
2.6832894429814327
2.683389446314877
2.6834894496483215
2.683589452981766
2.6836894563152103
2.6837894596486547
2.683889462982099
2.683989466315544
2.6840894696489883
2.6841894729824327
2.684289476315877
2.6843894796493215
2.684489482982766
2.6845894863162103
2.6846894896496547
2.684789492983099
2.684889496316544
2.6849894996499883
2.6850895029834327
2.685189506316877
2.6852895096503215
2.685389512983766
2.6854895163172103
2.6855895196506547
2.685689522984099
2.685789526317544
2.6858895296509884
2.6859895329844328
2.686089536317877
2.6861895396513216
2.686289542984766
2.6863895463182104
2.6864895496516548
2.6865895529850996
2.686689556318544
2.6867895596519884
2.686889562985433
2.686989566318877
2.6870895696523216
2.687189572985766
2.6872895763192104
2.687389579652655
2.6874895829860996
2.687589586319544
2.6876895896529884
2.687789592986433
2.6878895963198772
2.6879895996533216
2.688089602986766
2.6881896063202104
2.688289609653655
2.6883896129870997
2.688489616320544
2.6885896196539885
2.688689622987433
2.6887896263208773
2.6888896296543217
2.688989632987766
2.6890896363212105
2.689189639654655
2.6892896429880997
2.689389646321544
2.6894896496549885
2.689589652988433
2.6896896563218773
2.6897896596553217
2.689889662988766
2.6899896663222105
2.690089669655655
2.6901896729890997
2.690289676322544
2.6903896796559885
2.690489682989433
2.6905896863228773
2.6906896896563217
2.690789692989766
2.6908896963232105
2.690989699656655
2.6910897029900998
2.691189706323544
2.6912897096569885
2.691389712990433
2.6914897163238773
2.6915897196573217
2.691689722990766
2.6917897263242105
2.691889729657655
2.6919897329911
2.692089736324544
2.6921897396579886
2.692289742991433
2.6923897463248774
2.6924897496583218
2.692589752991766
2.6926897563252106
2.692789759658655
2.6928897629921
2.692989766325544
2.6930897696589886
2.693189772992433
2.6932897763258774
2.693389779659322
2.693489782992766
2.6935897863262106
2.693689789659655
2.6937897929931
2.6938897963265442
2.6939897996599886
2.694089802993433
2.6941898063268774
2.694289809660322
2.6943898129937662
2.6944898163272106
2.694589819660655
2.6946898229941
2.6947898263275443
2.6948898296609887
2.694989832994433
2.6950898363278775
2.695189839661322
2.6952898429947663
2.6953898463282107
2.695489849661655
2.6955898529951
2.6956898563285443
2.6957898596619887
2.695889862995433
2.6959898663288775
2.696089869662322
2.6961898729957663
2.6962898763292107
2.696389879662655
2.6964898829961
2.6965898863295443
2.6966898896629887
2.696789892996433
2.6968898963298775
2.696989899663322
2.6970899029967663
2.6971899063302107
2.697289909663655
2.6973899129971
2.6974899163305444
2.6975899196639888
2.697689922997433
2.6977899263308776
2.697889929664322
2.6979899329977663
2.6980899363312107
2.6981899396646556
2.6982899429981
2.6983899463315444
2.698489949664989
2.698589952998433
2.6986899563318776
2.698789959665322
2.6988899629987664
2.6989899663322108
2.6990899696656556
2.6991899729991
2.6992899763325444
2.699389979665989
2.699489982999433
2.6995899863328776
2.699689989666322
2.6997899929997664
2.699889996333211
2.6999899996666556
2.7000900030001
2.7001900063335444
2.700290009666989
2.7003900130004332
2.7004900163338776
2.700590019667322
2.7006900230007664
2.700790026334211
2.7008900296676557
2.7009900330011
2.7010900363345445
2.701190039667989
2.7012900430014333
2.7013900463348777
2.701490049668322
2.7015900530017665
2.701690056335211
2.7017900596686557
2.7018900630021
2.7019900663355445
2.702090069668989
2.7021900730024333
2.7022900763358777
2.702390079669322
2.7024900830027665
2.702590086336211
2.7026900896696557
2.7027900930031
2.7028900963365445
2.702990099669989
2.7030901030034333
2.7031901063368777
2.703290109670322
2.7033901130037665
2.703490116337211
2.7035901196706558
2.7036901230041
2.7037901263375446
2.703890129670989
2.7039901330044334
2.7040901363378778
2.704190139671322
2.7042901430047666
2.704390146338211
2.704490149671656
2.7045901530051
2.7046901563385446
2.704790159671989
2.7048901630054334
2.704990166338878
2.705090169672322
2.7051901730057666
2.705290176339211
2.705390179672656
2.7054901830061002
2.7055901863395446
2.705690189672989
2.7057901930064334
2.705890196339878
2.705990199673322
2.7060902030067666
2.706190206340211
2.706290209673656
2.7063902130071003
2.7064902163405447
2.706590219673989
2.7066902230074334
2.706790226340878
2.7068902296743222
2.7069902330077666
2.707090236341211
2.707190239674656
2.7072902430081003
2.7073902463415447
2.707490249674989
2.7075902530084335
2.707690256341878
2.7077902596753223
2.7078902630087667
2.707990266342211
2.708090269675656
2.7081902730091003
2.7082902763425447
2.708390279675989
2.7084902830094335
2.708590286342878
2.7086902896763223
2.7087902930097667
2.708890296343211
2.708990299676656
2.7090903030101003
2.7091903063435447
2.709290309676989
2.7093903130104335
2.709490316343878
2.7095903196773223
2.7096903230107667
2.7097903263442116
2.709890329677656
2.7099903330111004
2.7100903363445448
2.710190339677989
2.7102903430114336
2.710390346344878
2.7104903496783224
2.7105903530117668
2.7106903563452116
2.710790359678656
2.7108903630121004
2.710990366345545
2.711090369678989
2.7111903730124336
2.711290376345878
2.7113903796793224
2.711490383012767
2.7115903863462116
2.711690389679656
2.7117903930131004
2.711890396346545
2.7119903996799892
2.7120904030134336
2.712190406346878
2.7122904096803224
2.712390413013767
2.7124904163472117
2.712590419680656
2.7126904230141005
2.712790426347545
2.7128904296809893
2.7129904330144337
2.713090436347878
2.7131904396813225
2.713290443014767
2.7133904463482117
2.713490449681656
2.7135904530151005
2.713690456348545
2.7137904596819893
2.7138904630154337
2.713990466348878
2.7140904696823225
2.714190473015767
2.7142904763492117
2.714390479682656
2.7144904830161005
2.714590486349545
2.7146904896829893
2.7147904930164337
2.714890496349878
2.7149904996833225
2.715090503016767
2.7151905063502118
2.715290509683656
2.7153905130171005
2.715490516350545
2.7155905196839893
2.7156905230174337
2.715790526350878
2.7158905296843225
2.715990533017767
2.716090536351212
2.716190539684656
2.7162905430181006
2.716390546351545
2.7164905496849894
2.7165905530184338
2.716690556351878
2.7167905596853226
2.716890563018767
2.716990566352212
2.717090569685656
2.7171905730191006
2.717290576352545
2.7173905796859894
2.717490583019434
2.717590586352878
2.7176905896863226
2.717790593019767
2.717890596353212
2.7179905996866562
2.7180906030201006
2.718190606353545
2.7182906096869894
2.718390613020434
2.7184906163538782
2.7185906196873226
2.718690623020767
2.718790626354212
2.7188906296876563
2.7189906330211007
2.719090636354545
2.7191906396879895
2.719290643021434
2.7193906463548783
2.7194906496883227
2.719590653021767
2.719690656355212
2.7197906596886563
2.7198906630221007
2.719990666355545
2.7200906696889895
2.720190673022434
2.7202906763558783
2.7203906796893227
2.720490683022767
2.720590686356212
2.7206906896896563
2.7207906930231007
2.720890696356545
2.7209906996899895
2.721090703023434
2.7211907063568783
2.7212907096903227
2.7213907130237676
2.721490716357212
2.7215907196906564
2.7216907230241008
2.721790726357545
2.7218907296909896
2.721990733024434
2.7220907363578783
2.7221907396913227
2.7222907430247676
2.722390746358212
2.7224907496916564
2.722590753025101
2.722690756358545
2.7227907596919896
2.722890763025434
2.7229907663588784
2.7230907696923228
2.7231907730257676
2.723290776359212
2.7233907796926564
2.723490783026101
2.723590786359545
2.7236907896929896
2.723790793026434
2.7238907963598784
2.723990799693323
2.7240908030267676
2.724190806360212
2.7242908096936564
2.724390813027101
2.7244908163605452
2.7245908196939896
2.724690823027434
2.7247908263608784
2.724890829694323
2.7249908330277677
2.725090836361212
2.7251908396946565
2.725290843028101
2.7253908463615453
2.7254908496949897
2.725590853028434
2.7256908563618785
2.725790859695323
2.7258908630287677
2.725990866362212
2.7260908696956565
2.726190873029101
2.7262908763625453
2.7263908796959897
2.726490883029434
2.7265908863628785
2.726690889696323
2.7267908930297677
2.726890896363212
2.7269908996966565
2.727090903030101
2.7271909063635453
2.7272909096969897
2.727390913030434
2.7274909163638785
2.727590919697323
2.7276909230307678
2.727790926364212
2.7278909296976566
2.727990933031101
2.7280909363645454
2.7281909396979898
2.728290943031434
2.7283909463648786
2.728490949698323
2.728590953031768
2.728690956365212
2.7287909596986566
2.728890963032101
2.7289909663655454
2.72909096969899
2.729190973032434
2.7292909763658786
2.729390979699323
2.729490983032768
2.7295909863662122
2.7296909896996566
2.729790993033101
2.7298909963665454
2.72999099969999
2.730091003033434
2.7301910063668786
2.730291009700323
2.730391013033768
2.7304910163672123
2.7305910197006567
2.730691023034101
2.7307910263675454
2.73089102970099
2.7309910330344342
2.7310910363678786
2.731191039701323
2.731291043034768
2.7313910463682123
2.7314910497016567
2.731591053035101
2.7316910563685455
2.73179105970199
2.7318910630354343
2.7319910663688787
2.732091069702323
2.732191073035768
2.7322910763692123
2.7323910797026567
2.732491083036101
2.7325910863695455
2.73269108970299
2.7327910930364343
2.7328910963698787
2.7329910997033235
2.733091103036768
2.7331911063702123
2.7332911097036567
2.733391113037101
2.7334911163705455
2.73359111970399
2.7336911230374343
2.7337911263708787
2.7338911297043236
2.733991133037768
2.7340911363712124
2.7341911397046568
2.734291143038101
2.7343911463715456
2.73449114970499
2.7345911530384344
2.7346911563718788
2.7347911597053236
2.734891163038768
2.7349911663722124
2.735091169705657
2.735191173039101
2.7352911763725456
2.73539117970599
2.7354911830394344
2.735591186372879
2.7356911897063236
2.735791193039768
2.7358911963732124
2.735991199706657
2.7360912030401012
2.7361912063735456
2.73629120970699
2.7363912130404344
2.736491216373879
2.7365912197073237
2.736691223040768
2.7367912263742125
2.736891229707657
2.7369912330411013
2.7370912363745457
2.73719123970799
2.7372912430414345
2.737391246374879
2.7374912497083237
2.737591253041768
2.7376912563752125
2.737791259708657
2.7378912630421013
2.7379912663755457
2.73809126970899
2.7381912730424345
2.738291276375879
2.7383912797093237
2.738491283042768
2.7385912863762125
2.738691289709657
2.7387912930431013
2.7388912963765457
2.73899129970999
2.7390913030434345
2.739191306376879
2.7392913097103238
2.739391313043768
2.7394913163772125
2.739591319710657
2.7396913230441013
2.7397913263775457
2.73989132971099
2.7399913330444345
2.740091336377879
2.740191339711324
2.740291343044768
2.7403913463782126
2.740491349711657
2.7405913530451014
2.7406913563785458
2.74079135971199
2.7408913630454346
2.740991366378879
2.741091369712324
2.741191373045768
2.7412913763792126
2.741391379712657
2.7414913830461014
2.741591386379546
2.74169138971299
2.7417913930464346
2.741891396379879
2.741991399713324
2.7420914030467682
2.7421914063802126
2.742291409713657
2.7423914130471014
2.742491416380546
2.7425914197139902
2.7426914230474346
2.742791426380879
2.742891429714324
2.7429914330477683
2.7430914363812127
2.743191439714657
2.7432914430481015
2.743391446381546
2.7434914497149903
2.7435914530484347
2.743691456381879
2.743791459715324
2.7438914630487683
2.7439914663822127
2.744091469715657
2.7441914730491015
2.744291476382546
2.7443914797159903
2.7444914830494347
2.7445914863828795
2.744691489716324
2.7447914930497683
2.7448914963832127
2.744991499716657
2.7450915030501015
2.745191506383546
2.7452915097169903
2.7453915130504347
2.7454915163838796
2.745591519717324
2.7456915230507684
2.7457915263842128
2.745891529717657
2.7459915330511016
2.746091536384546
2.7461915397179903
2.7462915430514347
2.7463915463848796
2.746491549718324
2.7465915530517684
2.746691556385213
2.746791559718657
2.7468915630521016
2.746991566385546
2.7470915697189904
2.7471915730524348
2.7472915763858796
2.747391579719324
2.7474915830527684
2.747591586386213
2.747691589719657
2.7477915930531016
2.747891596386546
2.7479915997199904
2.748091603053435
2.7481916063868796
2.748291609720324
2.7483916130537684
2.748491616387213
2.7485916197206572
2.7486916230541016
2.748791626387546
2.7488916297209904
2.748991633054435
2.7490916363878797
2.749191639721324
2.7492916430547685
2.749391646388213
2.7494916497216573
2.7495916530551017
2.749691656388546
2.7497916597219905
2.749891663055435
2.7499916663888797
2.750091669722324
2.7501916730557685
2.750291676389213
2.7503916797226573
2.7504916830561017
2.750591686389546
2.7506916897229905
2.750791693056435
2.7508916963898797
2.750991699723324
2.7510917030567685
2.751191706390213
2.7512917097236573
2.7513917130571017
2.751491716390546
2.7515917197239905
2.751691723057435
2.7517917263908798
2.751891729724324
2.7519917330577686
2.752091736391213
2.7521917397246574
2.7522917430581018
2.752391746391546
2.7524917497249906
2.752591753058435
2.75269175639188
2.752791759725324
2.7528917630587686
2.752991766392213
2.7530917697256574
2.753191773059102
2.753291776392546
2.7533917797259906
2.753491783059435
2.75359178639288
2.7536917897263242
2.7537917930597686
2.753891796393213
2.7539917997266574
2.754091803060102
2.754191806393546
2.7542918097269906
2.754391813060435
2.75449181639388
2.7545918197273243
2.7546918230607687
2.754791826394213
2.7548918297276574
2.754991833061102
2.7550918363945462
2.7551918397279906
2.755291843061435
2.75539184639488
2.7554918497283243
2.7555918530617687
2.755691856395213
2.7557918597286575
2.755891863062102
2.7559918663955463
2.7560918697289907
2.7561918730624355
2.75629187639588
2.7563918797293243
2.7564918830627687
2.756591886396213
2.7566918897296575
2.756791893063102
2.7568918963965463
2.7569918997299907
2.7570919030634355
2.75719190639688
2.7572919097303243
2.7573919130637687
2.757491916397213
2.7575919197306575
2.757691923064102
2.7577919263975463
2.7578919297309907
2.7579919330644356
2.75809193639788
2.7581919397313244
2.7582919430647688
2.758391946398213
2.7584919497316576
2.758591953065102
2.7586919563985464
2.7587919597319908
2.7588919630654356
2.75899196639888
2.7590919697323244
2.759191973065769
2.759291976399213
2.7593919797326576
2.759491983066102
2.7595919863995464
2.759691989732991
2.7597919930664356
2.75989199639988
2.7599919997333244
2.760092003066769
2.7601920064002132
2.7602920097336576
2.760392013067102
2.7604920164005464
2.760592019733991
2.7606920230674357
2.76079202640088
2.7608920297343245
2.760992033067769
2.7610920364012133
2.7611920397346577
2.761292043068102
2.7613920464015465
2.761492049734991
2.7615920530684357
2.76169205640188
2.7617920597353245
2.761892063068769
2.7619920664022133
2.7620920697356577
2.762192073069102
2.7622920764025465
2.762392079735991
2.7624920830694357
2.76259208640288
2.7626920897363245
2.762792093069769
2.7628920964032133
2.7629920997366577
2.763092103070102
2.7631921064035465
2.763292109736991
2.7633921130704358
2.76349211640388
2.7635921197373245
2.763692123070769
2.7637921264042133
2.7638921297376577
2.763992133071102
2.7640921364045465
2.764192139737991
2.764292143071436
2.76439214640488
2.7644921497383246
2.764592153071769
2.7646921564052134
2.7647921597386578
2.764892163072102
2.7649921664055466
2.765092169738991
2.765192173072436
2.76529217640588
2.7653921797393246
2.765492183072769
2.7655921864062134
2.765692189739658
2.765792193073102
2.7658921964065466
2.765992199739991
2.766092203073436
2.7661922064068802
2.7662922097403246
2.766392213073769
2.7664922164072134
2.766592219740658
2.7666922230741022
2.7667922264075466
2.766892229740991
2.766992233074436
2.7670922364078803
2.7671922397413247
2.767292243074769
2.7673922464082135
2.767492249741658
2.7675922530751023
2.7676922564085467
2.767792259741991
2.767892263075436
2.7679922664088803
2.7680922697423247
2.768192273075769
2.7682922764092135
2.768392279742658
2.7684922830761023
2.7685922864095467
2.7686922897429915
2.768792293076436
2.7688922964098803
2.7689922997433247
2.769092303076769
2.7691923064102135
2.769292309743658
2.7693923130771023
2.7694923164105467
2.7695923197439916
2.769692323077436
2.7697923264108804
2.7698923297443248
2.769992333077769
2.7700923364112136
2.770192339744658
2.7702923430781023
2.7703923464115467
2.7704923497449916
2.770592353078436
2.7706923564118804
2.770792359745325
2.770892363078769
2.7709923664122136
2.771092369745658
2.7711923730791024
2.7712923764125468
2.7713923797459916
2.771492383079436
2.7715923864128804
2.771692389746325
2.771792393079769
2.7718923964132136
2.771992399746658
2.7720924030801024
2.772192406413547
2.7722924097469916
2.772392413080436
2.7724924164138804
2.772592419747325
2.7726924230807692
2.7727924264142136
2.772892429747658
2.7729924330811024
2.773092436414547
2.7731924397479917
2.773292443081436
2.7733924464148805
2.773492449748325
2.7735924530817693
2.7736924564152137
2.773792459748658
2.7738924630821025
2.773992466415547
2.7740924697489917
2.774192473082436
2.7742924764158805
2.774392479749325
2.7744924830827693
2.7745924864162137
2.774692489749658
2.7747924930831025
2.774892496416547
2.7749924997499917
2.775092503083436
2.7751925064168805
2.775292509750325
2.7753925130837693
2.7754925164172137
2.775592519750658
2.7756925230841025
2.775792526417547
2.7758925297509918
2.775992533084436
2.7760925364178806
2.776192539751325
2.7762925430847694
2.7763925464182138
2.776492549751658
2.7765925530851026
2.776692556418547
2.776792559751992
2.776892563085436
2.7769925664188806
2.777092569752325
2.7771925730857694
2.777292576419214
2.777392579752658
2.7774925830861026
2.777592586419547
2.777692589752992
2.7777925930864362
2.7778925964198806
2.777992599753325
2.7780926030867694
2.778192606420214
2.778292609753658
2.7783926130871026
2.778492616420547
2.778592619753992
2.7786926230874363
2.7787926264208807
2.778892629754325
2.7789926330877694
2.779092636421214
2.7791926397546582
2.7792926430881026
2.779392646421547
2.779492649754992
2.7795926530884363
2.7796926564218807
2.779792659755325
2.7798926630887695
2.779992666422214
2.7800926697556583
2.7801926730891027
2.7802926764225475
2.780392679755992
2.7804926830894363
2.7805926864228807
2.780692689756325
2.7807926930897695
2.780892696423214
2.7809926997566583
2.7810927030901027
2.7811927064235475
2.781292709756992
2.7813927130904363
2.7814927164238807
2.781592719757325
2.7816927230907695
2.781792726424214
2.7818927297576583
2.7819927330911027
2.7820927364245476
2.782192739757992
2.7822927430914364
2.7823927464248808
2.782492749758325
2.7825927530917696
2.782692756425214
2.7827927597586584
2.7828927630921028
2.7829927664255476
2.783092769758992
2.7831927730924364
2.783292776425881
2.783392779759325
2.7834927830927696
2.783592786426214
2.7836927897596584
2.783792793093103
2.7838927964265476
2.783992799759992
2.7840928030934364
2.784192806426881
2.7842928097603252
2.7843928130937696
2.784492816427214
2.7845928197606584
2.784692823094103
2.7847928264275477
2.784892829760992
2.7849928330944365
2.785092836427881
2.7851928397613253
2.7852928430947697
2.785392846428214
2.7854928497616585
2.785592853095103
2.7856928564285477
2.785792859761992
2.7858928630954365
2.785992866428881
2.7860928697623253
2.7861928730957697
2.786292876429214
2.7863928797626585
2.786492883096103
2.7865928864295477
2.786692889762992
2.7867928930964365
2.786892896429881
2.7869928997633253
2.7870929030967697
2.787192906430214
2.7872929097636585
2.787392913097103
2.7874929164305478
2.787592919763992
2.7876929230974365
2.787792926430881
2.7878929297643253
2.7879929330977697
2.788092936431214
2.7881929397646585
2.788292943098103
2.788392946431548
2.788492949764992
2.7885929530984366
2.788692956431881
2.7887929597653254
2.7888929630987698
2.788992966432214
2.7890929697656586
2.789192973099103
2.789292976432548
2.789392979765992
2.7894929830994366
2.789592986432881
2.7896929897663254
2.78979299309977
2.789892996433214
2.7899929997666586
2.790093003100103
2.790193006433548
2.7902930097669922
2.7903930131004366
2.790493016433881
2.7905930197673254
2.79069302310077
2.7907930264342142
2.7908930297676586
2.790993033101103
2.791093036434548
2.7911930397679923
2.7912930431014367
2.791393046434881
2.7914930497683255
2.79159305310177
2.7916930564352143
2.7917930597686587
2.7918930631021035
2.791993066435548
2.7920930697689923
2.7921930731024367
2.792293076435881
2.7923930797693255
2.79249308310277
2.7925930864362143
2.7926930897696587
2.7927930931031035
2.792893096436548
2.7929930997699923
2.7930931031034367
2.793193106436881
2.7932931097703255
2.79339311310377
2.7934931164372143
2.7935931197706587
2.7936931231041036
2.793793126437548
2.7938931297709924
2.7939931331044368
2.794093136437881
2.7941931397713256
2.79429314310477
2.7943931464382143
2.7944931497716587
2.7945931531051036
2.794693156438548
2.7947931597719924
2.794893163105437
2.794993166438881
2.7950931697723256
2.79519317310577
2.7952931764392144
2.7953931797726588
2.7954931831061036
2.795593186439548
2.7956931897729924
2.795793193106437
2.795893196439881
2.7959931997733256
2.79609320310677
2.7961932064402144
2.796293209773659
2.7963932131071036
2.796493216440548
2.7965932197739924
2.796693223107437
2.7967932264408812
2.7968932297743256
2.79699323310777
2.7970932364412144
2.797193239774659
2.7972932431081037
2.797393246441548
2.7974932497749925
2.797593253108437
2.7976932564418813
2.7977932597753257
2.79789326310877
2.7979932664422145
2.798093269775659
2.7981932731091037
2.798293276442548
2.7983932797759925
2.798493283109437
2.7985932864428813
2.7986932897763257
2.79879329310977
2.7988932964432145
2.798993299776659
2.7990933031101037
2.799193306443548
2.7992933097769925
2.799393313110437
2.7994933164438813
2.7995933197773257
2.79969332311077
2.7997933264442145
2.799893329777659
2.7999933331111038
2.800093336444548
2.8001933397779926
2.800293343111437
2.8003933464448814
2.8004933497783258
2.80059335311177
2.8006933564452146
2.800793359778659
2.800893363112104
2.800993366445548
2.8010933697789926
2.801193373112437
2.8012933764458814
2.801393379779326
2.80149338311277
2.8015933864462146
2.801693389779659
2.801793393113104
2.8018933964465482
2.8019933997799926
2.802093403113437
2.8021934064468814
2.802293409780326
2.80239341311377
2.8024934164472146
2.802593419780659
2.802693423114104
2.8027934264475483
2.8028934297809927
2.802993433114437
2.8030934364478814
2.803193439781326
2.8032934431147702
2.8033934464482146
2.8034934497816595
2.803593453115104
2.8036934564485483
2.8037934597819927
2.803893463115437
2.8039934664488815
2.804093469782326
2.8041934731157703
2.8042934764492147
2.8043934797826595
2.804493483116104
2.8045934864495483
2.8046934897829927
2.804793493116437
2.8048934964498815
2.804993499783326
2.8050935031167703
2.8051935064502147
2.8052935097836595
2.805393513117104
2.8054935164505483
2.8055935197839927
2.805693523117437
2.8057935264508815
2.805893529784326
2.8059935331177703
2.8060935364512147
2.8061935397846596
2.806293543118104
2.8063935464515484
2.8064935497849928
2.806593553118437
2.8066935564518816
2.806793559785326
2.8068935631187704
2.8069935664522148
2.8070935697856596
2.807193573119104
2.8072935764525484
2.807393579785993
2.807493583119437
2.8075935864528816
2.807693589786326
2.8077935931197704
2.807893596453215
2.8079935997866596
2.808093603120104
2.8081936064535484
2.808293609786993
2.8083936131204372
2.8084936164538816
2.808593619787326
2.8086936231207704
2.808793626454215
2.8088936297876597
2.808993633121104
2.8090936364545485
2.809193639787993
2.8092936431214373
2.8093936464548817
2.809493649788326
2.8095936531217705
2.809693656455215
2.8097936597886597
2.809893663122104
2.8099936664555485
2.810093669788993
2.8101936731224373
2.8102936764558817
2.810393679789326
2.8104936831227705
2.810593686456215
2.8106936897896597
2.810793693123104
2.8108936964565485
2.810993699789993
2.8110937031234373
2.8111937064568817
2.811293709790326
2.8113937131237705
2.811493716457215
2.8115937197906598
2.811693723124104
2.8117937264575485
2.811893729790993
2.8119937331244373
2.8120937364578817
2.812193739791326
2.8122937431247705
2.812393746458215
2.81249374979166
2.812593753125104
2.8126937564585486
2.812793759791993
2.8128937631254374
2.8129937664588818
2.813093769792326
2.8131937731257706
2.813293776459215
2.81339377979266
2.813493783126104
2.8135937864595486
2.813693789792993
2.8137937931264374
2.813893796459882
2.813993799793326
2.8140938031267706
2.814193806460215
2.81429380979366
2.8143938131271042
2.8144938164605486
2.814593819793993
2.8146938231274374
2.814793826460882
2.8148938297943262
2.8149938331277706
2.8150938364612155
2.81519383979466
2.8152938431281043
2.8153938464615487
2.815493849794993
2.8155938531284375
2.815693856461882
2.8157938597953263
2.8158938631287707
2.8159938664622155
2.81609386979566
2.8161938731291043
2.8162938764625487
2.816393879795993
2.8164938831294375
2.816593886462882
2.8166938897963263
2.8167938931297707
2.8168938964632155
2.81699389979666
2.8170939031301043
2.8171939064635487
2.817293909796993
2.8173939131304375
2.817493916463882
2.8175939197973263
2.8176939231307707
2.8177939264642156
2.81789392979766
2.8179939331311044
2.8180939364645488
2.818193939797993
2.8182939431314376
2.818393946464882
2.8184939497983263
2.8185939531317707
2.8186939564652156
2.81879395979866
2.8188939631321044
2.818993966465549
2.819093969798993
2.8191939731324376
2.819293976465882
2.8193939797993264
2.8194939831327708
2.8195939864662156
2.81969398979966
2.8197939931331044
2.819893996466549
2.819993999799993
2.8200940031334376
2.820194006466882
2.8202940098003264
2.820394013133771
2.8204940164672156
2.82059401980066
2.8206940231341044
2.820794026467549
2.8208940298009932
2.8209940331344376
2.821094036467882
2.8211940398013264
2.821294043134771
2.8213940464682157
2.82149404980166
2.8215940531351045
2.821694056468549
2.8217940598019933
2.8218940631354377
2.821994066468882
2.8220940698023265
2.822194073135771
2.8222940764692157
2.82239407980266
2.8224940831361045
2.822594086469549
2.8226940898029933
2.8227940931364377
2.822894096469882
2.8229940998033265
2.823094103136771
2.8231941064702157
2.82329410980366
2.8233941131371045
2.823494116470549
2.8235941198039933
2.8236941231374377
2.823794126470882
2.8238941298043265
2.823994133137771
2.8240941364712158
2.82419413980466
2.8242941431381046
2.824394146471549
2.8244941498049934
2.8245941531384378
2.824694156471882
2.8247941598053266
2.824894163138771
2.824994166472216
2.82509416980566
2.8251941731391046
2.825294176472549
2.8253941798059934
2.825494183139438
2.825594186472882
2.8256941898063266
2.825794193139771
2.825894196473216
2.8259941998066602
2.8260942031401046
2.826194206473549
2.8262942098069934
2.826394213140438
2.826494216473882
2.8265942198073266
2.8266942231407715
2.826794226474216
2.8268942298076603
2.8269942331411047
2.827094236474549
2.8271942398079934
2.827294243141438
2.8273942464748822
2.8274942498083266
2.8275942531417715
2.827694256475216
2.8277942598086603
2.8278942631421047
2.827994266475549
2.8280942698089935
2.828194273142438
2.8282942764758823
2.8283942798093267
2.8284942831427715
2.828594286476216
2.8286942898096603
2.8287942931431047
2.828894296476549
2.8289942998099935
2.829094303143438
2.8291943064768823
2.8292943098103267
2.8293943131437715
2.829494316477216
2.8295943198106603
2.8296943231441047
2.829794326477549
2.8298943298109935
2.829994333144438
2.8300943364778823
2.8301943398113267
2.8302943431447716
2.830394346478216
2.8304943498116604
2.8305943531451048
2.830694356478549
2.8307943598119936
2.830894363145438
2.8309943664788824
2.8310943698123268
2.8311943731457716
2.831294376479216
2.8313943798126604
2.831494383146105
2.831594386479549
2.8316943898129936
2.831794393146438
2.8318943964798824
2.831994399813327
2.8320944031467716
2.832194406480216
2.8322944098136604
2.832394413147105
2.8324944164805492
2.8325944198139936
2.832694423147438
2.8327944264808824
2.832894429814327
2.8329944331477717
2.833094436481216
2.8331944398146605
2.833294443148105
2.8333944464815493
2.8334944498149937
2.833594453148438
2.8336944564818825
2.833794459815327
2.8338944631487717
2.833994466482216
2.8340944698156605
2.834194473149105
2.8342944764825493
2.8343944798159937
2.834494483149438
2.8345944864828825
2.834694489816327
2.8347944931497717
2.834894496483216
2.8349944998166605
2.835094503150105
2.8351945064835493
2.8352945098169937
2.835394513150438
2.8354945164838825
2.835594519817327
2.8356945231507718
2.835794526484216
2.8358945298176605
2.835994533151105
2.8360945364845493
2.8361945398179937
2.836294543151438
2.8363945464848825
2.836494549818327
2.836594553151772
2.836694556485216
2.8367945598186606
2.836894563152105
2.8369945664855494
2.8370945698189938
2.837194573152438
2.8372945764858826
2.837394579819327
2.837494583152772
2.837594586486216
2.8376945898196606
2.837794593153105
2.8378945964865494
2.837994599819994
2.838094603153438
2.8381946064868826
2.8382946098203274
2.838394613153772
2.8384946164872162
2.8385946198206606
2.838694623154105
2.8387946264875494
2.838894629820994
2.8389946331544382
2.8390946364878826
2.8391946398213275
2.839294643154772
2.8393946464882163
2.8394946498216607
2.839594653155105
2.8396946564885495
2.839794659821994
2.8398946631554383
2.8399946664888827
2.8400946698223275
2.840194673155772
2.8402946764892163
2.8403946798226607
2.840494683156105
2.8405946864895495
2.840694689822994
2.8407946931564383
2.8408946964898827
2.8409946998233275
2.841094703156772
2.8411947064902163
2.8412947098236607
2.841394713157105
2.8414947164905495
2.841594719823994
2.8416947231574383
2.8417947264908827
2.8418947298243276
2.841994733157772
2.8420947364912164
2.8421947398246608
2.842294743158105
2.8423947464915496
2.842494749824994
2.8425947531584383
2.8426947564918827
2.8427947598253276
2.842894763158772
2.8429947664922164
2.843094769825661
2.843194773159105
2.8432947764925496
2.843394779825994
2.8434947831594384
2.8435947864928828
2.8436947898263276
2.843794793159772
2.8438947964932164
2.843994799826661
2.844094803160105
2.8441948064935496
2.844294809826994
2.8443948131604384
2.844494816493883
2.8445948198273276
2.844694823160772
2.8447948264942164
2.844894829827661
2.8449948331611052
2.8450948364945496
2.845194839827994
2.8452948431614384
2.845394846494883
2.8454948498283277
2.845594853161772
2.8456948564952165
2.845794859828661
2.8458948631621053
2.8459948664955497
2.846094869828994
2.8461948731624385
2.846294876495883
2.8463948798293277
2.846494883162772
2.8465948864962165
2.846694889829661
2.8467948931631053
2.8468948964965497
2.846994899829994
2.8470949031634385
2.847194906496883
2.8472949098303277
2.847394913163772
2.8474949164972165
2.847594919830661
2.8476949231641053
2.8477949264975497
2.847894929830994
2.8479949331644385
2.848094936497883
2.8481949398313278
2.848294943164772
2.8483949464982166
2.848494949831661
2.8485949531651054
2.8486949564985498
2.848794959831994
2.8488949631654386
2.848994966498883
2.849094969832328
2.849194973165772
2.8492949764992166
2.849394979832661
2.8494949831661054
2.84959498649955
2.849694989832994
2.8497949931664386
2.8498949964998834
2.849994999833328
2.8500950031667722
2.8501950065002166
2.850295009833661
2.8503950131671054
2.85049501650055
2.850595019833994
2.8506950231674386
2.8507950265008835
2.850895029834328
2.8509950331677723
2.8510950365012167
2.851195039834661
2.8512950431681054
2.85139504650155
2.8514950498349942
2.8515950531684386
2.8516950565018835
2.851795059835328
2.8518950631687723
2.8519950665022167
2.852095069835661
2.8521950731691055
2.85229507650255
2.8523950798359943
2.8524950831694387
2.8525950865028835
2.852695089836328
2.8527950931697723
2.8528950965032167
2.852995099836661
2.8530951031701055
2.85319510650355
2.8532951098369943
2.8533951131704387
2.8534951165038835
2.853595119837328
2.8536951231707723
2.8537951265042167
2.853895129837661
2.8539951331711055
2.85409513650455
2.8541951398379943
2.8542951431714387
2.8543951465048836
2.854495149838328
2.8545951531717724
2.8546951565052168
2.854795159838661
2.8548951631721056
2.85499516650555
2.8550951698389944
2.8551951731724388
2.8552951765058836
2.855395179839328
2.8554951831727724
2.855595186506217
2.855695189839661
2.8557951931731056
2.85589519650655
2.8559951998399944
2.856095203173439
2.8561952065068836
2.856295209840328
2.8563952131737724
2.856495216507217
2.8565952198406612
2.8566952231741056
2.85679522650755
2.8568952298409944
2.856995233174439
2.8570952365078837
2.857195239841328
2.8572952431747725
2.857395246508217
2.8574952498416613
2.8575952531751057
2.85769525650855
2.8577952598419945
2.857895263175439
2.8579952665088837
2.858095269842328
2.8581952731757725
2.858295276509217
2.8583952798426613
2.8584952831761057
2.85859528650955
2.8586952898429945
2.858795293176439
2.8588952965098837
2.858995299843328
2.8590953031767725
2.859195306510217
2.8592953098436613
2.8593953131771057
2.85949531651055
2.8595953198439945
2.859695323177439
2.8597953265108838
2.859895329844328
2.8599953331777725
2.860095336511217
2.8601953398446613
2.8602953431781057
2.86039534651155
2.8604953498449945
2.860595353178439
2.860695356511884
2.860795359845328
2.8608953631787726
2.860995366512217
2.8610953698456614
2.8611953731791058
2.86129537651255
2.8613953798459946
2.8614953831794394
2.861595386512884
2.861695389846328
2.8617953931797726
2.861895396513217
2.8619953998466614
2.862095403180106
2.86219540651355
2.8622954098469946
2.8623954131804394
2.862495416513884
2.8625954198473282
2.8626954231807726
2.862795426514217
2.8628954298476614
2.862995433181106
2.8630954365145502
2.8631954398479946
2.8632954431814395
2.863395446514884
2.8634954498483283
2.8635954531817727
2.863695456515217
2.8637954598486615
2.863895463182106
2.8639954665155503
2.8640954698489947
2.8641954731824395
2.864295476515884
2.8643954798493283
2.8644954831827727
2.864595486516217
2.8646954898496615
2.864795493183106
2.8648954965165503
2.8649954998499947
2.8650955031834395
2.865195506516884
2.8652955098503283
2.8653955131837727
2.865495516517217
2.8655955198506615
2.865695523184106
2.8657955265175503
2.8658955298509947
2.8659955331844396
2.866095536517884
2.8661955398513284
2.8662955431847728
2.866395546518217
2.8664955498516616
2.866595553185106
2.8666955565185503
2.8667955598519947
2.8668955631854396
2.866995566518884
2.8670955698523284
2.867195573185773
2.867295576519217
2.8673955798526616
2.867495583186106
2.8675955865195504
2.8676955898529948
2.8677955931864396
2.867895596519884
2.8679955998533284
2.868095603186773
2.868195606520217
2.8682956098536616
2.868395613187106
2.8684956165205504
2.868595619853995
2.8686956231874396
2.868795626520884
2.8688956298543284
2.868995633187773
2.8690956365212172
2.8691956398546616
2.869295643188106
2.8693956465215504
2.869495649854995
2.8695956531884397
2.869695656521884
2.8697956598553285
2.869895663188773
2.8699956665222173
2.8700956698556617
2.870195673189106
2.8702956765225505
2.870395679855995
2.8704956831894397
2.870595686522884
2.8706956898563285
2.870795693189773
2.8708956965232173
2.8709956998566617
2.871095703190106
2.8711957065235505
2.871295709856995
2.8713957131904397
2.871495716523884
2.8715957198573285
2.871695723190773
2.8717957265242173
2.8718957298576617
2.871995733191106
2.8720957365245505
2.872195739857995
2.8722957431914398
2.872395746524884
2.8724957498583286
2.872595753191773
2.8726957565252174
2.8727957598586618
2.872895763192106
2.8729957665255506
2.873095769858995
2.87319577319244
2.873295776525884
2.8733957798593286
2.873495783192773
2.8735957865262174
2.873695789859662
2.873795793193106
2.8738957965265506
2.8739957998599954
2.87409580319344
2.8741958065268842
2.8742958098603286
2.874395813193773
2.8744958165272174
2.874595819860662
2.874695823194106
2.8747958265275506
2.8748958298609955
2.87499583319444
2.8750958365278843
2.8751958398613287
2.875295843194773
2.8753958465282174
2.875495849861662
2.8755958531951062
2.8756958565285506
2.8757958598619955
2.87589586319544
2.8759958665288843
2.8760958698623287
2.876195873195773
2.8762958765292175
2.876395879862662
2.8764958831961063
2.8765958865295507
2.8766958898629955
2.87679589319644
2.8768958965298843
2.8769958998633287
2.877095903196773
2.8771959065302175
2.877295909863662
2.8773959131971063
2.8774959165305507
2.8775959198639955
2.87769592319744
2.8777959265308843
2.8778959298643287
2.877995933197773
2.8780959365312175
2.878195939864662
2.8782959431981063
2.8783959465315507
2.8784959498649956
2.87859595319844
2.8786959565318844
2.8787959598653288
2.878895963198773
2.8789959665322176
2.879095969865662
2.8791959731991064
2.8792959765325508
2.8793959798659956
2.87949598319944
2.8795959865328844
2.879695989866329
2.879795993199773
2.8798959965332176
2.879995999866662
2.8800960032001064
2.880196006533551
2.8802960098669956
2.88039601320044
2.8804960165338844
2.880596019867329
2.8806960232007732
2.8807960265342176
2.880896029867662
2.8809960332011064
2.881096036534551
2.8811960398679957
2.88129604320144
2.8813960465348845
2.881496049868329
2.8815960532017733
2.8816960565352177
2.881796059868662
2.8818960632021065
2.881996066535551
2.8820960698689957
2.88219607320244
2.8822960765358845
2.882396079869329
2.8824960832027733
2.8825960865362177
2.882696089869662
2.8827960932031065
2.882896096536551
2.8829960998699957
2.88309610320344
2.8831961065368845
2.883296109870329
2.8833961132037733
2.8834961165372177
2.883596119870662
2.8836961232041065
2.883796126537551
2.8838961298709958
2.88399613320444
2.8840961365378845
2.884196139871329
2.8842961432047733
2.8843961465382177
2.884496149871662
2.8845961532051065
2.884696156538551
2.884796159871996
2.88489616320544
2.8849961665388846
2.885096169872329
2.8851961732057734
2.8852961765392178
2.885396179872662
2.8854961832061066
2.8855961865395514
2.885696189872996
2.88579619320644
2.8858961965398846
2.885996199873329
2.8860962032067734
2.886196206540218
2.886296209873662
2.8863962132071066
2.8864962165405514
2.886596219873996
2.8866962232074402
2.8867962265408846
2.886896229874329
2.8869962332077734
2.887096236541218
2.8871962398746622
2.8872962432081066
2.8873962465415515
2.887496249874996
2.8875962532084403
2.8876962565418847
2.887796259875329
2.8878962632087735
2.887996266542218
2.8880962698756623
2.8881962732091067
2.8882962765425515
2.888396279875996
2.8884962832094403
2.8885962865428847
2.888696289876329
2.8887962932097735
2.888896296543218
2.8889962998766623
2.8890963032101067
2.8891963065435515
2.889296309876996
2.8893963132104403
2.8894963165438847
2.889596319877329
2.8896963232107735
2.889796326544218
2.8898963298776623
2.8899963332111067
2.8900963365445516
2.890196339877996
2.8902963432114404
2.8903963465448848
2.890496349878329
2.8905963532117736
2.890696356545218
2.8907963598786623
2.8908963632121067
2.8909963665455516
2.891096369878996
2.8911963732124404
2.891296376545885
2.891396379879329
2.8914963832127736
2.891596386546218
2.8916963898796624
2.8917963932131068
2.8918963965465516
2.891996399879996
2.8920964032134404
2.892196406546885
2.892296409880329
2.8923964132137736
2.892496416547218
2.8925964198806624
2.892696423214107
2.8927964265475516
2.892896429880996
2.8929964332144404
2.893096436547885
2.8931964398813292
2.8932964432147736
2.893396446548218
2.8934964498816624
2.893596453215107
2.8936964565485517
2.893796459881996
2.8938964632154405
2.893996466548885
2.8940964698823293
2.8941964732157737
2.894296476549218
2.8943964798826625
2.894496483216107
2.8945964865495517
2.894696489882996
2.8947964932164405
2.894896496549885
2.8949964998833293
2.8950965032167737
2.895196506550218
2.8952965098836625
2.895396513217107
2.8954965165505517
2.895596519883996
2.8956965232174405
2.895796526550885
2.8958965298843293
2.8959965332177737
2.896096536551218
2.8961965398846625
2.896296543218107
2.8963965465515518
2.896496549884996
2.8965965532184406
2.896696556551885
2.8967965598853294
2.8968965632187738
2.896996566552218
2.8970965698856626
2.8971965732191074
2.897296576552552
2.897396579885996
2.8974965832194406
2.897596586552885
2.8976965898863294
2.897796593219774
2.897896596553218
2.8979965998866626
2.8980966032201074
2.898196606553552
2.8982966098869962
2.8983966132204406
2.898496616553885
2.8985966198873294
2.898696623220774
2.898796626554218
2.8988966298876626
2.8989966332211075
2.899096636554552
2.8991966398879963
2.8992966432214407
2.899396646554885
2.8994966498883294
2.899596653221774
2.8996966565552182
2.8997966598886626
2.8998966632221075
2.899996666555552
2.9000966698889963
2.9001966732224407
2.900296676555885
2.9003966798893295
2.900496683222774
2.9005966865562183
2.9006966898896627
2.9007966932231075
2.900896696556552
2.9009966998899963
2.9010967032234407
2.901196706556885
2.9012967098903295
2.901396713223774
2.9014967165572183
2.9015967198906627
2.9016967232241075
2.901796726557552
2.9018967298909963
2.9019967332244407
2.902096736557885
2.9021967398913295
2.902296743224774
2.9023967465582183
2.9024967498916627
2.9025967532251076
2.902696756558552
2.9027967598919964
2.9028967632254408
2.902996766558885
2.9030967698923296
2.903196773225774
2.9032967765592184
2.9033967798926628
2.9034967832261076
2.903596786559552
2.9036967898929964
2.903796793226441
2.903896796559885
2.9039967998933296
2.904096803226774
2.9041968065602184
2.904296809893663
2.9043968132271076
2.904496816560552
2.9045968198939964
2.904696823227441
2.9047968265608852
2.9048968298943296
2.904996833227774
2.9050968365612184
2.905196839894663
2.9052968432281077
2.905396846561552
2.9054968498949965
2.905596853228441
2.9056968565618853
2.9057968598953297
2.905896863228774
2.9059968665622185
2.906096869895663
2.9061968732291077
2.906296876562552
2.9063968798959965
2.906496883229441
2.9065968865628853
2.9066968898963297
2.906796893229774
2.9068968965632185
2.906996899896663
2.9070969032301077
2.907196906563552
2.9072969098969965
2.907396913230441
2.9074969165638853
2.9075969198973297
2.907696923230774
2.9077969265642185
2.907896929897663
2.9079969332311078
2.908096936564552
2.9081969398979965
2.908296943231441
2.9083969465648853
2.9084969498983297
2.908596953231774
2.9086969565652185
2.9087969598986634
2.908896963232108
2.908996966565552
2.9090969698989966
2.909196973232441
2.9092969765658854
2.9093969798993298
2.909496983232774
2.9095969865662186
2.9096969898996634
2.909796993233108
2.909896996566552
2.9099969998999966
2.910097003233441
2.9101970065668854
2.91029700990033
2.910397013233774
2.9104970165672186
2.9105970199006634
2.910697023234108
2.9107970265675522
2.9108970299009966
2.910997033234441
2.9110970365678854
2.91119703990133
2.9112970432347742
2.9113970465682186
2.9114970499016635
2.911597053235108
2.9116970565685523
2.9117970599019967
2.911897063235441
2.9119970665688855
2.91209706990233
2.9121970732357743
2.9122970765692187
2.9123970799026635
2.912497083236108
2.9125970865695523
2.9126970899029967
2.912797093236441
2.9128970965698855
2.91299709990333
2.9130971032367743
2.9131971065702187
2.9132971099036635
2.913397113237108
2.9134971165705523
2.9135971199039967
2.913697123237441
2.9137971265708855
2.91389712990433
2.9139971332377743
2.9140971365712187
2.9141971399046636
2.914297143238108
2.9143971465715524
2.9144971499049968
2.914597153238441
2.9146971565718856
2.91479715990533
2.9148971632387743
2.9149971665722187
2.9150971699056636
2.915197173239108
2.9152971765725524
2.915397179905997
2.915497183239441
2.9155971865728856
2.91569718990633
2.9157971932397744
2.9158971965732188
2.9159971999066636
2.916097203240108
2.9161972065735524
2.916297209906997
2.916397213240441
2.9164972165738856
2.91659721990733
2.9166972232407744
2.916797226574219
2.9168972299076636
2.916997233241108
2.9170972365745524
2.917197239907997
2.9172972432414412
2.9173972465748856
2.91749724990833
2.9175972532417744
2.917697256575219
2.9177972599086637
2.917897263242108
2.9179972665755525
2.918097269908997
2.9181972732424413
2.9182972765758857
2.91839727990933
2.9184972832427745
2.918597286576219
2.9186972899096637
2.918797293243108
2.9188972965765525
2.918997299909997
2.9190973032434413
2.9191973065768857
2.91929730991033
2.9193973132437745
2.919497316577219
2.9195973199106637
2.919697323244108
2.9197973265775525
2.919897329910997
2.9199973332444413
2.9200973365778857
2.92019733991133
2.9202973432447745
2.9203973465782194
2.9204973499116638
2.920597353245108
2.9206973565785526
2.920797359911997
2.9208973632454414
2.9209973665788858
2.92109736991233
2.9211973732457746
2.9212973765792194
2.921397379912664
2.921497383246108
2.9215973865795526
2.921697389912997
2.9217973932464414
2.921897396579886
2.92199739991333
2.9220974032467746
2.9221974065802194
2.922297409913664
2.9223974132471082
2.9224974165805526
2.922597419913997
2.9226974232474414
2.922797426580886
2.92289742991433
2.9229974332477746
2.9230974365812195
2.923197439914664
2.9232974432481083
2.9233974465815527
2.923497449914997
2.9235974532484414
2.923697456581886
2.9237974599153302
2.9238974632487746
2.9239974665822195
2.924097469915664
2.9241974732491083
2.9242974765825527
2.924397479915997
2.9244974832494415
2.924597486582886
2.9246974899163303
2.9247974932497747
2.9248974965832195
2.924997499916664
2.9250975032501083
2.9251975065835527
2.925297509916997
2.9253975132504415
2.925497516583886
2.9255975199173303
2.9256975232507747
2.9257975265842195
2.925897529917664
2.9259975332511083
2.9260975365845527
2.926197539917997
2.9262975432514415
2.926397546584886
2.9264975499183303
2.9265975532517747
2.9266975565852196
2.926797559918664
2.9268975632521084
2.9269975665855528
2.927097569918997
2.9271975732524416
2.927297576585886
2.9273975799193304
2.9274975832527748
2.9275975865862196
2.927697589919664
2.9277975932531084
2.927897596586553
2.927997599919997
2.9280976032534416
2.928197606586886
2.9282976099203304
2.928397613253775
2.9284976165872196
2.928597619920664
2.9286976232541084
2.928797626587553
2.9288976299209972
2.9289976332544416
2.929097636587886
2.9291976399213304
2.929297643254775
2.9293976465882197
2.929497649921664
2.9295976532551085
2.929697656588553
2.9297976599219973
2.9298976632554417
2.929997666588886
2.9300976699223305
2.930197673255775
2.9302976765892197
2.930397679922664
2.9304976832561085
2.930597686589553
2.9306976899229973
2.9307976932564417
2.930897696589886
2.9309976999233305
2.931097703256775
2.9311977065902197
2.931297709923664
2.9313977132571085
2.931497716590553
2.9315977199239973
2.9316977232574417
2.931797726590886
2.9318977299243305
2.9319977332577754
2.9320977365912197
2.932197739924664
2.9322977432581085
2.932397746591553
2.9324977499249973
2.9325977532584417
2.932697756591886
2.9327977599253305
2.9328977632587754
2.93299776659222
2.933097769925664
2.9331977732591086
2.933297776592553
2.9333977799259974
2.9334977832594418
2.933597786592886
2.9336977899263306
2.9337977932597754
2.93389779659322
2.933997799926664
2.9340978032601086
2.934197806593553
2.9342978099269974
2.934397813260442
2.934497816593886
2.9345978199273306
2.9346978232607754
2.93479782659422
2.9348978299276642
2.9349978332611086
2.935097836594553
2.9351978399279974
2.935297843261442
2.9353978465948862
2.9354978499283306
2.9355978532617755
2.93569785659522
2.9357978599286643
2.9358978632621087
2.935997866595553
2.9360978699289975
2.936197873262442
2.9362978765958863
2.9363978799293307
2.9364978832627755
2.93659788659622
2.9366978899296643
2.9367978932631087
2.936897896596553
2.9369978999299975
2.937097903263442
2.9371979065968863
2.9372979099303307
2.9373979132637755
2.93749791659722
2.9375979199306643
2.9376979232641087
2.937797926597553
2.9378979299309975
2.937997933264442
2.9380979365978863
2.9381979399313307
2.9382979432647756
2.93839794659822
2.9384979499316644
2.9385979532651088
2.938697956598553
2.9387979599319975
2.938897963265442
2.9389979665988863
2.9390979699323307
2.9391979732657756
2.93929797659922
2.9393979799326644
2.939497983266109
2.939597986599553
2.9396979899329976
2.939797993266442
2.9398979965998864
2.9399979999333308
2.9400980032667756
2.94019800660022
2.9402980099336644
2.940398013267109
2.940498016600553
2.9405980199339976
2.940698023267442
2.9407980266008864
2.940898029934331
2.9409980332677756
2.94109803660122
2.9411980399346644
2.941298043268109
2.9413980466015532
2.9414980499349976
2.941598053268442
2.9416980566018864
2.941798059935331
2.9418980632687757
2.94199806660222
2.9420980699356645
2.942198073269109
2.9422980766025533
2.9423980799359977
2.942498083269442
2.9425980866028865
2.942698089936331
2.9427980932697757
2.94289809660322
2.9429980999366645
2.943098103270109
2.9431981066035533
2.9432981099369977
2.943398113270442
2.9434981166038865
2.9435981199373313
2.9436981232707757
2.94379812660422
2.9438981299376645
2.943998133271109
2.9440981366045533
2.9441981399379977
2.944298143271442
2.9443981466048865
2.9444981499383314
2.9445981532717758
2.94469815660522
2.9447981599386646
2.944898163272109
2.9449981666055534
2.9450981699389978
2.945198173272442
2.9452981766058866
2.9453981799393314
2.945498183272776
2.94559818660622
2.9456981899396646
2.945798193273109
2.9458981966065534
2.945998199939998
2.946098203273442
2.9461982066068866
2.9462982099403314
2.946398213273776
2.94649821660722
2.9465982199406646
2.946698223274109
2.9467982266075534
2.946898229940998
2.946998233274442
2.9470982366078866
2.9471982399413315
2.947298243274776
2.9473982466082203
2.9474982499416646
2.947598253275109
2.9476982566085534
2.947798259941998
2.9478982632754422
2.9479982666088866
2.9480982699423315
2.948198273275776
2.9482982766092203
2.9483982799426647
2.948498283276109
2.9485982866095535
2.948698289942998
2.9487982932764423
2.9488982966098867
2.9489982999433315
2.949098303276776
2.9491983066102203
2.9492983099436647
2.949398313277109
2.9494983166105535
2.949598319943998
2.9496983232774423
2.9497983266108867
2.9498983299443315
2.949998333277776
2.9500983366112203
2.9501983399446647
2.950298343278109
2.9503983466115535
2.950498349944998
2.9505983532784423
2.9506983566118867
2.9507983599453316
2.950898363278776
2.9509983666122204
2.9510983699456648
2.951198373279109
2.9512983766125536
2.951398379945998
2.9514983832794424
2.9515983866128868
2.9516983899463316
2.951798393279776
2.9518983966132204
2.951998399946665
2.952098403280109
2.9521984066135536
2.952298409946998
2.9523984132804424
2.952498416613887
2.9525984199473316
2.952698423280776
2.9527984266142204
2.952898429947665
2.9529984332811092
2.9530984366145536
2.953198439947998
2.9532984432814424
2.953398446614887
2.9534984499483317
2.953598453281776
2.9536984566152205
2.953798459948665
2.9538984632821093
2.9539984666155537
2.954098469948998
2.9541984732824424
2.954298476615887
2.9543984799493317
2.954498483282776
2.9545984866162205
2.954698489949665
2.9547984932831093
2.9548984966165537
2.954998499949998
2.9550985032834425
2.9551985066168873
2.9552985099503317
2.955398513283776
2.9554985166172205
2.955598519950665
2.9556985232841093
2.9557985266175537
2.955898529950998
2.9559985332844425
2.9560985366178874
2.9561985399513317
2.956298543284776
2.9563985466182205
2.956498549951665
2.9565985532851093
2.9566985566185537
2.956798559951998
2.9568985632854425
2.9569985666188874
2.957098569952332
2.957198573285776
2.9572985766192206
2.957398579952665
2.9574985832861094
2.9575985866195538
2.957698589952998
2.9577985932864426
2.9578985966198874
2.957998599953332
2.958098603286776
2.9581986066202206
2.958298609953665
2.9583986132871094
2.958498616620554
2.958598619953998
2.9586986232874426
2.9587986266208874
2.958898629954332
2.9589986332877762
2.9590986366212206
2.959198639954665
2.9592986432881094
2.959398646621554
2.9594986499549982
2.9595986532884426
2.9596986566218875
2.959798659955332
2.9598986632887763
2.9599986666222207
2.960098669955665
2.9601986732891095
2.960298676622554
2.9603986799559983
2.9604986832894427
2.9605986866228875
2.960698689956332
2.9607986932897763
2.9608986966232207
2.960998699956665
2.9610987032901095
2.961198706623554
2.9612987099569983
2.9613987132904427
2.9614987166238875
2.961598719957332
2.9616987232907763
2.9617987266242207
2.961898729957665
2.9619987332911095
2.962098736624554
2.9621987399579983
2.9622987432914427
2.9623987466248876
2.962498749958332
2.9625987532917764
2.9626987566252208
2.962798759958665
2.9628987632921095
2.962998766625554
2.9630987699589983
2.9631987732924427
2.9632987766258876
2.963398779959332
2.9634987832927764
2.963598786626221
2.963698789959665
2.9637987932931096
2.963898796626554
2.9639987999599984
2.9640988032934428
2.9641988066268876
2.964298809960332
2.9643988132937764
2.964498816627221
2.964598819960665
2.9646988232941096
2.964798826627554
2.9648988299609984
2.964998833294443
2.9650988366278876
2.965198839961332
2.9652988432947764
2.965398846628221
2.9654988499616652
2.9655988532951096
2.965698856628554
2.9657988599619984
2.965898863295443
2.9659988666288877
2.966098869962332
2.9661988732957765
2.966298876629221
2.9663988799626653
2.9664988832961097
2.966598886629554
2.9666988899629985
2.9667988932964433
2.9668988966298877
2.966998899963332
2.9670989032967765
2.967198906630221
2.9672989099636653
2.9673989132971097
2.967498916630554
2.9675989199639985
2.9676989232974433
2.9677989266308877
2.967898929964332
2.9679989332977765
2.968098936631221
2.9681989399646653
2.9682989432981097
2.968398946631554
2.9684989499649985
2.9685989532984434
2.9686989566318878
2.968798959965332
2.9688989632987766
2.968998966632221
2.9690989699656654
2.9691989732991098
2.969298976632554
2.9693989799659986
2.9694989832994434
2.969598986632888
2.969698989966332
2.9697989932997766
2.969898996633221
2.9699989999666654
2.97009900330011
2.970199006633554
2.9702990099669986
2.9703990133004434
2.970499016633888
2.970599019967332
2.9706990233007766
2.970799026634221
2.9708990299676654
2.97099903330111
2.971099036634554
2.9711990399679986
2.9712990433014435
2.971399046634888
2.9714990499683323
2.9715990533017766
2.971699056635221
2.9717990599686654
2.97189906330211
2.9719990666355542
2.9720990699689986
2.9721990733024435
2.972299076635888
2.9723990799693323
2.9724990833027767
2.972599086636221
2.9726990899696655
2.97279909330311
2.9728990966365543
2.9729990999699987
2.9730991033034435
2.973199106636888
2.9732991099703323
2.9733991133037767
2.973499116637221
2.9735991199706655
2.97369912330411
2.9737991266375543
2.9738991299709987
2.9739991333044435
2.974099136637888
2.9741991399713323
2.9742991433047767
2.974399146638221
2.9744991499716655
2.97459915330511
2.9746991566385543
2.9747991599719987
2.9748991633054436
2.974999166638888
2.9750991699723324
2.9751991733057768
2.975299176639221
2.9753991799726656
2.97549918330611
2.9755991866395544
2.9756991899729988
2.9757991933064436
2.975899196639888
2.9759991999733324
2.976099203306777
2.976199206640221
2.9762992099736656
2.97639921330711
2.9764992166405544
2.976599219973999
2.9766992233074436
2.976799226640888
2.9768992299743324
2.976999233307777
2.9770992366412212
2.9771992399746656
2.97729924330811
2.9773992466415544
2.977499249974999
2.9775992533084437
2.977699256641888
2.9777992599753325
2.977899263308777
2.9779992666422213
2.9780992699756657
2.97819927330911
2.9782992766425544
2.978399279975999
2.9784992833094437
2.978599286642888
2.9786992899763325
2.978799293309777
2.9788992966432213
2.9789992999766657
2.97909930331011
2.9791993066435545
2.9792993099769993
2.9793993133104437
2.979499316643888
2.9795993199773325
2.979699323310777
2.9797993266442213
2.9798993299776657
2.97999933331111
2.9800993366445545
2.9801993399779994
2.9802993433114437
2.980399346644888
2.9804993499783325
2.980599353311777
2.9806993566452213
2.9807993599786657
2.98089936331211
2.9809993666455545
2.9810993699789994
2.981199373312444
2.981299376645888
2.9813993799793326
2.981499383312777
2.9815993866462214
2.9816993899796658
2.98179939331311
2.9818993966465546
2.9819993999799994
2.982099403313444
2.982199406646888
2.9822994099803326
2.982399413313777
2.9824994166472214
2.982599419980666
2.98269942331411
2.9827994266475546
2.9828994299809994
2.982999433314444
2.9830994366478882
2.9831994399813326
2.983299443314777
2.9833994466482214
2.983499449981666
2.9835994533151102
2.9836994566485546
2.9837994599819995
2.983899463315444
2.9839994666488883
2.9840994699823327
2.984199473315777
2.9842994766492215
2.984399479982666
2.9844994833161103
2.9845994866495547
2.9846994899829995
2.984799493316444
2.9848994966498883
2.9849994999833327
2.985099503316777
2.9851995066502215
2.985299509983666
2.9853995133171103
2.9854995166505547
2.9855995199839995
2.985699523317444
2.9857995266508883
2.9858995299843327
2.985999533317777
2.9860995366512215
2.986199539984666
2.9862995433181103
2.9863995466515547
2.9864995499849996
2.986599553318444
2.9866995566518884
2.9867995599853328
2.986899563318777
2.9869995666522215
2.987099569985666
2.9871995733191103
2.9872995766525547
2.9873995799859996
2.987499583319444
2.9875995866528884
2.987699589986333
2.987799593319777
2.9878995966532216
2.987999599986666
2.9880996033201104
2.9881996066535548
2.9882996099869996
2.988399613320444
2.9884996166538884
2.988599619987333
2.988699623320777
2.9887996266542216
2.988899629987666
2.9889996333211104
2.989099636654555
2.9891996399879996
2.989299643321444
2.9893996466548884
2.989499649988333
2.9895996533217772
2.9896996566552216
2.989799659988666
2.9898996633221104
2.989999666655555
2.9900996699889997
2.990199673322444
2.9902996766558885
2.990399679989333
2.9904996833227773
2.9905996866562217
2.990699689989666
2.9907996933231105
2.9908996966565553
2.9909996999899997
2.991099703323444
2.9911997066568885
2.991299709990333
2.9913997133237773
2.9914997166572217
2.991599719990666
2.9916997233241105
2.9917997266575553
2.9918997299909997
2.991999733324444
2.9920997366578885
2.992199739991333
2.9922997433247773
2.9923997466582217
2.992499749991666
2.9925997533251105
2.9926997566585554
2.9927997599919998
2.992899763325444
2.9929997666588886
2.993099769992333
2.9931997733257774
2.9932997766592218
2.993399779992666
2.9934997833261106
2.9935997866595554
2.993699789993
2.993799793326444
2.9938997966598886
2.993999799993333
2.9940998033267774
2.994199806660222
2.994299809993666
2.9943998133271106
2.9944998166605554
2.994599819994
2.994699823327444
2.9947998266608886
2.994899829994333
2.9949998333277774
2.995099836661222
2.995199839994666
2.9952998433281106
2.9953998466615555
2.995499849995
2.9955998533284443
2.9956998566618886
2.995799859995333
2.9958998633287774
2.995999866662222
2.9960998699956662
2.9961998733291106
2.9962998766625555
2.996399879996
2.9964998833294443
2.9965998866628887
2.996699889996333
2.9967998933297775
2.996899896663222
2.9969998999966663
2.9970999033301107
2.9971999066635555
2.997299909997
2.9973999133304443
2.9974999166638887
2.997599919997333
2.9976999233307775
2.997799926664222
2.9978999299976663
2.9979999333311107
2.9980999366645555
2.998199939998
2.9982999433314443
2.9983999466648887
2.998499949998333
2.9985999533317775
2.998699956665222
2.9987999599986663
2.9988999633321107
2.9989999666655556
2.999099969999
2.9991999733324444
2.9992999766658888
2.999399979999333
2.9994999833327776
2.999599986666222
2.9996999899996664
2.9997999933331108
2.9998999966665556
3.0
