0
6.36641e-05
0.000127328
0.000190992
0.000254656
0.00031832
0.000381985
0.000445649
0.000509313
0.000572977
0.000636641
0.000700305
0.000763969
0.000827633
0.000891297
0.000954961
0.00101863
0.00108229
0.00114595
0.00120962
0.00127328
0.00133695
0.00140061
0.00146427
0.00152794
0.0015916
0.00165527
0.00171893
0.00178259
0.00184626
0.00190992
0.00197358
0.00203725
0.00210091
0.00216458
0.00222824
0.0022919
0.00235557
0.00241923
0.0024829
0.00254656
0.00261022
0.00267389
0.00273755
0.00280121
0.00286488
0.00292854
0.00299221
0.00305587
0.00311953
0.0031832
0.00324686
0.00331052
0.00337419
0.00343785
0.00350151
0.00356518
0.00362884
0.0036925
0.00375617
0.00381983
0.00388349
0.00394716
0.00401082
0.00407448
0.00413815
0.00420181
0.00426547
0.00432914
0.0043928
0.00445646
0.00452013
0.00458379
0.00464745
0.00471111
0.00477478
0.00483844
0.0049021
0.00496577
0.00502943
0.00509309
0.00515675
0.00522042
0.00528408
0.00534774
0.0054114
0.00547507
0.00553873
0.00560239
0.00566605
0.00572972
0.00579338
0.00585704
0.0059207
0.00598437
0.00604803
0.00611169
0.00617535
0.00623901
0.00630268
0.00636634
0.00643
0.00649366
0.00655732
0.00662099
0.00668465
0.00674831
0.00681197
0.00687563
0.00693929
0.00700296
0.00706662
0.00713028
0.00719394
0.0072576
0.00732126
0.00738492
0.00744859
0.00751225
0.00757591
0.00763957
0.00770323
0.00776689
0.00783055
0.00789421
0.00795787
0.00802153
0.0080852
0.00814886
0.00821252
0.00827618
0.00833984
0.0084035
0.00846716
0.00853082
0.00859448
0.00865814
0.0087218
0.00878546
0.00884912
0.00891278
0.00897644
0.0090401
0.00910376
0.00916742
0.00923108
0.00929474
0.0093584
0.00942206
0.00948572
0.00954938
0.00961303
0.00967669
0.00974035
0.00980401
0.00986767
0.00993133
0.00999499
0.0100586
0.0101223
0.010186
0.0102496
0.0103133
0.0103769
0.0104406
0.0105043
0.0105679
0.0106316
0.0106952
0.0107589
0.0108225
0.0108862
0.0109499
0.0110135
0.0110772
0.0111408
0.0112045
0.0112682
0.0113318
0.0113955
0.0114591
0.0115228
0.0115864
0.0116501
0.0117138
0.0117774
0.0118411
0.0119047
0.0119684
0.012032
0.0120957
0.0121593
0.012223
0.0122867
0.0123503
0.012414
0.0124776
0.0125413
0.0126049
0.0126686
0.0127323
0.0127959
0.0128596
0.0129232
0.0129869
0.0130505
0.0131142
0.0131778
0.0132415
0.0133051
0.0133688
0.0134325
0.0134961
0.0135598
0.0136234
0.0136871
0.0137507
0.0138144
0.013878
0.0139417
0.0140053
0.014069
0.0141327
0.0141963
0.01426
0.0143236
0.0143873
0.0144509
0.0145146
0.0145782
0.0146419
0.0147055
0.0147692
0.0148328
0.0148965
0.0149601
0.0150238
0.0150874
0.0151511
0.0152148
0.0152784
0.0153421
0.0154057
0.0154694
0.015533
0.0155967
0.0156603
0.015724
0.0157876
0.0158513
0.0159149
0.0159786
0.0160422
0.0161059
0.0161695
0.0162332
0.0162968
0.0163605
0.0164241
0.0164878
0.0165514
0.0166151
0.0166787
0.0167424
0.016806
0.0168697
0.0169333
0.016997
0.0170606
0.0171243
0.0171879
0.0172516
0.0173152
0.0173789
0.0174425
0.0175062
0.0175698
0.0176335
0.0176971
0.0177607
0.0178244
0.017888
0.0179517
0.0180153
0.018079
0.0181426
0.0182063
0.0182699
0.0183336
0.0183972
0.0184609
0.0185245
0.0185882
0.0186518
0.0187154
0.0187791
0.0188427
0.0189064
0.01897
0.0190337
0.0190973
0.019161
0.0192246
0.0192883
0.0193519
0.0194155
0.0194792
0.0195428
0.0196065
0.0196701
0.0197338
0.0197974
0.019861
0.0199247
0.0199883
0.020052
0.0201156
0.0201793
0.0202429
0.0203065
0.0203702
0.0204338
0.0204975
0.0205611
0.0206248
0.0206884
0.020752
0.0208157
0.0208793
0.020943
0.0210066
0.0210702
0.0211339
0.0211975
0.0212612
0.0213248
0.0213885
0.0214521
0.0215157
0.0215794
0.021643
0.0217067
0.0217703
0.0218339
0.0218976
0.0219612
0.0220248
0.0220885
0.0221521
0.0222158
0.0222794
0.022343
0.0224067
0.0224703
0.022534
0.0225976
0.0226612
0.0227249
0.0227885
0.0228521
0.0229158
0.0229794
0.023043
0.0231067
0.0231703
0.023234
0.0232976
0.0233612
0.0234249
0.0234885
0.0235521
0.0236158
0.0236794
0.023743
0.0238067
0.0238703
0.0239339
0.0239976
0.0240612
0.0241248
0.0241885
0.0242521
0.0243157
0.0243794
0.024443
0.0245066
0.0245703
0.0246339
0.0246975
0.0247612
0.0248248
0.0248884
0.0249521
0.0250157
0.0250793
0.025143
0.0252066
0.0252702
0.0253338
0.0253975
0.0254611
0.0255247
0.0255884
0.025652
0.0257156
0.0257793
0.0258429
0.0259065
0.0259701
0.0260338
0.0260974
0.026161
0.0262247
0.0262883
0.0263519
0.0264155
0.0264792
0.0265428
0.0266064
0.0266701
0.0267337
0.0267973
0.0268609
0.0269246
0.0269882
0.0270518
0.0271154
0.0271791
0.0272427
0.0273063
0.0273699
0.0274336
0.0274972
0.0275608
0.0276244
0.0276881
0.0277517
0.0278153
0.0278789
0.0279426
0.0280062
0.0280698
0.0281334
0.028197
0.0282607
0.0283243
0.0283879
0.0284515
0.0285152
0.0285788
0.0286424
0.028706
0.0287696
0.0288333
0.0288969
0.0289605
0.0290241
0.0290877
0.0291514
0.029215
0.0292786
0.0293422
0.0294058
0.0294695
0.0295331
0.0295967
0.0296603
0.0297239
0.0297875
0.0298512
0.0299148
0.0299784
0.030042
0.0301056
0.0301692
0.0302329
0.0302965
0.0303601
0.0304237
0.0304873
0.0305509
0.0306146
0.0306782
0.0307418
0.0308054
0.030869
0.0309326
0.0309962
0.0310599
0.0311235
0.0311871
0.0312507
0.0313143
0.0313779
0.0314415
0.0315051
0.0315688
0.0316324
0.031696
0.0317596
0.0318232
0.0318868
0.0319504
0.032014
0.0320776
0.0321413
0.0322049
0.0322685
0.0323321
0.0323957
0.0324593
0.0325229
0.0325865
0.0326501
0.0327137
0.0327773
0.032841
0.0329046
0.0329682
0.0330318
0.0330954
0.033159
0.0332226
0.0332862
0.0333498
0.0334134
0.033477
0.0335406
0.0336042
0.0336678
0.0337314
0.033795
0.0338586
0.0339223
0.0339859
0.0340495
0.0341131
0.0341767
0.0342403
0.0343039
0.0343675
0.0344311
0.0344947
0.0345583
0.0346219
0.0346855
0.0347491
0.0348127
0.0348763
0.0349399
0.0350035
0.0350671
0.0351307
0.0351943
0.0352579
0.0353215
0.0353851
0.0354487
0.0355123
0.0355759
0.0356395
0.0357031
0.0357667
0.0358303
0.0358939
0.0359575
0.0360211
0.0360846
0.0361482
0.0362118
0.0362754
0.036339
0.0364026
0.0364662
0.0365298
0.0365934
0.036657
0.0367206
0.0367842
0.0368478
0.0369114
0.036975
0.0370386
0.0371022
0.0371657
0.0372293
0.0372929
0.0373565
0.0374201
0.0374837
0.0375473
0.0376109
0.0376745
0.0377381
0.0378016
0.0378652
0.0379288
0.0379924
0.038056
0.0381196
0.0381832
0.0382468
0.0383104
0.0383739
0.0384375
0.0385011
0.0385647
0.0386283
0.0386919
0.0387555
0.038819
0.0388826
0.0389462
0.0390098
0.0390734
0.039137
0.0392005
0.0392641
0.0393277
0.0393913
0.0394549
0.0395185
0.039582
0.0396456
0.0397092
0.0397728
0.0398364
0.0399
0.0399635
0.0400271
0.0400907
0.0401543
0.0402179
0.0402814
0.040345
0.0404086
0.0404722
0.0405357
0.0405993
0.0406629
0.0407265
0.0407901
0.0408536
0.0409172
0.0409808
0.0410444
0.0411079
0.0411715
0.0412351
0.0412987
0.0413622
0.0414258
0.0414894
0.041553
0.0416165
0.0416801
0.0417437
0.0418073
0.0418708
0.0419344
0.041998
0.0420615
0.0421251
0.0421887
0.0422523
0.0423158
0.0423794
0.042443
0.0425065
0.0425701
0.0426337
0.0426972
0.0427608
0.0428244
0.0428879
0.0429515
0.0430151
0.0430786
0.0431422
0.0432058
0.0432693
0.0433329
0.0433965
0.04346
0.0435236
0.0435872
0.0436507
0.0437143
0.0437779
0.0438414
0.043905
0.0439686
0.0440321
0.0440957
0.0441592
0.0442228
0.0442864
0.0443499
0.0444135
0.044477
0.0445406
0.0446042
0.0446677
0.0447313
0.0447948
0.0448584
0.044922
0.0449855
0.0450491
0.0451126
0.0451762
0.0452397
0.0453033
0.0453669
0.0454304
0.045494
0.0455575
0.0456211
0.0456846
0.0457482
0.0458117
0.0458753
0.0459389
0.0460024
0.046066
0.0461295
0.0461931
0.0462566
0.0463202
0.0463837
0.0464473
0.0465108
0.0465744
0.0466379
0.0467015
0.046765
0.0468286
0.0468921
0.0469557
0.0470192
0.0470828
0.0471463
0.0472099
0.0472734
0.047337
0.0474005
0.0474641
0.0475276
0.0475911
0.0476547
0.0477182
0.0477818
0.0478453
0.0479089
0.0479724
0.048036
0.0480995
0.048163
0.0482266
0.0482901
0.0483537
0.0484172
0.0484807
0.0485443
0.0486078
0.0486714
0.0487349
0.0487984
0.048862
0.0489255
0.0489891
0.0490526
0.0491161
0.0491797
0.0492432
0.0493068
0.0493703
0.0494338
0.0494974
0.0495609
0.0496244
0.049688
0.0497515
0.049815
0.0498786
0.0499421
0.0500056
0.0500692
0.0501327
0.0501962
0.0502598
0.0503233
0.0503868
0.0504504
0.0505139
0.0505774
0.0506409
0.0507045
0.050768
0.0508315
0.0508951
0.0509586
0.0510221
0.0510856
0.0511492
0.0512127
0.0512762
0.0513398
0.0514033
0.0514668
0.0515303
0.0515939
0.0516574
0.0517209
0.0517844
0.051848
0.0519115
0.051975
0.0520385
0.052102
0.0521656
0.0522291
0.0522926
0.0523561
0.0524196
0.0524832
0.0525467
0.0526102
0.0526737
0.0527372
0.0528008
0.0528643
0.0529278
0.0529913
0.0530548
0.0531183
0.0531819
0.0532454
0.0533089
0.0533724
0.0534359
0.0534994
0.0535629
0.0536265
0.05369
0.0537535
0.053817
0.0538805
0.053944
0.0540075
0.054071
0.0541346
0.0541981
0.0542616
0.0543251
0.0543886
0.0544521
0.0545156
0.0545791
0.0546426
0.0547061
0.0547696
0.0548332
0.0548967
0.0549602
0.0550237
0.0550872
0.0551507
0.0552142
0.0552777
0.0553412
0.0554047
0.0554682
0.0555317
0.0555952
0.0556587
0.0557222
0.0557857
0.0558492
0.0559127
0.0559762
0.0560397
0.0561032
0.0561667
0.0562302
0.0562937
0.0563572
0.0564207
0.0564842
0.0565477
0.0566112
0.0566747
0.0567382
0.0568017
0.0568652
0.0569287
0.0569922
0.0570557
0.0571191
0.0571826
0.0572461
0.0573096
0.0573731
0.0574366
0.0575001
0.0575636
0.0576271
0.0576906
0.0577541
0.0578175
0.057881
0.0579445
0.058008
0.0580715
0.058135
0.0581985
0.058262
0.0583254
0.0583889
0.0584524
0.0585159
0.0585794
0.0586429
0.0587064
0.0587698
0.0588333
0.0588968
0.0589603
0.0590238
0.0590872
0.0591507
0.0592142
0.0592777
0.0593412
0.0594046
0.0594681
0.0595316
0.0595951
0.0596586
0.059722
0.0597855
0.059849
0.0599125
0.0599759
0.0600394
0.0601029
0.0601664
0.0602298
0.0602933
0.0603568
0.0604203
0.0604837
0.0605472
0.0606107
0.0606741
0.0607376
0.0608011
0.0608646
0.060928
0.0609915
0.061055
0.0611184
0.0611819
0.0612454
0.0613088
0.0613723
0.0614358
0.0614992
0.0615627
0.0616262
0.0616896
0.0617531
0.0618166
0.06188
0.0619435
0.0620069
0.0620704
0.0621339
0.0621973
0.0622608
0.0623243
0.0623877
0.0624512
0.0625146
0.0625781
0.0626416
0.062705
0.0627685
0.0628319
0.0628954
0.0629588
0.0630223
0.0630858
0.0631492
0.0632127
0.0632761
0.0633396
0.063403
0.0634665
0.0635299
0.0635934
0.0636568
0.0637203
0.0637837
0.0638472
0.0639106
0.0639741
0.0640375
0.064101
0.0641644
0.0642279
0.0642913
0.0643548
0.0644182
0.0644817
0.0645451
0.0646086
0.064672
0.0647354
0.0647989
0.0648623
0.0649258
0.0649892
0.0650527
0.0651161
0.0651795
0.065243
0.0653064
0.0653699
0.0654333
0.0654967
0.0655602
0.0656236
0.0656871
0.0657505
0.0658139
0.0658774
0.0659408
0.0660042
0.0660677
0.0661311
0.0661946
0.066258
0.0663214
0.0663849
0.0664483
0.0665117
0.0665751
0.0666386
0.066702
0.0667654
0.0668289
0.0668923
0.0669557
0.0670192
0.0670826
0.067146
0.0672094
0.0672729
0.0673363
0.0673997
0.0674631
0.0675266
0.06759
0.0676534
0.0677168
0.0677803
0.0678437
0.0679071
0.0679705
0.068034
0.0680974
0.0681608
0.0682242
0.0682876
0.0683511
0.0684145
0.0684779
0.0685413
0.0686047
0.0686681
0.0687316
0.068795
0.0688584
0.0689218
0.0689852
0.0690486
0.0691121
0.0691755
0.0692389
0.0693023
0.0693657
0.0694291
0.0694925
0.0695559
0.0696193
0.0696828
0.0697462
0.0698096
0.069873
0.0699364
0.0699998
0.0700632
0.0701266
0.07019
0.0702534
0.0703168
0.0703802
0.0704436
0.070507
0.0705704
0.0706338
0.0706972
0.0707606
0.0708241
0.0708875
0.0709509
0.0710143
0.0710777
0.071141
0.0712044
0.0712678
0.0713312
0.0713946
0.071458
0.0715214
0.0715848
0.0716482
0.0717116
0.071775
0.0718384
0.0719018
0.0719652
0.0720286
0.072092
0.0721554
0.0722188
0.0722821
0.0723455
0.0724089
0.0724723
0.0725357
0.0725991
0.0726625
0.0727259
0.0727893
0.0728526
0.072916
0.0729794
0.0730428
0.0731062
0.0731696
0.0732329
0.0732963
0.0733597
0.0734231
0.0734865
0.0735498
0.0736132
0.0736766
0.07374
0.0738034
0.0738667
0.0739301
0.0739935
0.0740569
0.0741203
0.0741836
0.074247
0.0743104
0.0743738
0.0744371
0.0745005
0.0745639
0.0746272
0.0746906
0.074754
0.0748174
0.0748807
0.0749441
0.0750075
0.0750708
0.0751342
0.0751976
0.0752609
0.0753243
0.0753877
0.075451
0.0755144
0.0755778
0.0756411
0.0757045
0.0757679
0.0758312
0.0758946
0.0759579
0.0760213
0.0760847
0.076148
0.0762114
0.0762747
0.0763381
0.0764015
0.0764648
0.0765282
0.0765915
0.0766549
0.0767182
0.0767816
0.0768449
0.0769083
0.0769717
0.077035
0.0770984
0.0771617
0.0772251
0.0772884
0.0773518
0.0774151
0.0774785
0.0775418
0.0776052
0.0776685
0.0777319
0.0777952
0.0778586
0.0779219
0.0779852
0.0780486
0.0781119
0.0781753
0.0782386
0.078302
0.0783653
0.0784286
0.078492
0.0785553
0.0786187
0.078682
0.0787453
0.0788087
0.078872
0.0789354
0.0789987
0.079062
0.0791254
0.0791887
0.079252
0.0793154
0.0793787
0.079442
0.0795054
0.0795687
0.079632
0.0796954
0.0797587
0.079822
0.0798854
0.0799487
0.080012
0.0800753
0.0801387
0.080202
0.0802653
0.0803286
0.080392
0.0804553
0.0805186
0.0805819
0.0806453
0.0807086
0.0807719
0.0808352
0.0808985
0.0809619
0.0810252
0.0810885
0.0811518
0.0812151
0.0812785
0.0813418
0.0814051
0.0814684
0.0815317
0.081595
0.0816584
0.0817217
0.081785
0.0818483
0.0819116
0.0819749
0.0820382
0.0821015
0.0821649
0.0822282
0.0822915
0.0823548
0.0824181
0.0824814
0.0825447
0.082608
0.0826713
0.0827346
0.0827979
0.0828612
0.0829245
0.0829878
0.0830511
0.0831144
0.0831777
0.083241
0.0833043
0.0833676
0.0834309
0.0834942
0.0835575
0.0836208
0.0836841
0.0837474
0.0838107
0.083874
0.0839373
0.0840006
0.0840639
0.0841272
0.0841905
0.0842538
0.0843171
0.0843804
0.0844436
0.0845069
0.0845702
0.0846335
0.0846968
0.0847601
0.0848234
0.0848867
0.0849499
0.0850132
0.0850765
0.0851398
0.0852031
0.0852664
0.0853296
0.0853929
0.0854562
0.0855195
0.0855828
0.085646
0.0857093
0.0857726
0.0858359
0.0858992
0.0859624
0.0860257
0.086089
0.0861523
0.0862155
0.0862788
0.0863421
0.0864054
0.0864686
0.0865319
0.0865952
0.0866584
0.0867217
0.086785
0.0868482
0.0869115
0.0869748
0.087038
0.0871013
0.0871646
0.0872278
0.0872911
0.0873544
0.0874176
0.0874809
0.0875442
0.0876074
0.0876707
0.0877339
0.0877972
0.0878605
0.0879237
0.087987
0.0880502
0.0881135
0.0881767
0.08824
0.0883033
0.0883665
0.0884298
0.088493
0.0885563
0.0886195
0.0886828
0.088746
0.0888093
0.0888725
0.0889358
0.088999
0.0890623
0.0891255
0.0891888
0.089252
0.0893152
0.0893785
0.0894417
0.089505
0.0895682
0.0896315
0.0896947
0.0897579
0.0898212
0.0898844
0.0899477
0.0900109
0.0900741
0.0901374
0.0902006
0.0902639
0.0903271
0.0903903
0.0904536
0.0905168
0.09058
0.0906433
0.0907065
0.0907697
0.090833
0.0908962
0.0909594
0.0910226
0.0910859
0.0911491
0.0912123
0.0912756
0.0913388
0.091402
0.0914652
0.0915285
0.0915917
0.0916549
0.0917181
0.0917814
0.0918446
0.0919078
0.091971
0.0920342
0.0920975
0.0921607
0.0922239
0.0922871
0.0923503
0.0924135
0.0924768
0.09254
0.0926032
0.0926664
0.0927296
0.0927928
0.092856
0.0929192
0.0929824
0.0930457
0.0931089
0.0931721
0.0932353
0.0932985
0.0933617
0.0934249
0.0934881
0.0935513
0.0936145
0.0936777
0.0937409
0.0938041
0.0938673
0.0939305
0.0939937
0.0940569
0.0941201
0.0941833
0.0942465
0.0943097
0.0943729
0.0944361
0.0944993
0.0945625
0.0946257
0.0946889
0.0947521
0.0948153
0.0948785
0.0949417
0.0950048
0.095068
0.0951312
0.0951944
0.0952576
0.0953208
0.095384
0.0954472
0.0955103
0.0955735
0.0956367
0.0956999
0.0957631
0.0958263
0.0958894
0.0959526
0.0960158
0.096079
0.0961422
0.0962053
0.0962685
0.0963317
0.0963949
0.096458
0.0965212
0.0965844
0.0966476
0.0967107
0.0967739
0.0968371
0.0969003
0.0969634
0.0970266
0.0970898
0.0971529
0.0972161
0.0972793
0.0973424
0.0974056
0.0974688
0.0975319
0.0975951
0.0976583
0.0977214
0.0977846
0.0978477
0.0979109
0.0979741
0.0980372
0.0981004
0.0981635
0.0982267
0.0982899
0.098353
0.0984162
0.0984793
0.0985425
0.0986056
0.0986688
0.0987319
0.0987951
0.0988582
0.0989214
0.0989845
0.0990477
0.0991108
0.099174
0.0992371
0.0993003
0.0993634
0.0994266
0.0994897
0.0995528
0.099616
0.0996791
0.0997423
0.0998054
0.0998686
0.0999317
0.0999948
0.100058
0.100121
0.100184
0.100247
0.100311
0.100374
0.100437
0.1005
0.100563
0.100626
0.100689
0.100752
0.100816
0.100879
0.100942
0.101005
0.101068
0.101131
0.101194
0.101257
0.101321
0.101384
0.101447
0.10151
0.101573
0.101636
0.101699
0.101762
0.101826
0.101889
0.101952
0.102015
0.102078
0.102141
0.102204
0.102267
0.10233
0.102394
0.102457
0.10252
0.102583
0.102646
0.102709
0.102772
0.102835
0.102898
0.102962
0.103025
0.103088
0.103151
0.103214
0.103277
0.10334
0.103403
0.103466
0.10353
0.103593
0.103656
0.103719
0.103782
0.103845
0.103908
0.103971
0.104034
0.104097
0.104161
0.104224
0.104287
0.10435
0.104413
0.104476
0.104539
0.104602
0.104665
0.104728
0.104791
0.104854
0.104918
0.104981
0.105044
0.105107
0.10517
0.105233
0.105296
0.105359
0.105422
0.105485
0.105548
0.105611
0.105675
0.105738
0.105801
0.105864
0.105927
0.10599
0.106053
0.106116
0.106179
0.106242
0.106305
0.106368
0.106431
0.106494
0.106558
0.106621
0.106684
0.106747
0.10681
0.106873
0.106936
0.106999
0.107062
0.107125
0.107188
0.107251
0.107314
0.107377
0.10744
0.107503
0.107567
0.10763
0.107693
0.107756
0.107819
0.107882
0.107945
0.108008
0.108071
0.108134
0.108197
0.10826
0.108323
0.108386
0.108449
0.108512
0.108575
0.108638
0.108701
0.108764
0.108828
0.108891
0.108954
0.109017
0.10908
0.109143
0.109206
0.109269
0.109332
0.109395
0.109458
0.109521
0.109584
0.109647
0.10971
0.109773
0.109836
0.109899
0.109962
0.110025
0.110088
0.110151
0.110214
0.110277
0.11034
0.110403
0.110466
0.110529
0.110592
0.110655
0.110718
0.110781
0.110844
0.110907
0.11097
0.111033
0.111097
0.11116
0.111223
0.111286
0.111349
0.111412
0.111475
0.111538
0.111601
0.111664
0.111727
0.11179
0.111853
0.111916
0.111979
0.112042
0.112105
0.112168
0.112231
0.112294
0.112357
0.11242
0.112483
0.112546
0.112609
0.112672
0.112735
0.112798
0.112861
0.112924
0.112987
0.11305
0.113113
0.113176
0.113239
0.113302
0.113365
0.113428
0.113491
0.113554
0.113617
0.113679
0.113742
0.113805
0.113868
0.113931
0.113994
0.114057
0.11412
0.114183
0.114246
0.114309
0.114372
0.114435
0.114498
0.114561
0.114624
0.114687
0.11475
0.114813
0.114876
0.114939
0.115002
0.115065
0.115128
0.115191
0.115254
0.115317
0.11538
0.115443
0.115506
0.115569
0.115632
0.115695
0.115758
0.115821
0.115883
0.115946
0.116009
0.116072
0.116135
0.116198
0.116261
0.116324
0.116387
0.11645
0.116513
0.116576
0.116639
0.116702
0.116765
0.116828
0.116891
0.116954
0.117017
0.11708
0.117142
0.117205
0.117268
0.117331
0.117394
0.117457
0.11752
0.117583
0.117646
0.117709
0.117772
0.117835
0.117898
0.117961
0.118024
0.118086
0.118149
0.118212
0.118275
0.118338
0.118401
0.118464
0.118527
0.11859
0.118653
0.118716
0.118779
0.118842
0.118905
0.118967
0.11903
0.119093
0.119156
0.119219
0.119282
0.119345
0.119408
0.119471
0.119534
0.119597
0.119659
0.119722
0.119785
0.119848
0.119911
0.119974
0.120037
0.1201
0.120163
0.120226
0.120289
0.120351
0.120414
0.120477
0.12054
0.120603
0.120666
0.120729
0.120792
0.120855
0.120918
0.12098
0.121043
0.121106
0.121169
0.121232
0.121295
0.121358
0.121421
0.121484
0.121546
0.121609
0.121672
0.121735
0.121798
0.121861
0.121924
0.121987
0.122049
0.122112
0.122175
0.122238
0.122301
0.122364
0.122427
0.12249
0.122553
0.122615
0.122678
0.122741
0.122804
0.122867
0.12293
0.122993
0.123055
0.123118
0.123181
0.123244
0.123307
0.12337
0.123433
0.123496
0.123558
0.123621
0.123684
0.123747
0.12381
0.123873
0.123936
0.123998
0.124061
0.124124
0.124187
0.12425
0.124313
0.124375
0.124438
0.124501
0.124564
0.124627
0.12469
0.124753
0.124815
0.124878
0.124941
0.125004
0.125067
0.12513
0.125192
0.125255
0.125318
0.125381
0.125444
0.125507
0.125569
0.125632
0.125695
0.125758
0.125821
0.125884
0.125946
0.126009
0.126072
0.126135
0.126198
0.126261
0.126323
0.126386
0.126449
0.126512
0.126575
0.126638
0.1267
0.126763
0.126826
0.126889
0.126952
0.127014
0.127077
0.12714
0.127203
0.127266
0.127328
0.127391
0.127454
0.127517
0.12758
0.127643
0.127705
0.127768
0.127831
0.127894
0.127957
0.128019
0.128082
0.128145
0.128208
0.128271
0.128333
0.128396
0.128459
0.128522
0.128585
0.128647
0.12871
0.128773
0.128836
0.128898
0.128961
0.129024
0.129087
0.12915
0.129212
0.129275
0.129338
0.129401
0.129464
0.129526
0.129589
0.129652
0.129715
0.129777
0.12984
0.129903
0.129966
0.130029
0.130091
0.130154
0.130217
0.13028
0.130342
0.130405
0.130468
0.130531
0.130593
0.130656
0.130719
0.130782
0.130844
0.130907
0.13097
0.131033
0.131096
0.131158
0.131221
0.131284
0.131347
0.131409
0.131472
0.131535
0.131598
0.13166
0.131723
0.131786
0.131849
0.131911
0.131974
0.132037
0.1321
0.132162
0.132225
0.132288
0.132351
0.132413
0.132476
0.132539
0.132601
0.132664
0.132727
0.13279
0.132852
0.132915
0.132978
0.133041
0.133103
0.133166
0.133229
0.133292
0.133354
0.133417
0.13348
0.133542
0.133605
0.133668
0.133731
0.133793
0.133856
0.133919
0.133981
0.134044
0.134107
0.13417
0.134232
0.134295
0.134358
0.13442
0.134483
0.134546
0.134609
0.134671
0.134734
0.134797
0.134859
0.134922
0.134985
0.135048
0.13511
0.135173
0.135236
0.135298
0.135361
0.135424
0.135486
0.135549
0.135612
0.135675
0.135737
0.1358
0.135863
0.135925
0.135988
0.136051
0.136113
0.136176
0.136239
0.136301
0.136364
0.136427
0.136489
0.136552
0.136615
0.136677
0.13674
0.136803
0.136866
0.136928
0.136991
0.137054
0.137116
0.137179
0.137242
0.137304
0.137367
0.13743
0.137492
0.137555
0.137618
0.13768
0.137743
0.137806
0.137868
0.137931
0.137994
0.138056
0.138119
0.138182
0.138244
0.138307
0.138369
0.138432
0.138495
0.138557
0.13862
0.138683
0.138745
0.138808
0.138871
0.138933
0.138996
0.139059
0.139121
0.139184
0.139247
0.139309
0.139372
0.139434
0.139497
0.13956
0.139622
0.139685
0.139748
0.13981
0.139873
0.139936
0.139998
0.140061
0.140123
0.140186
0.140249
0.140311
0.140374
0.140437
0.140499
0.140562
0.140624
0.140687
0.14075
0.140812
0.140875
0.140938
0.141
0.141063
0.141125
0.141188
0.141251
0.141313
0.141376
0.141438
0.141501
0.141564
0.141626
0.141689
0.141751
0.141814
0.141877
0.141939
0.142002
0.142064
0.142127
0.14219
0.142252
0.142315
0.142377
0.14244
0.142503
0.142565
0.142628
0.14269
0.142753
0.142816
0.142878
0.142941
0.143003
0.143066
0.143129
0.143191
0.143254
0.143316
0.143379
0.143441
0.143504
0.143567
0.143629
0.143692
0.143754
0.143817
0.143879
0.143942
0.144005
0.144067
0.14413
0.144192
0.144255
0.144317
0.14438
0.144443
0.144505
0.144568
0.14463
0.144693
0.144755
0.144818
0.14488
0.144943
0.145006
0.145068
0.145131
0.145193
0.145256
0.145318
0.145381
0.145443
0.145506
0.145569
0.145631
0.145694
0.145756
0.145819
0.145881
0.145944
0.146006
0.146069
0.146131
0.146194
0.146256
0.146319
0.146382
0.146444
0.146507
0.146569
0.146632
0.146694
0.146757
0.146819
0.146882
0.146944
0.147007
0.147069
0.147132
0.147194
0.147257
0.147319
0.147382
0.147444
0.147507
0.147569
0.147632
0.147694
0.147757
0.14782
0.147882
0.147945
0.148007
0.14807
0.148132
0.148195
0.148257
0.14832
0.148382
0.148445
0.148507
0.14857
0.148632
0.148695
0.148757
0.14882
0.148882
0.148945
0.149007
0.14907
0.149132
0.149195
0.149257
0.149319
0.149382
0.149444
0.149507
0.149569
0.149632
0.149694
0.149757
0.149819
0.149882
0.149944
0.150007
0.150069
0.150132
0.150194
0.150257
0.150319
0.150382
0.150444
0.150507
0.150569
0.150631
0.150694
0.150756
0.150819
0.150881
0.150944
0.151006
0.151069
0.151131
0.151194
0.151256
0.151319
0.151381
0.151443
0.151506
0.151568
0.151631
0.151693
0.151756
0.151818
0.151881
0.151943
0.152005
0.152068
0.15213
0.152193
0.152255
0.152318
0.15238
0.152443
0.152505
0.152567
0.15263
0.152692
0.152755
0.152817
0.15288
0.152942
0.153004
0.153067
0.153129
0.153192
0.153254
0.153317
0.153379
0.153441
0.153504
0.153566
0.153629
0.153691
0.153753
0.153816
0.153878
0.153941
0.154003
0.154066
0.154128
0.15419
0.154253
0.154315
0.154378
0.15444
0.154502
0.154565
0.154627
0.15469
0.154752
0.154814
0.154877
0.154939
0.155002
0.155064
0.155126
0.155189
0.155251
0.155314
0.155376
0.155438
0.155501
0.155563
0.155625
0.155688
0.15575
0.155813
0.155875
0.155937
0.156
0.156062
0.156125
0.156187
0.156249
0.156312
0.156374
0.156436
0.156499
0.156561
0.156623
0.156686
0.156748
0.156811
0.156873
0.156935
0.156998
0.15706
0.157122
0.157185
0.157247
0.157309
0.157372
0.157434
0.157497
0.157559
0.157621
0.157684
0.157746
0.157808
0.157871
0.157933
0.157995
0.158058
0.15812
0.158182
0.158245
0.158307
0.158369
0.158432
0.158494
0.158556
0.158619
0.158681
0.158743
0.158806
0.158868
0.15893
0.158993
0.159055
0.159117
0.15918
0.159242
0.159304
0.159367
0.159429
0.159491
0.159554
0.159616
0.159678
0.159741
0.159803
0.159865
0.159927
0.15999
0.160052
0.160114
0.160177
0.160239
0.160301
0.160364
0.160426
0.160488
0.160551
0.160613
0.160675
0.160737
0.1608
0.160862
0.160924
0.160987
0.161049
0.161111
0.161173
0.161236
0.161298
0.16136
0.161423
0.161485
0.161547
0.161609
0.161672
0.161734
0.161796
0.161859
0.161921
0.161983
0.162045
0.162108
0.16217
0.162232
0.162295
0.162357
0.162419
0.162481
0.162544
0.162606
0.162668
0.16273
0.162793
0.162855
0.162917
0.162979
0.163042
0.163104
0.163166
0.163228
0.163291
0.163353
0.163415
0.163477
0.16354
0.163602
0.163664
0.163726
0.163789
0.163851
0.163913
0.163975
0.164038
0.1641
0.164162
0.164224
0.164287
0.164349
0.164411
0.164473
0.164536
0.164598
0.16466
0.164722
0.164784
0.164847
0.164909
0.164971
0.165033
0.165096
0.165158
0.16522
0.165282
0.165344
0.165407
0.165469
0.165531
0.165593
0.165656
0.165718
0.16578
0.165842
0.165904
0.165967
0.166029
0.166091
0.166153
0.166215
0.166278
0.16634
0.166402
0.166464
0.166526
0.166589
0.166651
0.166713
0.166775
0.166837
0.1669
0.166962
0.167024
0.167086
0.167148
0.167211
0.167273
0.167335
0.167397
0.167459
0.167521
0.167584
0.167646
0.167708
0.16777
0.167832
0.167894
0.167957
0.168019
0.168081
0.168143
0.168205
0.168267
0.16833
0.168392
0.168454
0.168516
0.168578
0.16864
0.168703
0.168765
0.168827
0.168889
0.168951
0.169013
0.169076
0.169138
0.1692
0.169262
0.169324
0.169386
0.169448
0.169511
0.169573
0.169635
0.169697
0.169759
0.169821
0.169883
0.169946
0.170008
0.17007
0.170132
0.170194
0.170256
0.170318
0.17038
0.170443
0.170505
0.170567
0.170629
0.170691
0.170753
0.170815
0.170877
0.17094
0.171002
0.171064
0.171126
0.171188
0.17125
0.171312
0.171374
0.171436
0.171499
0.171561
0.171623
0.171685
0.171747
0.171809
0.171871
0.171933
0.171995
0.172057
0.17212
0.172182
0.172244
0.172306
0.172368
0.17243
0.172492
0.172554
0.172616
0.172678
0.17274
0.172803
0.172865
0.172927
0.172989
0.173051
0.173113
0.173175
0.173237
0.173299
0.173361
0.173423
0.173485
0.173547
0.173609
0.173672
0.173734
0.173796
0.173858
0.17392
0.173982
0.174044
0.174106
0.174168
0.17423
0.174292
0.174354
0.174416
0.174478
0.17454
0.174602
0.174664
0.174727
0.174789
0.174851
0.174913
0.174975
0.175037
0.175099
0.175161
0.175223
0.175285
0.175347
0.175409
0.175471
0.175533
0.175595
0.175657
0.175719
0.175781
0.175843
0.175905
0.175967
0.176029
0.176091
0.176153
0.176215
0.176277
0.176339
0.176401
0.176463
0.176525
0.176587
0.176649
0.176711
0.176773
0.176835
0.176897
0.176959
0.177021
0.177083
0.177145
0.177207
0.177269
0.177331
0.177393
0.177455
0.177517
0.177579
0.177641
0.177703
0.177765
0.177827
0.177889
0.177951
0.178013
0.178075
0.178137
0.178199
0.178261
0.178323
0.178385
0.178447
0.178509
0.178571
0.178633
0.178695
0.178757
0.178819
0.178881
0.178943
0.179005
0.179067
0.179129
0.179191
0.179253
0.179315
0.179377
0.179439
0.179501
0.179563
0.179625
0.179686
0.179748
0.17981
0.179872
0.179934
0.179996
0.180058
0.18012
0.180182
0.180244
0.180306
0.180368
0.18043
0.180492
0.180554
0.180616
0.180678
0.180739
0.180801
0.180863
0.180925
0.180987
0.181049
0.181111
0.181173
0.181235
0.181297
0.181359
0.181421
0.181483
0.181544
0.181606
0.181668
0.18173
0.181792
0.181854
0.181916
0.181978
0.18204
0.182102
0.182164
0.182225
0.182287
0.182349
0.182411
0.182473
0.182535
0.182597
0.182659
0.182721
0.182783
0.182844
0.182906
0.182968
0.18303
0.183092
0.183154
0.183216
0.183278
0.18334
0.183401
0.183463
0.183525
0.183587
0.183649
0.183711
0.183773
0.183835
0.183896
0.183958
0.18402
0.184082
0.184144
0.184206
0.184268
0.184329
0.184391
0.184453
0.184515
0.184577
0.184639
0.184701
0.184762
0.184824
0.184886
0.184948
0.18501
0.185072
0.185134
0.185195
0.185257
0.185319
0.185381
0.185443
0.185505
0.185566
0.185628
0.18569
0.185752
0.185814
0.185876
0.185937
0.185999
0.186061
0.186123
0.186185
0.186247
0.186308
0.18637
0.186432
0.186494
0.186556
0.186617
0.186679
0.186741
0.186803
0.186865
0.186927
0.186988
0.18705
0.187112
0.187174
0.187236
0.187297
0.187359
0.187421
0.187483
0.187545
0.187606
0.187668
0.18773
0.187792
0.187854
0.187915
0.187977
0.188039
0.188101
0.188162
0.188224
0.188286
0.188348
0.18841
0.188471
0.188533
0.188595
0.188657
0.188718
0.18878
0.188842
0.188904
0.188966
0.189027
0.189089
0.189151
0.189213
0.189274
0.189336
0.189398
0.18946
0.189521
0.189583
0.189645
0.189707
0.189768
0.18983
0.189892
0.189954
0.190015
0.190077
0.190139
0.190201
0.190262
0.190324
0.190386
0.190448
0.190509
0.190571
0.190633
0.190695
0.190756
0.190818
0.19088
0.190941
0.191003
0.191065
0.191127
0.191188
0.19125
0.191312
0.191374
0.191435
0.191497
0.191559
0.19162
0.191682
0.191744
0.191806
0.191867
0.191929
0.191991
0.192052
0.192114
0.192176
0.192237
0.192299
0.192361
0.192423
0.192484
0.192546
0.192608
0.192669
0.192731
0.192793
0.192854
0.192916
0.192978
0.193039
0.193101
0.193163
0.193225
0.193286
0.193348
0.19341
0.193471
0.193533
0.193595
0.193656
0.193718
0.19378
0.193841
0.193903
0.193965
0.194026
0.194088
0.19415
0.194211
0.194273
0.194335
0.194396
0.194458
0.19452
0.194581
0.194643
0.194704
0.194766
0.194828
0.194889
0.194951
0.195013
0.195074
0.195136
0.195198
0.195259
0.195321
0.195383
0.195444
0.195506
0.195567
0.195629
0.195691
0.195752
0.195814
0.195876
0.195937
0.195999
0.19606
0.196122
0.196184
0.196245
0.196307
0.196369
0.19643
0.196492
0.196553
0.196615
0.196677
0.196738
0.1968
0.196861
0.196923
0.196985
0.197046
0.197108
0.197169
0.197231
0.197293
0.197354
0.197416
0.197477
0.197539
0.197601
0.197662
0.197724
0.197785
0.197847
0.197909
0.19797
0.198032
0.198093
0.198155
0.198216
0.198278
0.19834
0.198401
0.198463
0.198524
0.198586
0.198647
0.198709
0.198771
0.198832
0.198894
0.198955
0.199017
0.199078
0.19914
0.199201
0.199263
0.199325
0.199386
0.199448
0.199509
0.199571
0.199632
0.199694
0.199755
0.199817
0.199878
0.19994
0.200002
0.200063
0.200125
0.200186
0.200248
0.200309
0.200371
0.200432
0.200494
0.200555
0.200617
0.200678
0.20074
0.200801
0.200863
0.200924
0.200986
0.201047
0.201109
0.20117
0.201232
0.201293
0.201355
0.201416
0.201478
0.201539
0.201601
0.201663
0.201724
0.201785
0.201847
0.201908
0.20197
0.202031
0.202093
0.202154
0.202216
0.202277
0.202339
0.2024
0.202462
0.202523
0.202585
0.202646
0.202708
0.202769
0.202831
0.202892
0.202954
0.203015
0.203077
0.203138
0.2032
0.203261
0.203323
0.203384
0.203445
0.203507
0.203568
0.20363
0.203691
0.203753
0.203814
0.203876
0.203937
0.203999
0.20406
0.204121
0.204183
0.204244
0.204306
0.204367
0.204429
0.20449
0.204552
0.204613
0.204674
0.204736
0.204797
0.204859
0.20492
0.204982
0.205043
0.205104
0.205166
0.205227
0.205289
0.20535
0.205412
0.205473
0.205534
0.205596
0.205657
0.205719
0.20578
0.205841
0.205903
0.205964
0.206026
0.206087
0.206148
0.20621
0.206271
0.206333
0.206394
0.206455
0.206517
0.206578
0.20664
0.206701
0.206762
0.206824
0.206885
0.206947
0.207008
0.207069
0.207131
0.207192
0.207253
0.207315
0.207376
0.207438
0.207499
0.20756
0.207622
0.207683
0.207744
0.207806
0.207867
0.207928
0.20799
0.208051
0.208113
0.208174
0.208235
0.208297
0.208358
0.208419
0.208481
0.208542
0.208603
0.208665
0.208726
0.208787
0.208849
0.20891
0.208971
0.209033
0.209094
0.209155
0.209217
0.209278
0.209339
0.209401
0.209462
0.209523
0.209585
0.209646
0.209707
0.209769
0.20983
0.209891
0.209953
0.210014
0.210075
0.210137
0.210198
0.210259
0.210321
0.210382
0.210443
0.210504
0.210566
0.210627
0.210688
0.21075
0.210811
0.210872
0.210934
0.210995
0.211056
0.211117
0.211179
0.21124
0.211301
0.211363
0.211424
0.211485
0.211546
0.211608
0.211669
0.21173
0.211791
0.211853
0.211914
0.211975
0.212037
0.212098
0.212159
0.21222
0.212282
0.212343
0.212404
0.212465
0.212527
0.212588
0.212649
0.21271
0.212772
0.212833
0.212894
0.212955
0.213017
0.213078
0.213139
0.2132
0.213262
0.213323
0.213384
0.213445
0.213507
0.213568
0.213629
0.21369
0.213752
0.213813
0.213874
0.213935
0.213996
0.214058
0.214119
0.21418
0.214241
0.214303
0.214364
0.214425
0.214486
0.214547
0.214609
0.21467
0.214731
0.214792
0.214853
0.214915
0.214976
0.215037
0.215098
0.215159
0.215221
0.215282
0.215343
0.215404
0.215465
0.215527
0.215588
0.215649
0.21571
0.215771
0.215832
0.215894
0.215955
0.216016
0.216077
0.216138
0.2162
0.216261
0.216322
0.216383
0.216444
0.216505
0.216567
0.216628
0.216689
0.21675
0.216811
0.216872
0.216933
0.216995
0.217056
0.217117
0.217178
0.217239
0.2173
0.217361
0.217423
0.217484
0.217545
0.217606
0.217667
0.217728
0.217789
0.217851
0.217912
0.217973
0.218034
0.218095
0.218156
0.218217
0.218278
0.21834
0.218401
0.218462
0.218523
0.218584
0.218645
0.218706
0.218767
0.218829
0.21889
0.218951
0.219012
0.219073
0.219134
0.219195
0.219256
0.219317
0.219378
0.21944
0.219501
0.219562
0.219623
0.219684
0.219745
0.219806
0.219867
0.219928
0.219989
0.22005
0.220111
0.220173
0.220234
0.220295
0.220356
0.220417
0.220478
0.220539
0.2206
0.220661
0.220722
0.220783
0.220844
0.220905
0.220966
0.221027
0.221089
0.22115
0.221211
0.221272
0.221333
0.221394
0.221455
0.221516
0.221577
0.221638
0.221699
0.22176
0.221821
0.221882
0.221943
0.222004
0.222065
0.222126
0.222187
0.222248
0.222309
0.22237
0.222431
0.222492
0.222553
0.222614
0.222675
0.222736
0.222797
0.222859
0.22292
0.222981
0.223042
0.223103
0.223164
0.223225
0.223286
0.223347
0.223408
0.223469
0.22353
0.223591
0.223652
0.223713
0.223774
0.223835
0.223895
0.223956
0.224017
0.224078
0.224139
0.2242
0.224261
0.224322
0.224383
0.224444
0.224505
0.224566
0.224627
0.224688
0.224749
0.22481
0.224871
0.224932
0.224993
0.225054
0.225115
0.225176
0.225237
0.225298
0.225359
0.22542
0.225481
0.225542
0.225603
0.225663
0.225724
0.225785
0.225846
0.225907
0.225968
0.226029
0.22609
0.226151
0.226212
0.226273
0.226334
0.226395
0.226456
0.226517
0.226577
0.226638
0.226699
0.22676
0.226821
0.226882
0.226943
0.227004
0.227065
0.227126
0.227187
0.227248
0.227308
0.227369
0.22743
0.227491
0.227552
0.227613
0.227674
0.227735
0.227796
0.227856
0.227917
0.227978
0.228039
0.2281
0.228161
0.228222
0.228283
0.228344
0.228404
0.228465
0.228526
0.228587
0.228648
0.228709
0.22877
0.22883
0.228891
0.228952
0.229013
0.229074
0.229135
0.229196
0.229257
0.229317
0.229378
0.229439
0.2295
0.229561
0.229622
0.229682
0.229743
0.229804
0.229865
0.229926
0.229987
0.230047
0.230108
0.230169
0.23023
0.230291
0.230352
0.230412
0.230473
0.230534
0.230595
0.230656
0.230717
0.230777
0.230838
0.230899
0.23096
0.231021
0.231081
0.231142
0.231203
0.231264
0.231325
0.231385
0.231446
0.231507
0.231568
0.231629
0.231689
0.23175
0.231811
0.231872
0.231933
0.231993
0.232054
0.232115
0.232176
0.232237
0.232297
0.232358
0.232419
0.23248
0.23254
0.232601
0.232662
0.232723
0.232783
0.232844
0.232905
0.232966
0.233027
0.233087
0.233148
0.233209
0.23327
0.23333
0.233391
0.233452
0.233513
0.233573
0.233634
0.233695
0.233756
0.233816
0.233877
0.233938
0.233998
0.234059
0.23412
0.234181
0.234241
0.234302
0.234363
0.234424
0.234484
0.234545
0.234606
0.234666
0.234727
0.234788
0.234849
0.234909
0.23497
0.235031
0.235091
0.235152
0.235213
0.235274
0.235334
0.235395
0.235456
0.235516
0.235577
0.235638
0.235698
0.235759
0.23582
0.23588
0.235941
0.236002
0.236063
0.236123
0.236184
0.236245
0.236305
0.236366
0.236427
0.236487
0.236548
0.236609
0.236669
0.23673
0.236791
0.236851
0.236912
0.236973
0.237033
0.237094
0.237155
0.237215
0.237276
0.237336
0.237397
0.237458
0.237518
0.237579
0.23764
0.2377
0.237761
0.237822
0.237882
0.237943
0.238004
0.238064
0.238125
0.238185
0.238246
0.238307
0.238367
0.238428
0.238488
0.238549
0.23861
0.23867
0.238731
0.238792
0.238852
0.238913
0.238973
0.239034
0.239095
0.239155
0.239216
0.239276
0.239337
0.239398
0.239458
0.239519
0.239579
0.23964
0.239701
0.239761
0.239822
0.239882
0.239943
0.240003
0.240064
0.240125
0.240185
0.240246
0.240306
0.240367
0.240427
0.240488
0.240549
0.240609
0.24067
0.24073
0.240791
0.240851
0.240912
0.240972
0.241033
0.241094
0.241154
0.241215
0.241275
0.241336
0.241396
0.241457
0.241517
0.241578
0.241638
0.241699
0.24176
0.24182
0.241881
0.241941
0.242002
0.242062
0.242123
0.242183
0.242244
0.242304
0.242365
0.242425
0.242486
0.242546
0.242607
0.242667
0.242728
0.242788
0.242849
0.242909
0.24297
0.24303
0.243091
0.243151
0.243212
0.243272
0.243333
0.243393
0.243454
0.243514
0.243575
0.243635
0.243696
0.243756
0.243817
0.243877
0.243938
0.243998
0.244059
0.244119
0.24418
0.24424
0.2443
0.244361
0.244421
0.244482
0.244542
0.244603
0.244663
0.244724
0.244784
0.244845
0.244905
0.244965
0.245026
0.245086
0.245147
0.245207
0.245268
0.245328
0.245389
0.245449
0.245509
0.24557
0.24563
0.245691
0.245751
0.245812
0.245872
0.245932
0.245993
0.246053
0.246114
0.246174
0.246234
0.246295
0.246355
0.246416
0.246476
0.246536
0.246597
0.246657
0.246718
0.246778
0.246838
0.246899
0.246959
0.24702
0.24708
0.24714
0.247201
0.247261
0.247322
0.247382
0.247442
0.247503
0.247563
0.247623
0.247684
0.247744
0.247805
0.247865
0.247925
0.247986
0.248046
0.248106
0.248167
0.248227
0.248288
0.248348
0.248408
0.248469
0.248529
0.248589
0.24865
0.24871
0.24877
0.248831
0.248891
0.248951
0.249012
0.249072
0.249132
0.249193
0.249253
0.249313
0.249374
0.249434
0.249494
0.249555
0.249615
0.249675
0.249736
0.249796
0.249856
0.249917
0.249977
0.250037
0.250097
0.250158
0.250218
0.250278
0.250339
0.250399
0.250459
0.25052
0.25058
0.25064
0.2507
0.250761
0.250821
0.250881
0.250942
0.251002
0.251062
0.251122
0.251183
0.251243
0.251303
0.251364
0.251424
0.251484
0.251544
0.251605
0.251665
0.251725
0.251785
0.251846
0.251906
0.251966
0.252026
0.252087
0.252147
0.252207
0.252267
0.252328
0.252388
0.252448
0.252508
0.252569
0.252629
0.252689
0.252749
0.25281
0.25287
0.25293
0.25299
0.25305
0.253111
0.253171
0.253231
0.253291
0.253352
0.253412
0.253472
0.253532
0.253592
0.253653
0.253713
0.253773
0.253833
0.253893
0.253954
0.254014
0.254074
0.254134
0.254194
0.254255
0.254315
0.254375
0.254435
0.254495
0.254556
0.254616
0.254676
0.254736
0.254796
0.254856
0.254917
0.254977
0.255037
0.255097
0.255157
0.255217
0.255278
0.255338
0.255398
0.255458
0.255518
0.255578
0.255639
0.255699
0.255759
0.255819
0.255879
0.255939
0.255999
0.25606
0.25612
0.25618
0.25624
0.2563
0.25636
0.25642
0.25648
0.256541
0.256601
0.256661
0.256721
0.256781
0.256841
0.256901
0.256961
0.257022
0.257082
0.257142
0.257202
0.257262
0.257322
0.257382
0.257442
0.257502
0.257563
0.257623
0.257683
0.257743
0.257803
0.257863
0.257923
0.257983
0.258043
0.258103
0.258163
0.258223
0.258284
0.258344
0.258404
0.258464
0.258524
0.258584
0.258644
0.258704
0.258764
0.258824
0.258884
0.258944
0.259004
0.259064
0.259124
0.259185
0.259245
0.259305
0.259365
0.259425
0.259485
0.259545
0.259605
0.259665
0.259725
0.259785
0.259845
0.259905
0.259965
0.260025
0.260085
0.260145
0.260205
0.260265
0.260325
0.260385
0.260445
0.260505
0.260565
0.260625
0.260685
0.260745
0.260805
0.260865
0.260925
0.260985
0.261045
0.261105
0.261165
0.261225
0.261285
0.261345
0.261405
0.261465
0.261525
0.261585
0.261645
0.261705
0.261765
0.261825
0.261885
0.261945
0.262005
0.262065
0.262125
0.262185
0.262245
0.262305
0.262365
0.262425
0.262485
0.262545
0.262605
0.262665
0.262724
0.262784
0.262844
0.262904
0.262964
0.263024
0.263084
0.263144
0.263204
0.263264
0.263324
0.263384
0.263444
0.263504
0.263564
0.263624
0.263683
0.263743
0.263803
0.263863
0.263923
0.263983
0.264043
0.264103
0.264163
0.264223
0.264283
0.264342
0.264402
0.264462
0.264522
0.264582
0.264642
0.264702
0.264762
0.264822
0.264881
0.264941
0.265001
0.265061
0.265121
0.265181
0.265241
0.265301
0.265361
0.26542
0.26548
0.26554
0.2656
0.26566
0.26572
0.26578
0.265839
0.265899
0.265959
0.266019
0.266079
0.266139
0.266199
0.266258
0.266318
0.266378
0.266438
0.266498
0.266558
0.266617
0.266677
0.266737
0.266797
0.266857
0.266917
0.266976
0.267036
0.267096
0.267156
0.267216
0.267276
0.267335
0.267395
0.267455
0.267515
0.267575
0.267634
0.267694
0.267754
0.267814
0.267874
0.267933
0.267993
0.268053
0.268113
0.268173
0.268232
0.268292
0.268352
0.268412
0.268471
0.268531
0.268591
0.268651
0.268711
0.26877
0.26883
0.26889
0.26895
0.269009
0.269069
0.269129
0.269189
0.269248
0.269308
0.269368
0.269428
0.269487
0.269547
0.269607
0.269667
0.269726
0.269786
0.269846
0.269906
0.269965
0.270025
0.270085
0.270145
0.270204
0.270264
0.270324
0.270383
0.270443
0.270503
0.270563
0.270622
0.270682
0.270742
0.270801
0.270861
0.270921
0.270981
0.27104
0.2711
0.27116
0.271219
0.271279
0.271339
0.271398
0.271458
0.271518
0.271578
0.271637
0.271697
0.271757
0.271816
0.271876
0.271936
0.271995
0.272055
0.272115
0.272174
0.272234
0.272294
0.272353
0.272413
0.272473
0.272532
0.272592
0.272652
0.272711
0.272771
0.272831
0.27289
0.27295
0.273009
0.273069
0.273129
0.273188
0.273248
0.273308
0.273367
0.273427
0.273487
0.273546
0.273606
0.273665
0.273725
0.273785
0.273844
0.273904
0.273964
0.274023
0.274083
0.274142
0.274202
0.274262
0.274321
0.274381
0.27444
0.2745
0.27456
0.274619
0.274679
0.274738
0.274798
0.274858
0.274917
0.274977
0.275036
0.275096
0.275155
0.275215
0.275275
0.275334
0.275394
0.275453
0.275513
0.275572
0.275632
0.275692
0.275751
0.275811
0.27587
0.27593
0.275989
0.276049
0.276108
0.276168
0.276228
0.276287
0.276347
0.276406
0.276466
0.276525
0.276585
0.276644
0.276704
0.276763
0.276823
0.276882
0.276942
0.277001
0.277061
0.27712
0.27718
0.27724
0.277299
0.277359
0.277418
0.277478
0.277537
0.277597
0.277656
0.277716
0.277775
0.277835
0.277894
0.277954
0.278013
0.278073
0.278132
0.278191
0.278251
0.27831
0.27837
0.278429
0.278489
0.278548
0.278608
0.278667
0.278727
0.278786
0.278846
0.278905
0.278965
0.279024
0.279084
0.279143
0.279202
0.279262
0.279321
0.279381
0.27944
0.2795
0.279559
0.279619
0.279678
0.279737
0.279797
0.279856
0.279916
0.279975
0.280035
0.280094
0.280153
0.280213
0.280272
0.280332
0.280391
0.280451
0.28051
0.280569
0.280629
0.280688
0.280748
0.280807
0.280866
0.280926
0.280985
0.281045
0.281104
0.281163
0.281223
0.281282
0.281342
0.281401
0.28146
0.28152
0.281579
0.281638
0.281698
0.281757
0.281817
0.281876
0.281935
0.281995
0.282054
0.282113
0.282173
0.282232
0.282291
0.282351
0.28241
0.282469
0.282529
0.282588
0.282648
0.282707
0.282766
0.282826
0.282885
0.282944
0.283004
0.283063
0.283122
0.283182
0.283241
0.2833
0.28336
0.283419
0.283478
0.283537
0.283597
0.283656
0.283715
0.283775
0.283834
0.283893
0.283953
0.284012
0.284071
0.284131
0.28419
0.284249
0.284308
0.284368
0.284427
0.284486
0.284546
0.284605
0.284664
0.284723
0.284783
0.284842
0.284901
0.284961
0.28502
0.285079
0.285138
0.285198
0.285257
0.285316
0.285375
0.285435
0.285494
0.285553
0.285612
0.285672
0.285731
0.28579
0.285849
0.285909
0.285968
0.286027
0.286086
0.286146
0.286205
0.286264
0.286323
0.286382
0.286442
0.286501
0.28656
0.286619
0.286679
0.286738
0.286797
0.286856
0.286915
0.286975
0.287034
0.287093
0.287152
0.287211
0.287271
0.28733
0.287389
0.287448
0.287507
0.287567
0.287626
0.287685
0.287744
0.287803
0.287862
0.287922
0.287981
0.28804
0.288099
0.288158
0.288218
0.288277
0.288336
0.288395
0.288454
0.288513
0.288572
0.288632
0.288691
0.28875
0.288809
0.288868
0.288927
0.288987
0.289046
0.289105
0.289164
0.289223
0.289282
0.289341
0.2894
0.28946
0.289519
0.289578
0.289637
0.289696
0.289755
0.289814
0.289873
0.289933
0.289992
0.290051
0.29011
0.290169
0.290228
0.290287
0.290346
0.290405
0.290464
0.290524
0.290583
0.290642
0.290701
0.29076
0.290819
0.290878
0.290937
0.290996
0.291055
0.291114
0.291173
0.291232
0.291292
0.291351
0.29141
0.291469
0.291528
0.291587
0.291646
0.291705
0.291764
0.291823
0.291882
0.291941
0.292
0.292059
0.292118
0.292177
0.292236
0.292295
0.292354
0.292413
0.292472
0.292532
0.292591
0.29265
0.292709
0.292768
0.292827
0.292886
0.292945
0.293004
0.293063
0.293122
0.293181
0.29324
0.293299
0.293358
0.293417
0.293476
0.293535
0.293594
0.293653
0.293712
0.293771
0.29383
0.293889
0.293948
0.294007
0.294066
0.294124
0.294183
0.294242
0.294301
0.29436
0.294419
0.294478
0.294537
0.294596
0.294655
0.294714
0.294773
0.294832
0.294891
0.29495
0.295009
0.295068
0.295127
0.295186
0.295245
0.295304
0.295362
0.295421
0.29548
0.295539
0.295598
0.295657
0.295716
0.295775
0.295834
0.295893
0.295952
0.296011
0.29607
0.296128
0.296187
0.296246
0.296305
0.296364
0.296423
0.296482
0.296541
0.2966
0.296658
0.296717
0.296776
0.296835
0.296894
0.296953
0.297012
0.297071
0.29713
0.297188
0.297247
0.297306
0.297365
0.297424
0.297483
0.297542
0.2976
0.297659
0.297718
0.297777
0.297836
0.297895
0.297954
0.298012
0.298071
0.29813
0.298189
0.298248
0.298307
0.298365
0.298424
0.298483
0.298542
0.298601
0.29866
0.298718
0.298777
0.298836
0.298895
0.298954
0.299012
0.299071
0.29913
0.299189
0.299248
0.299306
0.299365
0.299424
0.299483
0.299542
0.2996
0.299659
0.299718
0.299777
0.299836
0.299894
0.299953
0.300012
0.300071
0.300129
0.300188
0.300247
0.300306
0.300365
0.300423
0.300482
0.300541
0.3006
0.300658
0.300717
0.300776
0.300835
0.300893
0.300952
0.301011
0.30107
0.301128
0.301187
0.301246
0.301305
0.301363
0.301422
0.301481
0.301539
0.301598
0.301657
0.301716
0.301774
0.301833
0.301892
0.30195
0.302009
0.302068
0.302127
0.302185
0.302244
0.302303
0.302361
0.30242
0.302479
0.302537
0.302596
0.302655
0.302713
0.302772
0.302831
0.30289
0.302948
0.303007
0.303066
0.303124
0.303183
0.303242
0.3033
0.303359
0.303418
0.303476
0.303535
0.303594
0.303652
0.303711
0.303769
0.303828
0.303887
0.303945
0.304004
0.304063
0.304121
0.30418
0.304239
0.304297
0.304356
0.304414
0.304473
0.304532
0.30459
0.304649
0.304708
0.304766
0.304825
0.304883
0.304942
0.305001
0.305059
0.305118
0.305176
0.305235
0.305294
0.305352
0.305411
0.305469
0.305528
0.305587
0.305645
0.305704
0.305762
0.305821
0.305879
0.305938
0.305997
0.306055
0.306114
0.306172
0.306231
0.306289
0.306348
0.306407
0.306465
0.306524
0.306582
0.306641
0.306699
0.306758
0.306816
0.306875
0.306933
0.306992
0.307051
0.307109
0.307168
0.307226
0.307285
0.307343
0.307402
0.30746
0.307519
0.307577
0.307636
0.307694
0.307753
0.307811
0.30787
0.307928
0.307987
0.308045
0.308104
0.308162
0.308221
0.308279
0.308338
0.308396
0.308455
0.308513
0.308572
0.30863
0.308689
0.308747
0.308806
0.308864
0.308923
0.308981
0.30904
0.309098
0.309156
0.309215
0.309273
0.309332
0.30939
0.309449
0.309507
0.309566
0.309624
0.309683
0.309741
0.309799
0.309858
0.309916
0.309975
0.310033
0.310092
0.31015
0.310208
0.310267
0.310325
0.310384
0.310442
0.310501
0.310559
0.310617
0.310676
0.310734
0.310793
0.310851
0.310909
0.310968
0.311026
0.311085
0.311143
0.311201
0.31126
0.311318
0.311376
0.311435
0.311493
0.311552
0.31161
0.311668
0.311727
0.311785
0.311843
0.311902
0.31196
0.312019
0.312077
0.312135
0.312194
0.312252
0.31231
0.312369
0.312427
0.312485
0.312544
0.312602
0.31266
0.312719
0.312777
0.312835
0.312894
0.312952
0.31301
0.313069
0.313127
0.313185
0.313244
0.313302
0.31336
0.313419
0.313477
0.313535
0.313594
0.313652
0.31371
0.313768
0.313827
0.313885
0.313943
0.314002
0.31406
0.314118
0.314176
0.314235
0.314293
0.314351
0.31441
0.314468
0.314526
0.314584
0.314643
0.314701
0.314759
0.314817
0.314876
0.314934
0.314992
0.31505
0.315109
0.315167
0.315225
0.315283
0.315342
0.3154
0.315458
0.315516
0.315575
0.315633
0.315691
0.315749
0.315808
0.315866
0.315924
0.315982
0.31604
0.316099
0.316157
0.316215
0.316273
0.316331
0.31639
0.316448
0.316506
0.316564
0.316623
0.316681
0.316739
0.316797
0.316855
0.316913
0.316972
0.31703
0.317088
0.317146
0.317204
0.317263
0.317321
0.317379
0.317437
0.317495
0.317553
0.317612
0.31767
0.317728
0.317786
0.317844
0.317902
0.31796
0.318019
0.318077
0.318135
0.318193
0.318251
0.318309
0.318367
0.318426
0.318484
0.318542
0.3186
0.318658
0.318716
0.318774
0.318832
0.318891
0.318949
0.319007
0.319065
0.319123
0.319181
0.319239
0.319297
0.319355
0.319413
0.319472
0.31953
0.319588
0.319646
0.319704
0.319762
0.31982
0.319878
0.319936
0.319994
0.320052
0.32011
0.320168
0.320227
0.320285
0.320343
0.320401
0.320459
0.320517
0.320575
0.320633
0.320691
0.320749
0.320807
0.320865
0.320923
0.320981
0.321039
0.321097
0.321155
0.321213
0.321271
0.321329
0.321387
0.321445
0.321503
0.321561
0.321619
0.321677
0.321736
0.321794
0.321852
0.32191
0.321968
0.322026
0.322084
0.322142
0.3222
0.322257
0.322315
0.322373
0.322431
0.322489
0.322547
0.322605
0.322663
0.322721
0.322779
0.322837
0.322895
0.322953
0.323011
0.323069
0.323127
0.323185
0.323243
0.323301
0.323359
0.323417
0.323475
0.323533
0.323591
0.323649
0.323707
0.323765
0.323822
0.32388
0.323938
0.323996
0.324054
0.324112
0.32417
0.324228
0.324286
0.324344
0.324402
0.32446
0.324517
0.324575
0.324633
0.324691
0.324749
0.324807
0.324865
0.324923
0.324981
0.325039
0.325096
0.325154
0.325212
0.32527
0.325328
0.325386
0.325444
0.325502
0.325559
0.325617
0.325675
0.325733
0.325791
0.325849
0.325907
0.325964
0.326022
0.32608
0.326138
0.326196
0.326254
0.326312
0.326369
0.326427
0.326485
0.326543
0.326601
0.326659
0.326716
0.326774
0.326832
0.32689
0.326948
0.327005
0.327063
0.327121
0.327179
0.327237
0.327294
0.327352
0.32741
0.327468
0.327526
0.327583
0.327641
0.327699
0.327757
0.327815
0.327872
0.32793
0.327988
0.328046
0.328104
0.328161
0.328219
0.328277
0.328335
0.328392
0.32845
0.328508
0.328566
0.328623
0.328681
0.328739
0.328797
0.328854
0.328912
0.32897
0.329028
0.329085
0.329143
0.329201
0.329259
0.329316
0.329374
0.329432
0.329489
0.329547
0.329605
0.329663
0.32972
0.329778
0.329836
0.329893
0.329951
0.330009
0.330066
0.330124
0.330182
0.33024
0.330297
0.330355
0.330413
0.33047
0.330528
0.330586
0.330643
0.330701
0.330759
0.330816
0.330874
0.330932
0.330989
0.331047
0.331105
0.331162
0.33122
0.331278
0.331335
0.331393
0.331451
0.331508
0.331566
0.331624
0.331681
0.331739
0.331796
0.331854
0.331912
0.331969
0.332027
0.332085
0.332142
0.3322
0.332257
0.332315
0.332373
0.33243
0.332488
0.332545
0.332603
0.332661
0.332718
0.332776
0.332833
0.332891
0.332949
0.333006
0.333064
0.333121
0.333179
0.333237
0.333294
0.333352
0.333409
0.333467
0.333524
0.333582
0.33364
0.333697
0.333755
0.333812
0.33387
0.333927
0.333985
0.334042
0.3341
0.334158
0.334215
0.334273
0.33433
0.334388
0.334445
0.334503
0.33456
0.334618
0.334675
0.334733
0.33479
0.334848
0.334905
0.334963
0.33502
0.335078
0.335135
0.335193
0.33525
0.335308
0.335365
0.335423
0.33548
0.335538
0.335595
0.335653
0.33571
0.335768
0.335825
0.335883
0.33594
0.335998
0.336055
0.336113
0.33617
0.336228
0.336285
0.336343
0.3364
0.336457
0.336515
0.336572
0.33663
0.336687
0.336745
0.336802
0.33686
0.336917
0.336974
0.337032
0.337089
0.337147
0.337204
0.337262
0.337319
0.337376
0.337434
0.337491
0.337549
0.337606
0.337663
0.337721
0.337778
0.337836
0.337893
0.33795
0.338008
0.338065
0.338123
0.33818
0.338237
0.338295
0.338352
0.33841
0.338467
0.338524
0.338582
0.338639
0.338696
0.338754
0.338811
0.338868
0.338926
0.338983
0.339041
0.339098
0.339155
0.339213
0.33927
0.339327
0.339385
0.339442
0.339499
0.339557
0.339614
0.339671
0.339729
0.339786
0.339843
0.339901
0.339958
0.340015
0.340073
0.34013
0.340187
0.340244
0.340302
0.340359
0.340416
0.340474
0.340531
0.340588
0.340646
0.340703
0.34076
0.340817
0.340875
0.340932
0.340989
0.341047
0.341104
0.341161
0.341218
0.341276
0.341333
0.34139
0.341447
0.341505
0.341562
0.341619
0.341676
0.341734
0.341791
0.341848
0.341905
0.341963
0.34202
0.342077
0.342134
0.342192
0.342249
0.342306
0.342363
0.34242
0.342478
0.342535
0.342592
0.342649
0.342706
0.342764
0.342821
0.342878
0.342935
0.342992
0.34305
0.343107
0.343164
0.343221
0.343278
0.343336
0.343393
0.34345
0.343507
0.343564
0.343622
0.343679
0.343736
0.343793
0.34385
0.343907
0.343965
0.344022
0.344079
0.344136
0.344193
0.34425
0.344307
0.344365
0.344422
0.344479
0.344536
0.344593
0.34465
0.344707
0.344764
0.344822
0.344879
0.344936
0.344993
0.34505
0.345107
0.345164
0.345221
0.345279
0.345336
0.345393
0.34545
0.345507
0.345564
0.345621
0.345678
0.345735
0.345792
0.345849
0.345907
0.345964
0.346021
0.346078
0.346135
0.346192
0.346249
0.346306
0.346363
0.34642
0.346477
0.346534
0.346591
0.346648
0.346705
0.346763
0.34682
0.346877
0.346934
0.346991
0.347048
0.347105
0.347162
0.347219
0.347276
0.347333
0.34739
0.347447
0.347504
0.347561
0.347618
0.347675
0.347732
0.347789
0.347846
0.347903
0.34796
0.348017
0.348074
0.348131
0.348188
0.348245
0.348302
0.348359
0.348416
0.348473
0.34853
0.348587
0.348644
0.348701
0.348758
0.348815
0.348872
0.348929
0.348986
0.349043
0.349099
0.349156
0.349213
0.34927
0.349327
0.349384
0.349441
0.349498
0.349555
0.349612
0.349669
0.349726
0.349783
0.34984
0.349897
0.349953
0.35001
0.350067
0.350124
0.350181
0.350238
0.350295
0.350352
0.350409
0.350466
0.350523
0.350579
0.350636
0.350693
0.35075
0.350807
0.350864
0.350921
0.350978
0.351034
0.351091
0.351148
0.351205
0.351262
0.351319
0.351376
0.351433
0.351489
0.351546
0.351603
0.35166
0.351717
0.351774
0.35183
0.351887
0.351944
0.352001
0.352058
0.352115
0.352171
0.352228
0.352285
0.352342
0.352399
0.352456
0.352512
0.352569
0.352626
0.352683
0.35274
0.352796
0.352853
0.35291
0.352967
0.353024
0.35308
0.353137
0.353194
0.353251
0.353308
0.353364
0.353421
0.353478
0.353535
0.353591
0.353648
0.353705
0.353762
0.353818
0.353875
0.353932
0.353989
0.354045
0.354102
0.354159
0.354216
0.354272
0.354329
0.354386
0.354443
0.354499
0.354556
0.354613
0.35467
0.354726
0.354783
0.35484
0.354896
0.354953
0.35501
0.355067
0.355123
0.35518
0.355237
0.355293
0.35535
0.355407
0.355463
0.35552
0.355577
0.355634
0.35569
0.355747
0.355804
0.35586
0.355917
0.355974
0.35603
0.356087
0.356144
0.3562
0.356257
0.356314
0.35637
0.356427
0.356483
0.35654
0.356597
0.356653
0.35671
0.356767
0.356823
0.35688
0.356937
0.356993
0.35705
0.357106
0.357163
0.35722
0.357276
0.357333
0.35739
0.357446
0.357503
0.357559
0.357616
0.357673
0.357729
0.357786
0.357842
0.357899
0.357956
0.358012
0.358069
0.358125
0.358182
0.358238
0.358295
0.358352
0.358408
0.358465
0.358521
0.358578
0.358634
0.358691
0.358748
0.358804
0.358861
0.358917
0.358974
0.35903
0.359087
0.359143
0.3592
0.359256
0.359313
0.359369
0.359426
0.359483
0.359539
0.359596
0.359652
0.359709
0.359765
0.359822
0.359878
0.359935
0.359991
0.360048
0.360104
0.360161
0.360217
0.360274
0.36033
0.360387
0.360443
0.3605
0.360556
0.360612
0.360669
0.360725
0.360782
0.360838
0.360895
0.360951
0.361008
0.361064
0.361121
0.361177
0.361234
0.36129
0.361346
0.361403
0.361459
0.361516
0.361572
0.361629
0.361685
0.361742
0.361798
0.361854
0.361911
0.361967
0.362024
0.36208
0.362136
0.362193
0.362249
0.362306
0.362362
0.362418
0.362475
0.362531
0.362588
0.362644
0.3627
0.362757
0.362813
0.36287
0.362926
0.362982
0.363039
0.363095
0.363151
0.363208
0.363264
0.363321
0.363377
0.363433
0.36349
0.363546
0.363602
0.363659
0.363715
0.363771
0.363828
0.363884
0.36394
0.363997
0.364053
0.364109
0.364166
0.364222
0.364278
0.364335
0.364391
0.364447
0.364504
0.36456
0.364616
0.364672
0.364729
0.364785
0.364841
0.364898
0.364954
0.36501
0.365067
0.365123
0.365179
0.365235
0.365292
0.365348
0.365404
0.36546
0.365517
0.365573
0.365629
0.365686
0.365742
0.365798
0.365854
0.365911
0.365967
0.366023
0.366079
0.366136
0.366192
0.366248
0.366304
0.36636
0.366417
0.366473
0.366529
0.366585
0.366642
0.366698
0.366754
0.36681
0.366866
0.366923
0.366979
0.367035
0.367091
0.367147
0.367204
0.36726
0.367316
0.367372
0.367428
0.367485
0.367541
0.367597
0.367653
0.367709
0.367765
0.367822
0.367878
0.367934
0.36799
0.368046
0.368102
0.368159
0.368215
0.368271
0.368327
0.368383
0.368439
0.368495
0.368552
0.368608
0.368664
0.36872
0.368776
0.368832
0.368888
0.368944
0.369001
0.369057
0.369113
0.369169
0.369225
0.369281
0.369337
0.369393
0.369449
0.369506
0.369562
0.369618
0.369674
0.36973
0.369786
0.369842
0.369898
0.369954
0.37001
0.370066
0.370122
0.370178
0.370235
0.370291
0.370347
0.370403
0.370459
0.370515
0.370571
0.370627
0.370683
0.370739
0.370795
0.370851
0.370907
0.370963
0.371019
0.371075
0.371131
0.371187
0.371243
0.371299
0.371355
0.371411
0.371467
0.371523
0.371579
0.371635
0.371691
0.371747
0.371803
0.371859
0.371915
0.371971
0.372027
0.372083
0.372139
0.372195
0.372251
0.372307
0.372363
0.372419
0.372475
0.372531
0.372587
0.372643
0.372699
0.372755
0.372811
0.372867
0.372923
0.372979
0.373035
0.37309
0.373146
0.373202
0.373258
0.373314
0.37337
0.373426
0.373482
0.373538
0.373594
0.37365
0.373706
0.373762
0.373817
0.373873
0.373929
0.373985
0.374041
0.374097
0.374153
0.374209
0.374265
0.37432
0.374376
0.374432
0.374488
0.374544
0.3746
0.374656
0.374712
0.374767
0.374823
0.374879
0.374935
0.374991
0.375047
0.375103
0.375158
0.375214
0.37527
0.375326
0.375382
0.375438
0.375493
0.375549
0.375605
0.375661
0.375717
0.375773
0.375828
0.375884
0.37594
0.375996
0.376052
0.376107
0.376163
0.376219
0.376275
0.376331
0.376386
0.376442
0.376498
0.376554
0.37661
0.376665
0.376721
0.376777
0.376833
0.376888
0.376944
0.377
0.377056
0.377111
0.377167
0.377223
0.377279
0.377334
0.37739
0.377446
0.377502
0.377557
0.377613
0.377669
0.377725
0.37778
0.377836
0.377892
0.377948
0.378003
0.378059
0.378115
0.37817
0.378226
0.378282
0.378338
0.378393
0.378449
0.378505
0.37856
0.378616
0.378672
0.378727
0.378783
0.378839
0.378894
0.37895
0.379006
0.379061
0.379117
0.379173
0.379228
0.379284
0.37934
0.379395
0.379451
0.379507
0.379562
0.379618
0.379674
0.379729
0.379785
0.379841
0.379896
0.379952
0.380007
0.380063
0.380119
0.380174
0.38023
0.380286
0.380341
0.380397
0.380452
0.380508
0.380564
0.380619
0.380675
0.38073
0.380786
0.380842
0.380897
0.380953
0.381008
0.381064
0.38112
0.381175
0.381231
0.381286
0.381342
0.381397
0.381453
0.381509
0.381564
0.38162
0.381675
0.381731
0.381786
0.381842
0.381897
0.381953
0.382008
0.382064
0.38212
0.382175
0.382231
0.382286
0.382342
0.382397
0.382453
0.382508
0.382564
0.382619
0.382675
0.38273
0.382786
0.382841
0.382897
0.382952
0.383008
0.383063
0.383119
0.383174
0.38323
0.383285
0.383341
0.383396
0.383452
0.383507
0.383563
0.383618
0.383673
0.383729
0.383784
0.38384
0.383895
0.383951
0.384006
0.384062
0.384117
0.384172
0.384228
0.384283
0.384339
0.384394
0.38445
0.384505
0.38456
0.384616
0.384671
0.384727
0.384782
0.384838
0.384893
0.384948
0.385004
0.385059
0.385115
0.38517
0.385225
0.385281
0.385336
0.385392
0.385447
0.385502
0.385558
0.385613
0.385668
0.385724
0.385779
0.385834
0.38589
0.385945
0.386001
0.386056
0.386111
0.386167
0.386222
0.386277
0.386333
0.386388
0.386443
0.386499
0.386554
0.386609
0.386665
0.38672
0.386775
0.386831
0.386886
0.386941
0.386997
0.387052
0.387107
0.387162
0.387218
0.387273
0.387328
0.387384
0.387439
0.387494
0.387549
0.387605
0.38766
0.387715
0.387771
0.387826
0.387881
0.387936
0.387992
0.388047
0.388102
0.388157
0.388213
0.388268
0.388323
0.388378
0.388434
0.388489
0.388544
0.388599
0.388655
0.38871
0.388765
0.38882
0.388876
0.388931
0.388986
0.389041
0.389096
0.389152
0.389207
0.389262
0.389317
0.389372
0.389428
0.389483
0.389538
0.389593
0.389648
0.389704
0.389759
0.389814
0.389869
0.389924
0.389979
0.390035
0.39009
0.390145
0.3902
0.390255
0.39031
0.390366
0.390421
0.390476
0.390531
0.390586
0.390641
0.390696
0.390752
0.390807
0.390862
0.390917
0.390972
0.391027
0.391082
0.391137
0.391193
0.391248
0.391303
0.391358
0.391413
0.391468
0.391523
0.391578
0.391633
0.391688
0.391744
0.391799
0.391854
0.391909
0.391964
0.392019
0.392074
0.392129
0.392184
0.392239
0.392294
0.392349
0.392404
0.392459
0.392515
0.39257
0.392625
0.39268
0.392735
0.39279
0.392845
0.3929
0.392955
0.39301
0.393065
0.39312
0.393175
0.39323
0.393285
0.39334
0.393395
0.39345
0.393505
0.39356
0.393615
0.39367
0.393725
0.39378
0.393835
0.39389
0.393945
0.394
0.394055
0.39411
0.394165
0.39422
0.394275
0.39433
0.394385
0.39444
0.394495
0.39455
0.394605
0.39466
0.394714
0.394769
0.394824
0.394879
0.394934
0.394989
0.395044
0.395099
0.395154
0.395209
0.395264
0.395319
0.395374
0.395429
0.395483
0.395538
0.395593
0.395648
0.395703
0.395758
0.395813
0.395868
0.395923
0.395978
0.396032
0.396087
0.396142
0.396197
0.396252
0.396307
0.396362
0.396417
0.396471
0.396526
0.396581
0.396636
0.396691
0.396746
0.396801
0.396855
0.39691
0.396965
0.39702
0.397075
0.39713
0.397184
0.397239
0.397294
0.397349
0.397404
0.397459
0.397513
0.397568
0.397623
0.397678
0.397733
0.397787
0.397842
0.397897
0.397952
0.398007
0.398061
0.398116
0.398171
0.398226
0.398281
0.398335
0.39839
0.398445
0.3985
0.398554
0.398609
0.398664
0.398719
0.398773
0.398828
0.398883
0.398938
0.398992
0.399047
0.399102
0.399157
0.399211
0.399266
0.399321
0.399376
0.39943
0.399485
0.39954
0.399594
0.399649
0.399704
0.399759
0.399813
0.399868
0.399923
0.399977
0.400032
0.400087
0.400141
0.400196
0.400251
0.400305
0.40036
0.400415
0.400469
0.400524
0.400579
0.400633
0.400688
0.400743
0.400797
0.400852
0.400907
0.400961
0.401016
0.401071
0.401125
0.40118
0.401235
0.401289
0.401344
0.401399
0.401453
0.401508
0.401562
0.401617
0.401672
0.401726
0.401781
0.401835
0.40189
0.401945
0.401999
0.402054
0.402108
0.402163
0.402218
0.402272
0.402327
0.402381
0.402436
0.402491
0.402545
0.4026
0.402654
0.402709
0.402763
0.402818
0.402872
0.402927
0.402982
0.403036
0.403091
0.403145
0.4032
0.403254
0.403309
0.403363
0.403418
0.403472
0.403527
0.403581
0.403636
0.40369
0.403745
0.4038
0.403854
0.403909
0.403963
0.404018
0.404072
0.404127
0.404181
0.404236
0.40429
0.404344
0.404399
0.404453
0.404508
0.404562
0.404617
0.404671
0.404726
0.40478
0.404835
0.404889
0.404944
0.404998
0.405053
0.405107
0.405161
0.405216
0.40527
0.405325
0.405379
0.405434
0.405488
0.405542
0.405597
0.405651
0.405706
0.40576
0.405815
0.405869
0.405923
0.405978
0.406032
0.406087
0.406141
0.406195
0.40625
0.406304
0.406359
0.406413
0.406467
0.406522
0.406576
0.40663
0.406685
0.406739
0.406793
0.406848
0.406902
0.406957
0.407011
0.407065
0.40712
0.407174
0.407228
0.407283
0.407337
0.407391
0.407446
0.4075
0.407554
0.407609
0.407663
0.407717
0.407772
0.407826
0.40788
0.407935
0.407989
0.408043
0.408097
0.408152
0.408206
0.40826
0.408315
0.408369
0.408423
0.408477
0.408532
0.408586
0.40864
0.408695
0.408749
0.408803
0.408857
0.408912
0.408966
0.40902
0.409074
0.409129
0.409183
0.409237
0.409291
0.409346
0.4094
0.409454
0.409508
0.409562
0.409617
0.409671
0.409725
0.409779
0.409834
0.409888
0.409942
0.409996
0.41005
0.410105
0.410159
0.410213
0.410267
0.410321
0.410376
0.41043
0.410484
0.410538
0.410592
0.410646
0.410701
0.410755
0.410809
0.410863
0.410917
0.410971
0.411026
0.41108
0.411134
0.411188
0.411242
0.411296
0.41135
0.411405
0.411459
0.411513
0.411567
0.411621
0.411675
0.411729
0.411783
0.411838
0.411892
0.411946
0.412
0.412054
0.412108
0.412162
0.412216
0.41227
0.412324
0.412379
0.412433
0.412487
0.412541
0.412595
0.412649
0.412703
0.412757
0.412811
0.412865
0.412919
0.412973
0.413027
0.413081
0.413135
0.413189
0.413244
0.413298
0.413352
0.413406
0.41346
0.413514
0.413568
0.413622
0.413676
0.41373
0.413784
0.413838
0.413892
0.413946
0.414
0.414054
0.414108
0.414162
0.414216
0.41427
0.414324
0.414378
0.414432
0.414486
0.41454
0.414594
0.414648
0.414702
0.414756
0.41481
0.414864
0.414917
0.414971
0.415025
0.415079
0.415133
0.415187
0.415241
0.415295
0.415349
0.415403
0.415457
0.415511
0.415565
0.415619
0.415673
0.415726
0.41578
0.415834
0.415888
0.415942
0.415996
0.41605
0.416104
0.416158
0.416212
0.416266
0.416319
0.416373
0.416427
0.416481
0.416535
0.416589
0.416643
0.416697
0.41675
0.416804
0.416858
0.416912
0.416966
0.41702
0.417074
0.417127
0.417181
0.417235
0.417289
0.417343
0.417397
0.41745
0.417504
0.417558
0.417612
0.417666
0.417719
0.417773
0.417827
0.417881
0.417935
0.417988
0.418042
0.418096
0.41815
0.418204
0.418257
0.418311
0.418365
0.418419
0.418473
0.418526
0.41858
0.418634
0.418688
0.418741
0.418795
0.418849
0.418903
0.418956
0.41901
0.419064
0.419118
0.419171
0.419225
0.419279
0.419333
0.419386
0.41944
0.419494
0.419548
0.419601
0.419655
0.419709
0.419762
0.419816
0.41987
0.419923
0.419977
0.420031
0.420085
0.420138
0.420192
0.420246
0.420299
0.420353
0.420407
0.42046
0.420514
0.420568
0.420621
0.420675
0.420729
0.420782
0.420836
0.42089
0.420943
0.420997
0.421051
0.421104
0.421158
0.421211
0.421265
0.421319
0.421372
0.421426
0.42148
0.421533
0.421587
0.42164
0.421694
0.421748
0.421801
0.421855
0.421908
0.421962
0.422016
0.422069
0.422123
0.422176
0.42223
0.422284
0.422337
0.422391
0.422444
0.422498
0.422551
0.422605
0.422659
0.422712
0.422766
0.422819
0.422873
0.422926
0.42298
0.423033
0.423087
0.42314
0.423194
0.423248
0.423301
0.423355
0.423408
0.423462
0.423515
0.423569
0.423622
0.423676
0.423729
0.423783
0.423836
0.42389
0.423943
0.423997
0.42405
0.424104
0.424157
0.424211
0.424264
0.424318
0.424371
0.424424
0.424478
0.424531
0.424585
0.424638
0.424692
0.424745
0.424799
0.424852
0.424906
0.424959
0.425012
0.425066
0.425119
0.425173
0.425226
0.42528
0.425333
0.425386
0.42544
0.425493
0.425547
0.4256
0.425653
0.425707
0.42576
0.425814
0.425867
0.42592
0.425974
0.426027
0.426081
0.426134
0.426187
0.426241
0.426294
0.426347
0.426401
0.426454
0.426508
0.426561
0.426614
0.426668
0.426721
0.426774
0.426828
0.426881
0.426934
0.426988
0.427041
0.427094
0.427148
0.427201
0.427254
0.427308
0.427361
0.427414
0.427467
0.427521
0.427574
0.427627
0.427681
0.427734
0.427787
0.427841
0.427894
0.427947
0.428
0.428054
0.428107
0.42816
0.428213
0.428267
0.42832
0.428373
0.428427
0.42848
0.428533
0.428586
0.42864
0.428693
0.428746
0.428799
0.428852
0.428906
0.428959
0.429012
0.429065
0.429119
0.429172
0.429225
0.429278
0.429331
0.429385
0.429438
0.429491
0.429544
0.429597
0.429651
0.429704
0.429757
0.42981
0.429863
0.429917
0.42997
0.430023
0.430076
0.430129
0.430182
0.430236
0.430289
0.430342
0.430395
0.430448
0.430501
0.430554
0.430608
0.430661
0.430714
0.430767
0.43082
0.430873
0.430926
0.43098
0.431033
0.431086
0.431139
0.431192
0.431245
0.431298
0.431351
0.431404
0.431457
0.431511
0.431564
0.431617
0.43167
0.431723
0.431776
0.431829
0.431882
0.431935
0.431988
0.432041
0.432094
0.432147
0.432201
0.432254
0.432307
0.43236
0.432413
0.432466
0.432519
0.432572
0.432625
0.432678
0.432731
0.432784
0.432837
0.43289
0.432943
0.432996
0.433049
0.433102
0.433155
0.433208
0.433261
0.433314
0.433367
0.43342
0.433473
0.433526
0.433579
0.433632
0.433685
0.433738
0.433791
0.433844
0.433897
0.43395
0.434003
0.434056
0.434109
0.434162
0.434215
0.434267
0.43432
0.434373
0.434426
0.434479
0.434532
0.434585
0.434638
0.434691
0.434744
0.434797
0.43485
0.434903
0.434955
0.435008
0.435061
0.435114
0.435167
0.43522
0.435273
0.435326
0.435379
0.435431
0.435484
0.435537
0.43559
0.435643
0.435696
0.435749
0.435802
0.435854
0.435907
0.43596
0.436013
0.436066
0.436119
0.436172
0.436224
0.436277
0.43633
0.436383
0.436436
0.436489
0.436541
0.436594
0.436647
0.4367
0.436753
0.436805
0.436858
0.436911
0.436964
0.437017
0.437069
0.437122
0.437175
0.437228
0.437281
0.437333
0.437386
0.437439
0.437492
0.437544
0.437597
0.43765
0.437703
0.437755
0.437808
0.437861
0.437914
0.437966
0.438019
0.438072
0.438125
0.438177
0.43823
0.438283
0.438336
0.438388
0.438441
0.438494
0.438546
0.438599
0.438652
0.438705
0.438757
0.43881
0.438863
0.438915
0.438968
0.439021
0.439073
0.439126
0.439179
0.439231
0.439284
0.439337
0.439389
0.439442
0.439495
0.439547
0.4396
0.439653
0.439705
0.439758
0.439811
0.439863
0.439916
0.439969
0.440021
0.440074
0.440126
0.440179
0.440232
0.440284
0.440337
0.440389
0.440442
0.440495
0.440547
0.4406
0.440652
0.440705
0.440758
0.44081
0.440863
0.440915
0.440968
0.441021
0.441073
0.441126
0.441178
0.441231
0.441283
0.441336
0.441389
0.441441
0.441494
0.441546
0.441599
0.441651
0.441704
0.441756
0.441809
0.441861
0.441914
0.441966
0.442019
0.442071
0.442124
0.442176
0.442229
0.442281
0.442334
0.442386
0.442439
0.442491
0.442544
0.442596
0.442649
0.442701
0.442754
0.442806
0.442859
0.442911
0.442964
0.443016
0.443069
0.443121
0.443174
0.443226
0.443279
0.443331
0.443383
0.443436
0.443488
0.443541
0.443593
0.443646
0.443698
0.44375
0.443803
0.443855
0.443908
0.44396
0.444013
0.444065
0.444117
0.44417
0.444222
0.444275
0.444327
0.444379
0.444432
0.444484
0.444536
0.444589
0.444641
0.444694
0.444746
0.444798
0.444851
0.444903
0.444955
0.445008
0.44506
0.445112
0.445165
0.445217
0.445269
0.445322
0.445374
0.445426
0.445479
0.445531
0.445583
0.445636
0.445688
0.44574
0.445793
0.445845
0.445897
0.44595
0.446002
0.446054
0.446106
0.446159
0.446211
0.446263
0.446316
0.446368
0.44642
0.446472
0.446525
0.446577
0.446629
0.446682
0.446734
0.446786
0.446838
0.446891
0.446943
0.446995
0.447047
0.447099
0.447152
0.447204
0.447256
0.447308
0.447361
0.447413
0.447465
0.447517
0.447569
0.447622
0.447674
0.447726
0.447778
0.44783
0.447883
0.447935
0.447987
0.448039
0.448091
0.448144
0.448196
0.448248
0.4483
0.448352
0.448404
0.448457
0.448509
0.448561
0.448613
0.448665
0.448717
0.448769
0.448822
0.448874
0.448926
0.448978
0.44903
0.449082
0.449134
0.449187
0.449239
0.449291
0.449343
0.449395
0.449447
0.449499
0.449551
0.449603
0.449655
0.449708
0.44976
0.449812
0.449864
0.449916
0.449968
0.45002
0.450072
0.450124
0.450176
0.450228
0.45028
0.450332
0.450384
0.450436
0.450489
0.450541
0.450593
0.450645
0.450697
0.450749
0.450801
0.450853
0.450905
0.450957
0.451009
0.451061
0.451113
0.451165
0.451217
0.451269
0.451321
0.451373
0.451425
0.451477
0.451529
0.451581
0.451633
0.451685
0.451737
0.451789
0.451841
0.451893
0.451945
0.451996
0.452048
0.4521
0.452152
0.452204
0.452256
0.452308
0.45236
0.452412
0.452464
0.452516
0.452568
0.45262
0.452672
0.452724
0.452776
0.452827
0.452879
0.452931
0.452983
0.453035
0.453087
0.453139
0.453191
0.453243
0.453294
0.453346
0.453398
0.45345
0.453502
0.453554
0.453606
0.453658
0.453709
0.453761
0.453813
0.453865
0.453917
0.453969
0.454021
0.454072
0.454124
0.454176
0.454228
0.45428
0.454332
0.454383
0.454435
0.454487
0.454539
0.454591
0.454642
0.454694
0.454746
0.454798
0.45485
0.454901
0.454953
0.455005
0.455057
0.455109
0.45516
0.455212
0.455264
0.455316
0.455367
0.455419
0.455471
0.455523
0.455574
0.455626
0.455678
0.45573
0.455781
0.455833
0.455885
0.455937
0.455988
0.45604
0.456092
0.456143
0.456195
0.456247
0.456299
0.45635
0.456402
0.456454
0.456505
0.456557
0.456609
0.45666
0.456712
0.456764
0.456816
0.456867
0.456919
0.456971
0.457022
0.457074
0.457126
0.457177
0.457229
0.457281
0.457332
0.457384
0.457435
0.457487
0.457539
0.45759
0.457642
0.457694
0.457745
0.457797
0.457849
0.4579
0.457952
0.458003
0.458055
0.458107
0.458158
0.45821
0.458261
0.458313
0.458365
0.458416
0.458468
0.458519
0.458571
0.458622
0.458674
0.458726
0.458777
0.458829
0.45888
0.458932
0.458983
0.459035
0.459086
0.459138
0.45919
0.459241
0.459293
0.459344
0.459396
0.459447
0.459499
0.45955
0.459602
0.459653
0.459705
0.459756
0.459808
0.459859
0.459911
0.459962
0.460014
0.460065
0.460117
0.460168
0.46022
0.460271
0.460323
0.460374
0.460426
0.460477
0.460529
0.46058
0.460632
0.460683
0.460734
0.460786
0.460837
0.460889
0.46094
0.460992
0.461043
0.461094
0.461146
0.461197
0.461249
0.4613
0.461352
0.461403
0.461454
0.461506
0.461557
0.461609
0.46166
0.461711
0.461763
0.461814
0.461866
0.461917
0.461968
0.46202
0.462071
0.462122
0.462174
0.462225
0.462277
0.462328
0.462379
0.462431
0.462482
0.462533
0.462585
0.462636
0.462687
0.462739
0.46279
0.462841
0.462893
0.462944
0.462995
0.463047
0.463098
0.463149
0.4632
0.463252
0.463303
0.463354
0.463406
0.463457
0.463508
0.46356
0.463611
0.463662
0.463713
0.463765
0.463816
0.463867
0.463918
0.46397
0.464021
0.464072
0.464123
0.464175
0.464226
0.464277
0.464328
0.46438
0.464431
0.464482
0.464533
0.464585
0.464636
0.464687
0.464738
0.464789
0.464841
0.464892
0.464943
0.464994
0.465045
0.465097
0.465148
0.465199
0.46525
0.465301
0.465353
0.465404
0.465455
0.465506
0.465557
0.465608
0.46566
0.465711
0.465762
0.465813
0.465864
0.465915
0.465966
0.466018
0.466069
0.46612
0.466171
0.466222
0.466273
0.466324
0.466375
0.466427
0.466478
0.466529
0.46658
0.466631
0.466682
0.466733
0.466784
0.466835
0.466886
0.466937
0.466989
0.46704
0.467091
0.467142
0.467193
0.467244
0.467295
0.467346
0.467397
0.467448
0.467499
0.46755
0.467601
0.467652
0.467703
0.467754
0.467805
0.467856
0.467907
0.467958
0.46801
0.468061
0.468112
0.468163
0.468214
0.468265
0.468316
0.468367
0.468418
0.468469
0.46852
0.46857
0.468621
0.468672
0.468723
0.468774
0.468825
0.468876
0.468927
0.468978
0.469029
0.46908
0.469131
0.469182
0.469233
0.469284
0.469335
0.469386
0.469437
0.469488
0.469539
0.46959
0.46964
0.469691
0.469742
0.469793
0.469844
0.469895
0.469946
0.469997
0.470048
0.470099
0.470149
0.4702
0.470251
0.470302
0.470353
0.470404
0.470455
0.470506
0.470556
0.470607
0.470658
0.470709
0.47076
0.470811
0.470862
0.470912
0.470963
0.471014
0.471065
0.471116
0.471167
0.471217
0.471268
0.471319
0.47137
0.471421
0.471471
0.471522
0.471573
0.471624
0.471675
0.471725
0.471776
0.471827
0.471878
0.471929
0.471979
0.47203
0.472081
0.472132
0.472182
0.472233
0.472284
0.472335
0.472385
0.472436
0.472487
0.472538
0.472588
0.472639
0.47269
0.472741
0.472791
0.472842
0.472893
0.472944
0.472994
0.473045
0.473096
0.473146
0.473197
0.473248
0.473298
0.473349
0.4734
0.473451
0.473501
0.473552
0.473603
0.473653
0.473704
0.473755
0.473805
0.473856
0.473907
0.473957
0.474008
0.474059
0.474109
0.47416
0.47421
0.474261
0.474312
0.474362
0.474413
0.474464
0.474514
0.474565
0.474615
0.474666
0.474717
0.474767
0.474818
0.474868
0.474919
0.47497
0.47502
0.475071
0.475121
0.475172
0.475223
0.475273
0.475324
0.475374
0.475425
0.475475
0.475526
0.475577
0.475627
0.475678
0.475728
0.475779
0.475829
0.47588
0.47593
0.475981
0.476031
0.476082
0.476132
0.476183
0.476233
0.476284
0.476334
0.476385
0.476436
0.476486
0.476536
0.476587
0.476637
0.476688
0.476738
0.476789
0.476839
0.47689
0.47694
0.476991
0.477041
0.477092
0.477142
0.477193
0.477243
0.477294
0.477344
0.477394
0.477445
0.477495
0.477546
0.477596
0.477647
0.477697
0.477747
0.477798
0.477848
0.477899
0.477949
0.478
0.47805
0.4781
0.478151
0.478201
0.478252
0.478302
0.478352
0.478403
0.478453
0.478503
0.478554
0.478604
0.478655
0.478705
0.478755
0.478806
0.478856
0.478906
0.478957
0.479007
0.479057
0.479108
0.479158
0.479208
0.479259
0.479309
0.479359
0.47941
0.47946
0.47951
0.479561
0.479611
0.479661
0.479711
0.479762
0.479812
0.479862
0.479913
0.479963
0.480013
0.480063
0.480114
0.480164
0.480214
0.480265
0.480315
0.480365
0.480415
0.480466
0.480516
0.480566
0.480616
0.480666
0.480717
0.480767
0.480817
0.480867
0.480918
0.480968
0.481018
0.481068
0.481119
0.481169
0.481219
0.481269
0.481319
0.48137
0.48142
0.48147
0.48152
0.48157
0.48162
0.481671
0.481721
0.481771
0.481821
0.481871
0.481921
0.481972
0.482022
0.482072
0.482122
0.482172
0.482222
0.482272
0.482323
0.482373
0.482423
0.482473
0.482523
0.482573
0.482623
0.482673
0.482724
0.482774
0.482824
0.482874
0.482924
0.482974
0.483024
0.483074
0.483124
0.483174
0.483224
0.483275
0.483325
0.483375
0.483425
0.483475
0.483525
0.483575
0.483625
0.483675
0.483725
0.483775
0.483825
0.483875
0.483925
0.483975
0.484025
0.484075
0.484125
0.484175
0.484225
0.484275
0.484325
0.484375
0.484425
0.484475
0.484525
0.484575
0.484625
0.484675
0.484725
0.484775
0.484825
0.484875
0.484925
0.484975
0.485025
0.485075
0.485125
0.485175
0.485225
0.485275
0.485325
0.485375
0.485425
0.485475
0.485525
0.485574
0.485624
0.485674
0.485724
0.485774
0.485824
0.485874
0.485924
0.485974
0.486024
0.486074
0.486123
0.486173
0.486223
0.486273
0.486323
0.486373
0.486423
0.486473
0.486523
0.486572
0.486622
0.486672
0.486722
0.486772
0.486822
0.486871
0.486921
0.486971
0.487021
0.487071
0.487121
0.48717
0.48722
0.48727
0.48732
0.48737
0.48742
0.487469
0.487519
0.487569
0.487619
0.487669
0.487718
0.487768
0.487818
0.487868
0.487917
0.487967
0.488017
0.488067
0.488117
0.488166
0.488216
0.488266
0.488316
0.488365
0.488415
0.488465
0.488515
0.488564
0.488614
0.488664
0.488714
0.488763
0.488813
0.488863
0.488912
0.488962
0.489012
0.489061
0.489111
0.489161
0.489211
0.48926
0.48931
0.48936
0.489409
0.489459
0.489509
0.489558
0.489608
0.489658
0.489707
0.489757
0.489807
0.489856
0.489906
0.489956
0.490005
0.490055
0.490105
0.490154
0.490204
0.490253
0.490303
0.490353
0.490402
0.490452
0.490502
0.490551
0.490601
0.49065
0.4907
0.49075
0.490799
0.490849
0.490898
0.490948
0.490997
0.491047
0.491097
0.491146
0.491196
0.491245
0.491295
0.491344
0.491394
0.491443
0.491493
0.491543
0.491592
0.491642
0.491691
0.491741
0.49179
0.49184
0.491889
0.491939
0.491988
0.492038
0.492087
0.492137
0.492186
0.492236
0.492285
0.492335
0.492384
0.492434
0.492483
0.492533
0.492582
0.492632
0.492681
0.492731
0.49278
0.49283
0.492879
0.492928
0.492978
0.493027
0.493077
0.493126
0.493176
0.493225
0.493275
0.493324
0.493373
0.493423
0.493472
0.493522
0.493571
0.49362
0.49367
0.493719
0.493769
0.493818
0.493867
0.493917
0.493966
0.494016
0.494065
0.494114
0.494164
0.494213
0.494262
0.494312
0.494361
0.494411
0.49446
0.494509
0.494559
0.494608
0.494657
0.494707
0.494756
0.494805
0.494855
0.494904
0.494953
0.495003
0.495052
0.495101
0.49515
0.4952
0.495249
0.495298
0.495348
0.495397
0.495446
0.495496
0.495545
0.495594
0.495643
0.495693
0.495742
0.495791
0.49584
0.49589
0.495939
0.495988
0.496037
0.496087
0.496136
0.496185
0.496234
0.496284
0.496333
0.496382
0.496431
0.496481
0.49653
0.496579
0.496628
0.496677
0.496727
0.496776
0.496825
0.496874
0.496923
0.496973
0.497022
0.497071
0.49712
0.497169
0.497218
0.497268
0.497317
0.497366
0.497415
0.497464
0.497513
0.497563
0.497612
0.497661
0.49771
0.497759
0.497808
0.497857
0.497906
0.497956
0.498005
0.498054
0.498103
0.498152
0.498201
0.49825
0.498299
0.498348
0.498398
0.498447
0.498496
0.498545
0.498594
0.498643
0.498692
0.498741
0.49879
0.498839
0.498888
0.498937
0.498986
0.499035
0.499084
0.499134
0.499183
0.499232
0.499281
0.49933
0.499379
0.499428
0.499477
0.499526
0.499575
0.499624
0.499673
0.499722
0.499771
0.49982
0.499869
0.499918
0.499967
0.500016
0.500065
0.500114
0.500163
0.500212
0.500261
0.50031
0.500359
0.500407
0.500456
0.500505
0.500554
0.500603
0.500652
0.500701
0.50075
0.500799
0.500848
0.500897
0.500946
0.500995
0.501044
0.501093
0.501141
0.50119
0.501239
0.501288
0.501337
0.501386
0.501435
0.501484
0.501533
0.501581
0.50163
0.501679
0.501728
0.501777
0.501826
0.501875
0.501924
0.501972
0.502021
0.50207
0.502119
0.502168
0.502217
0.502265
0.502314
0.502363
0.502412
0.502461
0.50251
0.502558
0.502607
0.502656
0.502705
0.502754
0.502802
0.502851
0.5029
0.502949
0.502998
0.503046
0.503095
0.503144
0.503193
0.503241
0.50329
0.503339
0.503388
0.503436
0.503485
0.503534
0.503583
0.503631
0.50368
0.503729
0.503778
0.503826
0.503875
0.503924
0.503973
0.504021
0.50407
0.504119
0.504167
0.504216
0.504265
0.504313
0.504362
0.504411
0.50446
0.504508
0.504557
0.504606
0.504654
0.504703
0.504752
0.5048
0.504849
0.504898
0.504946
0.504995
0.505043
0.505092
0.505141
0.505189
0.505238
0.505287
0.505335
0.505384
0.505432
0.505481
0.50553
0.505578
0.505627
0.505676
0.505724
0.505773
0.505821
0.50587
0.505918
0.505967
0.506016
0.506064
0.506113
0.506161
0.50621
0.506258
0.506307
0.506356
0.506404
0.506453
0.506501
0.50655
0.506598
0.506647
0.506695
0.506744
0.506792
0.506841
0.506889
0.506938
0.506987
0.507035
0.507084
0.507132
0.507181
0.507229
0.507278
0.507326
0.507374
0.507423
0.507471
0.50752
0.507568
0.507617
0.507665
0.507714
0.507762
0.507811
0.507859
0.507908
0.507956
0.508005
0.508053
0.508101
0.50815
0.508198
0.508247
0.508295
0.508344
0.508392
0.50844
0.508489
0.508537
0.508586
0.508634
0.508682
0.508731
0.508779
0.508828
0.508876
0.508924
0.508973
0.509021
0.509069
0.509118
0.509166
0.509214
0.509263
0.509311
0.50936
0.509408
0.509456
0.509505
0.509553
0.509601
0.50965
0.509698
0.509746
0.509795
0.509843
0.509891
0.509939
0.509988
0.510036
0.510084
0.510133
0.510181
0.510229
0.510278
0.510326
0.510374
0.510422
0.510471
0.510519
0.510567
0.510615
0.510664
0.510712
0.51076
0.510808
0.510857
0.510905
0.510953
0.511001
0.51105
0.511098
0.511146
0.511194
0.511243
0.511291
0.511339
0.511387
0.511435
0.511484
0.511532
0.51158
0.511628
0.511676
0.511725
0.511773
0.511821
0.511869
0.511917
0.511965
0.512014
0.512062
0.51211
0.512158
0.512206
0.512254
0.512302
0.512351
0.512399
0.512447
0.512495
0.512543
0.512591
0.512639
0.512688
0.512736
0.512784
0.512832
0.51288
0.512928
0.512976
0.513024
0.513072
0.51312
0.513169
0.513217
0.513265
0.513313
0.513361
0.513409
0.513457
0.513505
0.513553
0.513601
0.513649
0.513697
0.513745
0.513793
0.513841
0.513889
0.513937
0.513985
0.514033
0.514081
0.51413
0.514178
0.514226
0.514274
0.514322
0.51437
0.514418
0.514466
0.514514
0.514562
0.514609
0.514657
0.514705
0.514753
0.514801
0.514849
0.514897
0.514945
0.514993
0.515041
0.515089
0.515137
0.515185
0.515233
0.515281
0.515329
0.515377
0.515425
0.515473
0.515521
0.515568
0.515616
0.515664
0.515712
0.51576
0.515808
0.515856
0.515904
0.515952
0.516
0.516047
0.516095
0.516143
0.516191
0.516239
0.516287
0.516335
0.516383
0.51643
0.516478
0.516526
0.516574
0.516622
0.51667
0.516717
0.516765
0.516813
0.516861
0.516909
0.516957
0.517004
0.517052
0.5171
0.517148
0.517196
0.517243
0.517291
0.517339
0.517387
0.517435
0.517482
0.51753
0.517578
0.517626
0.517673
0.517721
0.517769
0.517817
0.517864
0.517912
0.51796
0.518008
0.518055
0.518103
0.518151
0.518199
0.518246
0.518294
0.518342
0.51839
0.518437
0.518485
0.518533
0.51858
0.518628
0.518676
0.518723
0.518771
0.518819
0.518866
0.518914
0.518962
0.51901
0.519057
0.519105
0.519153
0.5192
0.519248
0.519295
0.519343
0.519391
0.519438
0.519486
0.519534
0.519581
0.519629
0.519677
0.519724
0.519772
0.519819
0.519867
0.519915
0.519962
0.52001
0.520057
0.520105
0.520153
0.5202
0.520248
0.520295
0.520343
0.520391
0.520438
0.520486
0.520533
0.520581
0.520628
0.520676
0.520723
0.520771
0.520819
0.520866
0.520914
0.520961
0.521009
0.521056
0.521104
0.521151
0.521199
0.521246
0.521294
0.521341
0.521389
0.521436
0.521484
0.521531
0.521579
0.521626
0.521674
0.521721
0.521769
0.521816
0.521864
0.521911
0.521959
0.522006
0.522053
0.522101
0.522148
0.522196
0.522243
0.522291
0.522338
0.522386
0.522433
0.52248
0.522528
0.522575
0.522623
0.52267
0.522717
0.522765
0.522812
0.52286
0.522907
0.522954
0.523002
0.523049
0.523097
0.523144
0.523191
0.523239
0.523286
0.523333
0.523381
0.523428
0.523476
0.523523
0.52357
0.523618
0.523665
0.523712
0.52376
0.523807
0.523854
0.523902
0.523949
0.523996
0.524043
0.524091
0.524138
0.524185
0.524233
0.52428
0.524327
0.524375
0.524422
0.524469
0.524516
0.524564
0.524611
0.524658
0.524705
0.524753
0.5248
0.524847
0.524894
0.524942
0.524989
0.525036
0.525083
0.525131
0.525178
0.525225
0.525272
0.52532
0.525367
0.525414
0.525461
0.525508
0.525556
0.525603
0.52565
0.525697
0.525744
0.525792
0.525839
0.525886
0.525933
0.52598
0.526027
0.526075
0.526122
0.526169
0.526216
0.526263
0.52631
0.526357
0.526405
0.526452
0.526499
0.526546
0.526593
0.52664
0.526687
0.526734
0.526782
0.526829
0.526876
0.526923
0.52697
0.527017
0.527064
0.527111
0.527158
0.527205
0.527253
0.5273
0.527347
0.527394
0.527441
0.527488
0.527535
0.527582
0.527629
0.527676
0.527723
0.52777
0.527817
0.527864
0.527911
0.527958
0.528005
0.528052
0.528099
0.528146
0.528193
0.52824
0.528287
0.528334
0.528381
0.528428
0.528475
0.528522
0.528569
0.528616
0.528663
0.52871
0.528757
0.528804
0.528851
0.528898
0.528945
0.528992
0.529039
0.529086
0.529133
0.52918
0.529227
0.529274
0.52932
0.529367
0.529414
0.529461
0.529508
0.529555
0.529602
0.529649
0.529696
0.529743
0.52979
0.529836
0.529883
0.52993
0.529977
0.530024
0.530071
0.530118
0.530165
0.530211
0.530258
0.530305
0.530352
0.530399
0.530446
0.530492
0.530539
0.530586
0.530633
0.53068
0.530727
0.530773
0.53082
0.530867
0.530914
0.530961
0.531007
0.531054
0.531101
0.531148
0.531195
0.531241
0.531288
0.531335
0.531382
0.531429
0.531475
0.531522
0.531569
0.531616
0.531662
0.531709
0.531756
0.531803
0.531849
0.531896
0.531943
0.531989
0.532036
0.532083
0.53213
0.532176
0.532223
0.53227
0.532316
0.532363
0.53241
0.532457
0.532503
0.53255
0.532597
0.532643
0.53269
0.532737
0.532783
0.53283
0.532877
0.532923
0.53297
0.533017
0.533063
0.53311
0.533157
0.533203
0.53325
0.533296
0.533343
0.53339
0.533436
0.533483
0.53353
0.533576
0.533623
0.533669
0.533716
0.533763
0.533809
0.533856
0.533902
0.533949
0.533995
0.534042
0.534089
0.534135
0.534182
0.534228
0.534275
0.534321
0.534368
0.534414
0.534461
0.534508
0.534554
0.534601
0.534647
0.534694
0.53474
0.534787
0.534833
0.53488
0.534926
0.534973
0.535019
0.535066
0.535112
0.535159
0.535205
0.535252
0.535298
0.535345
0.535391
0.535438
0.535484
0.535531
0.535577
0.535623
0.53567
0.535716
0.535763
0.535809
0.535856
0.535902
0.535949
0.535995
0.536041
0.536088
0.536134
0.536181
0.536227
0.536273
0.53632
0.536366
0.536413
0.536459
0.536505
0.536552
0.536598
0.536645
0.536691
0.536737
0.536784
0.53683
0.536876
0.536923
0.536969
0.537015
0.537062
0.537108
0.537155
0.537201
0.537247
0.537294
0.53734
0.537386
0.537432
0.537479
0.537525
0.537571
0.537618
0.537664
0.53771
0.537757
0.537803
0.537849
0.537895
0.537942
0.537988
0.538034
0.538081
0.538127
0.538173
0.538219
0.538266
0.538312
0.538358
0.538404
0.538451
0.538497
0.538543
0.538589
0.538636
0.538682
0.538728
0.538774
0.53882
0.538867
0.538913
0.538959
0.539005
0.539051
0.539098
0.539144
0.53919
0.539236
0.539282
0.539328
0.539375
0.539421
0.539467
0.539513
0.539559
0.539605
0.539652
0.539698
0.539744
0.53979
0.539836
0.539882
0.539928
0.539975
0.540021
0.540067
0.540113
0.540159
0.540205
0.540251
0.540297
0.540343
0.54039
0.540436
0.540482
0.540528
0.540574
0.54062
0.540666
0.540712
0.540758
0.540804
0.54085
0.540896
0.540942
0.540988
0.541034
0.54108
0.541127
0.541173
0.541219
0.541265
0.541311
0.541357
0.541403
0.541449
0.541495
0.541541
0.541587
0.541633
0.541679
0.541725
0.541771
0.541817
0.541863
0.541909
0.541955
0.542001
0.542047
0.542092
0.542138
0.542184
0.54223
0.542276
0.542322
0.542368
0.542414
0.54246
0.542506
0.542552
0.542598
0.542644
0.54269
0.542736
0.542781
0.542827
0.542873
0.542919
0.542965
0.543011
0.543057
0.543103
0.543149
0.543195
0.54324
0.543286
0.543332
0.543378
0.543424
0.54347
0.543516
0.543561
0.543607
0.543653
0.543699
0.543745
0.543791
0.543836
0.543882
0.543928
0.543974
0.54402
0.544066
0.544111
0.544157
0.544203
0.544249
0.544295
0.54434
0.544386
0.544432
0.544478
0.544523
0.544569
0.544615
0.544661
0.544706
0.544752
0.544798
0.544844
0.544889
0.544935
0.544981
0.545027
0.545072
0.545118
0.545164
0.54521
0.545255
0.545301
0.545347
0.545392
0.545438
0.545484
0.54553
0.545575
0.545621
0.545667
0.545712
0.545758
0.545804
0.545849
0.545895
0.545941
0.545986
0.546032
0.546078
0.546123
0.546169
0.546215
0.54626
0.546306
0.546351
0.546397
0.546443
0.546488
0.546534
0.54658
0.546625
0.546671
0.546716
0.546762
0.546808
0.546853
0.546899
0.546944
0.54699
0.547036
0.547081
0.547127
0.547172
0.547218
0.547263
0.547309
0.547354
0.5474
0.547446
0.547491
0.547537
0.547582
0.547628
0.547673
0.547719
0.547764
0.54781
0.547855
0.547901
0.547946
0.547992
0.548037
0.548083
0.548128
0.548174
0.548219
0.548265
0.54831
0.548356
0.548401
0.548447
0.548492
0.548538
0.548583
0.548629
0.548674
0.548719
0.548765
0.54881
0.548856
0.548901
0.548947
0.548992
0.549037
0.549083
0.549128
0.549174
0.549219
0.549264
0.54931
0.549355
0.549401
0.549446
0.549491
0.549537
0.549582
0.549628
0.549673
0.549718
0.549764
0.549809
0.549854
0.5499
0.549945
0.54999
0.550036
0.550081
0.550126
0.550172
0.550217
0.550262
0.550308
0.550353
0.550398
0.550444
0.550489
0.550534
0.55058
0.550625
0.55067
0.550715
0.550761
0.550806
0.550851
0.550897
0.550942
0.550987
0.551032
0.551078
0.551123
0.551168
0.551213
0.551259
0.551304
0.551349
0.551394
0.55144
0.551485
0.55153
0.551575
0.551621
0.551666
0.551711
0.551756
0.551801
0.551847
0.551892
0.551937
0.551982
0.552027
0.552072
0.552118
0.552163
0.552208
0.552253
0.552298
0.552343
0.552389
0.552434
0.552479
0.552524
0.552569
0.552614
0.552659
0.552705
0.55275
0.552795
0.55284
0.552885
0.55293
0.552975
0.55302
0.553066
0.553111
0.553156
0.553201
0.553246
0.553291
0.553336
0.553381
0.553426
0.553471
0.553516
0.553561
0.553606
0.553652
0.553697
0.553742
0.553787
0.553832
0.553877
0.553922
0.553967
0.554012
0.554057
0.554102
0.554147
0.554192
0.554237
0.554282
0.554327
0.554372
0.554417
0.554462
0.554507
0.554552
0.554597
0.554642
0.554687
0.554732
0.554777
0.554822
0.554867
0.554912
0.554957
0.555001
0.555046
0.555091
0.555136
0.555181
0.555226
0.555271
0.555316
0.555361
0.555406
0.555451
0.555496
0.555541
0.555585
0.55563
0.555675
0.55572
0.555765
0.55581
0.555855
0.5559
0.555944
0.555989
0.556034
0.556079
0.556124
0.556169
0.556214
0.556258
0.556303
0.556348
0.556393
0.556438
0.556483
0.556527
0.556572
0.556617
0.556662
0.556707
0.556752
0.556796
0.556841
0.556886
0.556931
0.556975
0.55702
0.557065
0.55711
0.557155
0.557199
0.557244
0.557289
0.557334
0.557378
0.557423
0.557468
0.557513
0.557557
0.557602
0.557647
0.557692
0.557736
0.557781
0.557826
0.55787
0.557915
0.55796
0.558005
0.558049
0.558094
0.558139
0.558183
0.558228
0.558273
0.558317
0.558362
0.558407
0.558451
0.558496
0.558541
0.558585
0.55863
0.558675
0.558719
0.558764
0.558809
0.558853
0.558898
0.558942
0.558987
0.559032
0.559076
0.559121
0.559166
0.55921
0.559255
0.559299
0.559344
0.559389
0.559433
0.559478
0.559522
0.559567
0.559611
0.559656
0.559701
0.559745
0.55979
0.559834
0.559879
0.559923
0.559968
0.560012
0.560057
0.560102
0.560146
0.560191
0.560235
0.56028
0.560324
0.560369
0.560413
0.560458
0.560502
0.560547
0.560591
0.560636
0.56068
0.560725
0.560769
0.560814
0.560858
0.560902
0.560947
0.560991
0.561036
0.56108
0.561125
0.561169
0.561214
0.561258
0.561302
0.561347
0.561391
0.561436
0.56148
0.561525
0.561569
0.561613
0.561658
0.561702
0.561747
0.561791
0.561835
0.56188
0.561924
0.561969
0.562013
0.562057
0.562102
0.562146
0.56219
0.562235
0.562279
0.562323
0.562368
0.562412
0.562456
0.562501
0.562545
0.562589
0.562634
0.562678
0.562722
0.562767
0.562811
0.562855
0.5629
0.562944
0.562988
0.563032
0.563077
0.563121
0.563165
0.56321
0.563254
0.563298
0.563342
0.563387
0.563431
0.563475
0.563519
0.563564
0.563608
0.563652
0.563696
0.563741
0.563785
0.563829
0.563873
0.563918
0.563962
0.564006
0.56405
0.564094
0.564139
0.564183
0.564227
0.564271
0.564315
0.564359
0.564404
0.564448
0.564492
0.564536
0.56458
0.564624
0.564669
0.564713
0.564757
0.564801
0.564845
0.564889
0.564933
0.564978
0.565022
0.565066
0.56511
0.565154
0.565198
0.565242
0.565286
0.565331
0.565375
0.565419
0.565463
0.565507
0.565551
0.565595
0.565639
0.565683
0.565727
0.565771
0.565815
0.565859
0.565903
0.565948
0.565992
0.566036
0.56608
0.566124
0.566168
0.566212
0.566256
0.5663
0.566344
0.566388
0.566432
0.566476
0.56652
0.566564
0.566608
0.566652
0.566696
0.56674
0.566784
0.566828
0.566872
0.566916
0.56696
0.567004
0.567048
0.567091
0.567135
0.567179
0.567223
0.567267
0.567311
0.567355
0.567399
0.567443
0.567487
0.567531
0.567575
0.567619
0.567662
0.567706
0.56775
0.567794
0.567838
0.567882
0.567926
0.56797
0.568014
0.568057
0.568101
0.568145
0.568189
0.568233
0.568277
0.568321
0.568364
0.568408
0.568452
0.568496
0.56854
0.568584
0.568627
0.568671
0.568715
0.568759
0.568803
0.568846
0.56889
0.568934
0.568978
0.569022
0.569065
0.569109
0.569153
0.569197
0.569241
0.569284
0.569328
0.569372
0.569416
0.569459
0.569503
0.569547
0.569591
0.569634
0.569678
0.569722
0.569765
0.569809
0.569853
0.569897
0.56994
0.569984
0.570028
0.570071
0.570115
0.570159
0.570203
0.570246
0.57029
0.570334
0.570377
0.570421
0.570465
0.570508
0.570552
0.570596
0.570639
0.570683
0.570727
0.57077
0.570814
0.570857
0.570901
0.570945
0.570988
0.571032
0.571076
0.571119
0.571163
0.571206
0.57125
0.571294
0.571337
0.571381
0.571424
0.571468
0.571511
0.571555
0.571599
0.571642
0.571686
0.571729
0.571773
0.571816
0.57186
0.571904
0.571947
0.571991
0.572034
0.572078
0.572121
0.572165
0.572208
0.572252
0.572295
0.572339
0.572382
0.572426
0.572469
0.572513
0.572556
0.5726
0.572643
0.572687
0.57273
0.572774
0.572817
0.572861
0.572904
0.572947
0.572991
0.573034
0.573078
0.573121
0.573165
0.573208
0.573252
0.573295
0.573338
0.573382
0.573425
0.573469
0.573512
0.573555
0.573599
0.573642
0.573686
0.573729
0.573772
0.573816
0.573859
0.573902
0.573946
0.573989
0.574033
0.574076
0.574119
0.574163
0.574206
0.574249
0.574293
0.574336
0.574379
0.574423
0.574466
0.574509
0.574553
0.574596
0.574639
0.574683
0.574726
0.574769
0.574812
0.574856
0.574899
0.574942
0.574986
0.575029
0.575072
0.575115
0.575159
0.575202
0.575245
0.575288
0.575332
0.575375
0.575418
0.575461
0.575505
0.575548
0.575591
0.575634
0.575678
0.575721
0.575764
0.575807
0.57585
0.575894
0.575937
0.57598
0.576023
0.576066
0.57611
0.576153
0.576196
0.576239
0.576282
0.576325
0.576369
0.576412
0.576455
0.576498
0.576541
0.576584
0.576627
0.576671
0.576714
0.576757
0.5768
0.576843
0.576886
0.576929
0.576972
0.577015
0.577059
0.577102
0.577145
0.577188
0.577231
0.577274
0.577317
0.57736
0.577403
0.577446
0.577489
0.577532
0.577575
0.577618
0.577662
0.577705
0.577748
0.577791
0.577834
0.577877
0.57792
0.577963
0.578006
0.578049
0.578092
0.578135
0.578178
0.578221
0.578264
0.578307
0.57835
0.578393
0.578436
0.578479
0.578522
0.578565
0.578608
0.578651
0.578694
0.578736
0.578779
0.578822
0.578865
0.578908
0.578951
0.578994
0.579037
0.57908
0.579123
0.579166
0.579209
0.579252
0.579295
0.579337
0.57938
0.579423
0.579466
0.579509
0.579552
0.579595
0.579638
0.57968
0.579723
0.579766
0.579809
0.579852
0.579895
0.579938
0.57998
0.580023
0.580066
0.580109
0.580152
0.580195
0.580237
0.58028
0.580323
0.580366
0.580409
0.580451
0.580494
0.580537
0.58058
0.580623
0.580665
0.580708
0.580751
0.580794
0.580837
0.580879
0.580922
0.580965
0.581008
0.58105
0.581093
0.581136
0.581179
0.581221
0.581264
0.581307
0.581349
0.581392
0.581435
0.581478
0.58152
0.581563
0.581606
0.581648
0.581691
0.581734
0.581776
0.581819
0.581862
0.581904
0.581947
0.58199
0.582032
0.582075
0.582118
0.58216
0.582203
0.582246
0.582288
0.582331
0.582374
0.582416
0.582459
0.582502
0.582544
0.582587
0.582629
0.582672
0.582715
0.582757
0.5828
0.582842
0.582885
0.582928
0.58297
0.583013
0.583055
0.583098
0.58314
0.583183
0.583225
0.583268
0.583311
0.583353
0.583396
0.583438
0.583481
0.583523
0.583566
0.583608
0.583651
0.583693
0.583736
0.583778
0.583821
0.583863
0.583906
0.583948
0.583991
0.584033
0.584076
0.584118
0.584161
0.584203
0.584246
0.584288
0.584331
0.584373
0.584415
0.584458
0.5845
0.584543
0.584585
0.584628
0.58467
0.584713
0.584755
0.584797
0.58484
0.584882
0.584925
0.584967
0.585009
0.585052
0.585094
0.585137
0.585179
0.585221
0.585264
0.585306
0.585348
0.585391
0.585433
0.585476
0.585518
0.58556
0.585603
0.585645
0.585687
0.58573
0.585772
0.585814
0.585857
0.585899
0.585941
0.585983
0.586026
0.586068
0.58611
0.586153
0.586195
0.586237
0.58628
0.586322
0.586364
0.586406
0.586449
0.586491
0.586533
0.586575
0.586618
0.58666
0.586702
0.586744
0.586787
0.586829
0.586871
0.586913
0.586956
0.586998
0.58704
0.587082
0.587124
0.587167
0.587209
0.587251
0.587293
0.587335
0.587378
0.58742
0.587462
0.587504
0.587546
0.587588
0.587631
0.587673
0.587715
0.587757
0.587799
0.587841
0.587883
0.587926
0.587968
0.58801
0.588052
0.588094
0.588136
0.588178
0.58822
0.588262
0.588305
0.588347
0.588389
0.588431
0.588473
0.588515
0.588557
0.588599
0.588641
0.588683
0.588725
0.588767
0.588809
0.588852
0.588894
0.588936
0.588978
0.58902
0.589062
0.589104
0.589146
0.589188
0.58923
0.589272
0.589314
0.589356
0.589398
0.58944
0.589482
0.589524
0.589566
0.589608
0.58965
0.589692
0.589734
0.589776
0.589818
0.58986
0.589902
0.589943
0.589985
0.590027
0.590069
0.590111
0.590153
0.590195
0.590237
0.590279
0.590321
0.590363
0.590405
0.590447
0.590488
0.59053
0.590572
0.590614
0.590656
0.590698
0.59074
0.590782
0.590824
0.590865
0.590907
0.590949
0.590991
0.591033
0.591075
0.591116
0.591158
0.5912
0.591242
0.591284
0.591326
0.591367
0.591409
0.591451
0.591493
0.591535
0.591577
0.591618
0.59166
0.591702
0.591744
0.591785
0.591827
0.591869
0.591911
0.591953
0.591994
0.592036
0.592078
0.59212
0.592161
0.592203
0.592245
0.592287
0.592328
0.59237
0.592412
0.592453
0.592495
0.592537
0.592579
0.59262
0.592662
0.592704
0.592745
0.592787
0.592829
0.59287
0.592912
0.592954
0.592995
0.593037
0.593079
0.59312
0.593162
0.593204
0.593245
0.593287
0.593329
0.59337
0.593412
0.593454
0.593495
0.593537
0.593578
0.59362
0.593662
0.593703
0.593745
0.593786
0.593828
0.59387
0.593911
0.593953
0.593994
0.594036
0.594077
0.594119
0.594161
0.594202
0.594244
0.594285
0.594327
0.594368
0.59441
0.594451
0.594493
0.594534
0.594576
0.594618
0.594659
0.594701
0.594742
0.594784
0.594825
0.594867
0.594908
0.59495
0.594991
0.595033
0.595074
0.595115
0.595157
0.595198
0.59524
0.595281
0.595323
0.595364
0.595406
0.595447
0.595489
0.59553
0.595571
0.595613
0.595654
0.595696
0.595737
0.595779
0.59582
0.595861
0.595903
0.595944
0.595986
0.596027
0.596068
0.59611
0.596151
0.596192
0.596234
0.596275
0.596317
0.596358
0.596399
0.596441
0.596482
0.596523
0.596565
0.596606
0.596647
0.596689
0.59673
0.596771
0.596813
0.596854
0.596895
0.596936
0.596978
0.597019
0.59706
0.597102
0.597143
0.597184
0.597225
0.597267
0.597308
0.597349
0.597391
0.597432
0.597473
0.597514
0.597556
0.597597
0.597638
0.597679
0.59772
0.597762
0.597803
0.597844
0.597885
0.597927
0.597968
0.598009
0.59805
0.598091
0.598133
0.598174
0.598215
0.598256
0.598297
0.598338
0.59838
0.598421
0.598462
0.598503
0.598544
0.598585
0.598627
0.598668
0.598709
0.59875
0.598791
0.598832
0.598873
0.598914
0.598956
0.598997
0.599038
0.599079
0.59912
0.599161
0.599202
0.599243
0.599284
0.599325
0.599366
0.599408
0.599449
0.59949
0.599531
0.599572
0.599613
0.599654
0.599695
0.599736
0.599777
0.599818
0.599859
0.5999
0.599941
0.599982
0.600023
0.600064
0.600105
0.600146
0.600187
0.600228
0.600269
0.60031
0.600351
0.600392
0.600433
0.600474
0.600515
0.600556
0.600597
0.600638
0.600679
0.60072
0.600761
0.600802
0.600843
0.600883
0.600924
0.600965
0.601006
0.601047
0.601088
0.601129
0.60117
0.601211
0.601252
0.601293
0.601333
0.601374
0.601415
0.601456
0.601497
0.601538
0.601579
0.60162
0.60166
0.601701
0.601742
0.601783
0.601824
0.601865
0.601905
0.601946
0.601987
0.602028
0.602069
0.60211
0.60215
0.602191
0.602232
0.602273
0.602314
0.602354
0.602395
0.602436
0.602477
0.602517
0.602558
0.602599
0.60264
0.602681
0.602721
0.602762
0.602803
0.602843
0.602884
0.602925
0.602966
0.603006
0.603047
0.603088
0.603129
0.603169
0.60321
0.603251
0.603291
0.603332
0.603373
0.603413
0.603454
0.603495
0.603536
0.603576
0.603617
0.603658
0.603698
0.603739
0.603779
0.60382
0.603861
0.603901
0.603942
0.603983
0.604023
0.604064
0.604105
0.604145
0.604186
0.604226
0.604267
0.604308
0.604348
0.604389
0.604429
0.60447
0.604511
0.604551
0.604592
0.604632
0.604673
0.604713
0.604754
0.604795
0.604835
0.604876
0.604916
0.604957
0.604997
0.605038
0.605078
0.605119
0.605159
0.6052
0.60524
0.605281
0.605321
0.605362
0.605402
0.605443
0.605483
0.605524
0.605564
0.605605
0.605645
0.605686
0.605726
0.605767
0.605807
0.605848
0.605888
0.605928
0.605969
0.606009
0.60605
0.60609
0.606131
0.606171
0.606211
0.606252
0.606292
0.606333
0.606373
0.606414
0.606454
0.606494
0.606535
0.606575
0.606615
0.606656
0.606696
0.606737
0.606777
0.606817
0.606858
0.606898
0.606938
0.606979
0.607019
0.607059
0.6071
0.60714
0.60718
0.607221
0.607261
0.607301
0.607342
0.607382
0.607422
0.607462
0.607503
0.607543
0.607583
0.607624
0.607664
0.607704
0.607744
0.607785
0.607825
0.607865
0.607905
0.607946
0.607986
0.608026
0.608066
0.608107
0.608147
0.608187
0.608227
0.608268
0.608308
0.608348
0.608388
0.608428
0.608469
0.608509
0.608549
0.608589
0.608629
0.60867
0.60871
0.60875
0.60879
0.60883
0.60887
0.60891
0.608951
0.608991
0.609031
0.609071
0.609111
0.609151
0.609191
0.609232
0.609272
0.609312
0.609352
0.609392
0.609432
0.609472
0.609512
0.609552
0.609593
0.609633
0.609673
0.609713
0.609753
0.609793
0.609833
0.609873
0.609913
0.609953
0.609993
0.610033
0.610073
0.610113
0.610153
0.610193
0.610233
0.610273
0.610313
0.610353
0.610393
0.610433
0.610473
0.610513
0.610553
0.610593
0.610633
0.610673
0.610713
0.610753
0.610793
0.610833
0.610873
0.610913
0.610953
0.610993
0.611033
0.611073
0.611113
0.611153
0.611193
0.611233
0.611273
0.611312
0.611352
0.611392
0.611432
0.611472
0.611512
0.611552
0.611592
0.611632
0.611672
0.611711
0.611751
0.611791
0.611831
0.611871
0.611911
0.611951
0.61199
0.61203
0.61207
0.61211
0.61215
0.61219
0.612229
0.612269
0.612309
0.612349
0.612389
0.612429
0.612468
0.612508
0.612548
0.612588
0.612628
0.612667
0.612707
0.612747
0.612787
0.612826
0.612866
0.612906
0.612946
0.612985
0.613025
0.613065
0.613105
0.613144
0.613184
0.613224
0.613264
0.613303
0.613343
0.613383
0.613422
0.613462
0.613502
0.613541
0.613581
0.613621
0.613661
0.6137
0.61374
0.61378
0.613819
0.613859
0.613899
0.613938
0.613978
0.614018
0.614057
0.614097
0.614136
0.614176
0.614216
0.614255
0.614295
0.614335
0.614374
0.614414
0.614453
0.614493
0.614533
0.614572
0.614612
0.614651
0.614691
0.61473
0.61477
0.61481
0.614849
0.614889
0.614928
0.614968
0.615007
0.615047
0.615086
0.615126
0.615166
0.615205
0.615245
0.615284
0.615324
0.615363
0.615403
0.615442
0.615482
0.615521
0.615561
0.6156
0.61564
0.615679
0.615719
0.615758
0.615798
0.615837
0.615876
0.615916
0.615955
0.615995
0.616034
0.616074
0.616113
0.616153
0.616192
0.616231
0.616271
0.61631
0.61635
0.616389
0.616428
0.616468
0.616507
0.616547
0.616586
0.616625
0.616665
0.616704
0.616744
0.616783
0.616822
0.616862
0.616901
0.61694
0.61698
0.617019
0.617058
0.617098
0.617137
0.617176
0.617216
0.617255
0.617294
0.617334
0.617373
0.617412
0.617452
0.617491
0.61753
0.617569
0.617609
0.617648
0.617687
0.617727
0.617766
0.617805
0.617844
0.617884
0.617923
0.617962
0.618001
0.618041
0.61808
0.618119
0.618158
0.618198
0.618237
0.618276
0.618315
0.618354
0.618394
0.618433
0.618472
0.618511
0.61855
0.61859
0.618629
0.618668
0.618707
0.618746
0.618785
0.618825
0.618864
0.618903
0.618942
0.618981
0.61902
0.619059
0.619099
0.619138
0.619177
0.619216
0.619255
0.619294
0.619333
0.619372
0.619411
0.619451
0.61949
0.619529
0.619568
0.619607
0.619646
0.619685
0.619724
0.619763
0.619802
0.619841
0.61988
0.619919
0.619958
0.619998
0.620037
0.620076
0.620115
0.620154
0.620193
0.620232
0.620271
0.62031
0.620349
0.620388
0.620427
0.620466
0.620505
0.620544
0.620583
0.620622
0.620661
0.6207
0.620739
0.620777
0.620816
0.620855
0.620894
0.620933
0.620972
0.621011
0.62105
0.621089
0.621128
0.621167
0.621206
0.621245
0.621284
0.621323
0.621361
0.6214
0.621439
0.621478
0.621517
0.621556
0.621595
0.621634
0.621672
0.621711
0.62175
0.621789
0.621828
0.621867
0.621906
0.621944
0.621983
0.622022
0.622061
0.6221
0.622139
0.622177
0.622216
0.622255
0.622294
0.622333
0.622371
0.62241
0.622449
0.622488
0.622527
0.622565
0.622604
0.622643
0.622682
0.62272
0.622759
0.622798
0.622837
0.622875
0.622914
0.622953
0.622992
0.62303
0.623069
0.623108
0.623146
0.623185
0.623224
0.623263
0.623301
0.62334
0.623379
0.623417
0.623456
0.623495
0.623533
0.623572
0.623611
0.623649
0.623688
0.623727
0.623765
0.623804
0.623843
0.623881
0.62392
0.623959
0.623997
0.624036
0.624074
0.624113
0.624152
0.62419
0.624229
0.624267
0.624306
0.624345
0.624383
0.624422
0.62446
0.624499
0.624537
0.624576
0.624615
0.624653
0.624692
0.62473
0.624769
0.624807
0.624846
0.624884
0.624923
0.624961
0.625
0.625039
0.625077
0.625116
0.625154
0.625193
0.625231
0.62527
0.625308
0.625347
0.625385
0.625423
0.625462
0.6255
0.625539
0.625577
0.625616
0.625654
0.625693
0.625731
0.62577
0.625808
0.625846
0.625885
0.625923
0.625962
0.626
0.626039
0.626077
0.626115
0.626154
0.626192
0.626231
0.626269
0.626307
0.626346
0.626384
0.626422
0.626461
0.626499
0.626538
0.626576
0.626614
0.626653
0.626691
0.626729
0.626768
0.626806
0.626844
0.626883
0.626921
0.626959
0.626998
0.627036
0.627074
0.627112
0.627151
0.627189
0.627227
0.627266
0.627304
0.627342
0.62738
0.627419
0.627457
0.627495
0.627533
0.627572
0.62761
0.627648
0.627686
0.627725
0.627763
0.627801
0.627839
0.627878
0.627916
0.627954
0.627992
0.62803
0.628069
0.628107
0.628145
0.628183
0.628221
0.62826
0.628298
0.628336
0.628374
0.628412
0.62845
0.628489
0.628527
0.628565
0.628603
0.628641
0.628679
0.628717
0.628755
0.628794
0.628832
0.62887
0.628908
0.628946
0.628984
0.629022
0.62906
0.629098
0.629136
0.629175
0.629213
0.629251
0.629289
0.629327
0.629365
0.629403
0.629441
0.629479
0.629517
0.629555
0.629593
0.629631
0.629669
0.629707
0.629745
0.629783
0.629821
0.629859
0.629897
0.629935
0.629973
0.630011
0.630049
0.630087
0.630125
0.630163
0.630201
0.630239
0.630277
0.630315
0.630353
0.630391
0.630429
0.630467
0.630505
0.630543
0.630581
0.630619
0.630657
0.630694
0.630732
0.63077
0.630808
0.630846
0.630884
0.630922
0.63096
0.630998
0.631035
0.631073
0.631111
0.631149
0.631187
0.631225
0.631263
0.631301
0.631338
0.631376
0.631414
0.631452
0.63149
0.631528
0.631565
0.631603
0.631641
0.631679
0.631717
0.631754
0.631792
0.63183
0.631868
0.631906
0.631943
0.631981
0.632019
0.632057
0.632094
0.632132
0.63217
0.632208
0.632246
0.632283
0.632321
0.632359
0.632396
0.632434
0.632472
0.63251
0.632547
0.632585
0.632623
0.632661
0.632698
0.632736
0.632774
0.632811
0.632849
0.632887
0.632924
0.632962
0.633
0.633037
0.633075
0.633113
0.63315
0.633188
0.633226
0.633263
0.633301
0.633338
0.633376
0.633414
0.633451
0.633489
0.633527
0.633564
0.633602
0.633639
0.633677
0.633715
0.633752
0.63379
0.633827
0.633865
0.633902
0.63394
0.633978
0.634015
0.634053
0.63409
0.634128
0.634165
0.634203
0.63424
0.634278
0.634315
0.634353
0.634391
0.634428
0.634466
0.634503
0.634541
0.634578
0.634616
0.634653
0.634691
0.634728
0.634765
0.634803
0.63484
0.634878
0.634915
0.634953
0.63499
0.635028
0.635065
0.635103
0.63514
0.635177
0.635215
0.635252
0.63529
0.635327
0.635365
0.635402
0.635439
0.635477
0.635514
0.635552
0.635589
0.635626
0.635664
0.635701
0.635738
0.635776
0.635813
0.63585
0.635888
0.635925
0.635963
0.636
0.636037
0.636075
0.636112
0.636149
0.636187
0.636224
0.636261
0.636298
0.636336
0.636373
0.63641
0.636448
0.636485
0.636522
0.636559
0.636597
0.636634
0.636671
0.636709
0.636746
0.636783
0.63682
0.636858
0.636895
0.636932
0.636969
0.637007
0.637044
0.637081
0.637118
0.637155
0.637193
0.63723
0.637267
0.637304
0.637341
0.637379
0.637416
0.637453
0.63749
0.637527
0.637564
0.637602
0.637639
0.637676
0.637713
0.63775
0.637787
0.637825
0.637862
0.637899
0.637936
0.637973
0.63801
0.638047
0.638084
0.638122
0.638159
0.638196
0.638233
0.63827
0.638307
0.638344
0.638381
0.638418
0.638455
0.638492
0.638529
0.638566
0.638604
0.638641
0.638678
0.638715
0.638752
0.638789
0.638826
0.638863
0.6389
0.638937
0.638974
0.639011
0.639048
0.639085
0.639122
0.639159
0.639196
0.639233
0.63927
0.639307
0.639344
0.639381
0.639418
0.639455
0.639492
0.639529
0.639565
0.639602
0.639639
0.639676
0.639713
0.63975
0.639787
0.639824
0.639861
0.639898
0.639935
0.639972
0.640008
0.640045
0.640082
0.640119
0.640156
0.640193
0.64023
0.640267
0.640304
0.64034
0.640377
0.640414
0.640451
0.640488
0.640525
0.640561
0.640598
0.640635
0.640672
0.640709
0.640746
0.640782
0.640819
0.640856
0.640893
0.64093
0.640966
0.641003
0.64104
0.641077
0.641113
0.64115
0.641187
0.641224
0.641261
0.641297
0.641334
0.641371
0.641408
0.641444
0.641481
0.641518
0.641554
0.641591
0.641628
0.641665
0.641701
0.641738
0.641775
0.641811
0.641848
0.641885
0.641921
0.641958
0.641995
0.642031
0.642068
0.642105
0.642141
0.642178
0.642215
0.642251
0.642288
0.642325
0.642361
0.642398
0.642435
0.642471
0.642508
0.642544
0.642581
0.642618
0.642654
0.642691
0.642727
0.642764
0.642801
0.642837
0.642874
0.64291
0.642947
0.642983
0.64302
0.643057
0.643093
0.64313
0.643166
0.643203
0.643239
0.643276
0.643312
0.643349
0.643385
0.643422
0.643458
0.643495
0.643531
0.643568
0.643604
0.643641
0.643677
0.643714
0.64375
0.643787
0.643823
0.64386
0.643896
0.643933
0.643969
0.644005
0.644042
0.644078
0.644115
0.644151
0.644188
0.644224
0.64426
0.644297
0.644333
0.64437
0.644406
0.644442
0.644479
0.644515
0.644552
0.644588
0.644624
0.644661
0.644697
0.644733
0.64477
0.644806
0.644843
0.644879
0.644915
0.644952
0.644988
0.645024
0.645061
0.645097
0.645133
0.64517
0.645206
0.645242
0.645278
0.645315
0.645351
0.645387
0.645424
0.64546
0.645496
0.645532
0.645569
0.645605
0.645641
0.645677
0.645714
0.64575
0.645786
0.645822
0.645859
0.645895
0.645931
0.645967
0.646004
0.64604
0.646076
0.646112
0.646148
0.646185
0.646221
0.646257
0.646293
0.646329
0.646366
0.646402
0.646438
0.646474
0.64651
0.646546
0.646582
0.646619
0.646655
0.646691
0.646727
0.646763
0.646799
0.646835
0.646872
0.646908
0.646944
0.64698
0.647016
0.647052
0.647088
0.647124
0.64716
0.647196
0.647232
0.647269
0.647305
0.647341
0.647377
0.647413
0.647449
0.647485
0.647521
0.647557
0.647593
0.647629
0.647665
0.647701
0.647737
0.647773
0.647809
0.647845
0.647881
0.647917
0.647953
0.647989
0.648025
0.648061
0.648097
0.648133
0.648169
0.648205
0.648241
0.648277
0.648313
0.648349
0.648385
0.648421
0.648457
0.648492
0.648528
0.648564
0.6486
0.648636
0.648672
0.648708
0.648744
0.64878
0.648816
0.648852
0.648887
0.648923
0.648959
0.648995
0.649031
0.649067
0.649103
0.649139
0.649174
0.64921
0.649246
0.649282
0.649318
0.649354
0.649389
0.649425
0.649461
0.649497
0.649533
0.649568
0.649604
0.64964
0.649676
0.649712
0.649747
0.649783
0.649819
0.649855
0.64989
0.649926
0.649962
0.649998
0.650034
0.650069
0.650105
0.650141
0.650176
0.650212
0.650248
0.650284
0.650319
0.650355
0.650391
0.650427
0.650462
0.650498
0.650534
0.650569
0.650605
0.650641
0.650676
0.650712
0.650748
0.650783
0.650819
0.650855
0.65089
0.650926
0.650962
0.650997
0.651033
0.651068
0.651104
0.65114
0.651175
0.651211
0.651247
0.651282
0.651318
0.651353
0.651389
0.651425
0.65146
0.651496
0.651531
0.651567
0.651602
0.651638
0.651674
0.651709
0.651745
0.65178
0.651816
0.651851
0.651887
0.651922
0.651958
0.651993
0.652029
0.652064
0.6521
0.652135
0.652171
0.652206
0.652242
0.652277
0.652313
0.652348
0.652384
0.652419
0.652455
0.65249
0.652526
0.652561
0.652597
0.652632
0.652667
0.652703
0.652738
0.652774
0.652809
0.652845
0.65288
0.652915
0.652951
0.652986
0.653022
0.653057
0.653092
0.653128
0.653163
0.653199
0.653234
0.653269
0.653305
0.65334
0.653375
0.653411
0.653446
0.653481
0.653517
0.653552
0.653587
0.653623
0.653658
0.653693
0.653729
0.653764
0.653799
0.653835
0.65387
0.653905
0.65394
0.653976
0.654011
0.654046
0.654082
0.654117
0.654152
0.654187
0.654223
0.654258
0.654293
0.654328
0.654364
0.654399
0.654434
0.654469
0.654505
0.65454
0.654575
0.65461
0.654645
0.654681
0.654716
0.654751
0.654786
0.654821
0.654856
0.654892
0.654927
0.654962
0.654997
0.655032
0.655067
0.655103
0.655138
0.655173
0.655208
0.655243
0.655278
0.655313
0.655349
0.655384
0.655419
0.655454
0.655489
0.655524
0.655559
0.655594
0.655629
0.655664
0.6557
0.655735
0.65577
0.655805
0.65584
0.655875
0.65591
0.655945
0.65598
0.656015
0.65605
0.656085
0.65612
0.656155
0.65619
0.656225
0.65626
0.656295
0.65633
0.656365
0.6564
0.656435
0.65647
0.656505
0.65654
0.656575
0.65661
0.656645
0.65668
0.656715
0.65675
0.656785
0.65682
0.656855
0.65689
0.656925
0.65696
0.656994
0.657029
0.657064
0.657099
0.657134
0.657169
0.657204
0.657239
0.657274
0.657309
0.657343
0.657378
0.657413
0.657448
0.657483
0.657518
0.657553
0.657588
0.657622
0.657657
0.657692
0.657727
0.657762
0.657797
0.657831
0.657866
0.657901
0.657936
0.657971
0.658005
0.65804
0.658075
0.65811
0.658145
0.658179
0.658214
0.658249
0.658284
0.658318
0.658353
0.658388
0.658423
0.658457
0.658492
0.658527
0.658562
0.658596
0.658631
0.658666
0.6587
0.658735
0.65877
0.658805
0.658839
0.658874
0.658909
0.658943
0.658978
0.659013
0.659047
0.659082
0.659117
0.659151
0.659186
0.659221
0.659255
0.65929
0.659325
0.659359
0.659394
0.659429
0.659463
0.659498
0.659532
0.659567
0.659602
0.659636
0.659671
0.659705
0.65974
0.659775
0.659809
0.659844
0.659878
0.659913
0.659947
0.659982
0.660017
0.660051
0.660086
0.66012
0.660155
0.660189
0.660224
0.660258
0.660293
0.660327
0.660362
0.660396
0.660431
0.660465
0.6605
0.660534
0.660569
0.660603
0.660638
0.660672
0.660707
0.660741
0.660776
0.66081
0.660845
0.660879
0.660913
0.660948
0.660982
0.661017
0.661051
0.661086
0.66112
0.661154
0.661189
0.661223
0.661258
0.661292
0.661326
0.661361
0.661395
0.66143
0.661464
0.661498
0.661533
0.661567
0.661601
0.661636
0.66167
0.661704
0.661739
0.661773
0.661808
0.661842
0.661876
0.66191
0.661945
0.661979
0.662013
0.662048
0.662082
0.662116
0.662151
0.662185
0.662219
0.662253
0.662288
0.662322
0.662356
0.662391
0.662425
0.662459
0.662493
0.662528
0.662562
0.662596
0.66263
0.662664
0.662699
0.662733
0.662767
0.662801
0.662836
0.66287
0.662904
0.662938
0.662972
0.663007
0.663041
0.663075
0.663109
0.663143
0.663177
0.663212
0.663246
0.66328
0.663314
0.663348
0.663382
0.663416
0.663451
0.663485
0.663519
0.663553
0.663587
0.663621
0.663655
0.663689
0.663723
0.663757
0.663792
0.663826
0.66386
0.663894
0.663928
0.663962
0.663996
0.66403
0.664064
0.664098
0.664132
0.664166
0.6642
0.664234
0.664268
0.664302
0.664336
0.66437
0.664404
0.664438
0.664472
0.664506
0.66454
0.664574
0.664608
0.664642
0.664676
0.66471
0.664744
0.664778
0.664812
0.664846
0.66488
0.664914
0.664948
0.664982
0.665016
0.66505
0.665084
0.665118
0.665152
0.665185
0.665219
0.665253
0.665287
0.665321
0.665355
0.665389
0.665423
0.665457
0.66549
0.665524
0.665558
0.665592
0.665626
0.66566
0.665694
0.665727
0.665761
0.665795
0.665829
0.665863
0.665897
0.66593
0.665964
0.665998
0.666032
0.666066
0.666099
0.666133
0.666167
0.666201
0.666235
0.666268
0.666302
0.666336
0.66637
0.666403
0.666437
0.666471
0.666505
0.666538
0.666572
0.666606
0.66664
0.666673
0.666707
0.666741
0.666775
0.666808
0.666842
0.666876
0.666909
0.666943
0.666977
0.66701
0.667044
0.667078
0.667111
0.667145
0.667179
0.667212
0.667246
0.66728
0.667313
0.667347
0.667381
0.667414
0.667448
0.667481
0.667515
0.667549
0.667582
0.667616
0.66765
0.667683
0.667717
0.66775
0.667784
0.667817
0.667851
0.667885
0.667918
0.667952
0.667985
0.668019
0.668052
0.668086
0.668119
0.668153
0.668187
0.66822
0.668254
0.668287
0.668321
0.668354
0.668388
0.668421
0.668455
0.668488
0.668522
0.668555
0.668589
0.668622
0.668656
0.668689
0.668722
0.668756
0.668789
0.668823
0.668856
0.66889
0.668923
0.668957
0.66899
0.669023
0.669057
0.66909
0.669124
0.669157
0.66919
0.669224
0.669257
0.669291
0.669324
0.669357
0.669391
0.669424
0.669458
0.669491
0.669524
0.669558
0.669591
0.669624
0.669658
0.669691
0.669724
0.669758
0.669791
0.669824
0.669858
0.669891
0.669924
0.669958
0.669991
0.670024
0.670057
0.670091
0.670124
0.670157
0.670191
0.670224
0.670257
0.67029
0.670324
0.670357
0.67039
0.670423
0.670457
0.67049
0.670523
0.670556
0.67059
0.670623
0.670656
0.670689
0.670722
0.670756
0.670789
0.670822
0.670855
0.670888
0.670922
0.670955
0.670988
0.671021
0.671054
0.671087
0.671121
0.671154
0.671187
0.67122
0.671253
0.671286
0.671319
0.671352
0.671386
0.671419
0.671452
0.671485
0.671518
0.671551
0.671584
0.671617
0.67165
0.671683
0.671717
0.67175
0.671783
0.671816
0.671849
0.671882
0.671915
0.671948
0.671981
0.672014
0.672047
0.67208
0.672113
0.672146
0.672179
0.672212
0.672245
0.672278
0.672311
0.672344
0.672377
0.67241
0.672443
0.672476
0.672509
0.672542
0.672575
0.672608
0.672641
0.672674
0.672707
0.67274
0.672773
0.672806
0.672839
0.672872
0.672904
0.672937
0.67297
0.673003
0.673036
0.673069
0.673102
0.673135
0.673168
0.673201
0.673233
0.673266
0.673299
0.673332
0.673365
0.673398
0.673431
0.673463
0.673496
0.673529
0.673562
0.673595
0.673628
0.67366
0.673693
0.673726
0.673759
0.673792
0.673824
0.673857
0.67389
0.673923
0.673956
0.673988
0.674021
0.674054
0.674087
0.67412
0.674152
0.674185
0.674218
0.674251
0.674283
0.674316
0.674349
0.674381
0.674414
0.674447
0.67448
0.674512
0.674545
0.674578
0.67461
0.674643
0.674676
0.674708
0.674741
0.674774
0.674807
0.674839
0.674872
0.674904
0.674937
0.67497
0.675002
0.675035
0.675068
0.6751
0.675133
0.675166
0.675198
0.675231
0.675263
0.675296
0.675329
0.675361
0.675394
0.675426
0.675459
0.675492
0.675524
0.675557
0.675589
0.675622
0.675654
0.675687
0.67572
0.675752
0.675785
0.675817
0.67585
0.675882
0.675915
0.675947
0.67598
0.676012
0.676045
0.676077
0.67611
0.676142
0.676175
0.676207
0.67624
0.676272
0.676305
0.676337
0.67637
0.676402
0.676435
0.676467
0.676499
0.676532
0.676564
0.676597
0.676629
0.676662
0.676694
0.676726
0.676759
0.676791
0.676824
0.676856
0.676888
0.676921
0.676953
0.676986
0.677018
0.67705
0.677083
0.677115
0.677147
0.67718
0.677212
0.677245
0.677277
0.677309
0.677342
0.677374
0.677406
0.677439
0.677471
0.677503
0.677535
0.677568
0.6776
0.677632
0.677665
0.677697
0.677729
0.677761
0.677794
0.677826
0.677858
0.677891
0.677923
0.677955
0.677987
0.67802
0.678052
0.678084
0.678116
0.678148
0.678181
0.678213
0.678245
0.678277
0.67831
0.678342
0.678374
0.678406
0.678438
0.67847
0.678503
0.678535
0.678567
0.678599
0.678631
0.678663
0.678696
0.678728
0.67876
0.678792
0.678824
0.678856
0.678888
0.678921
0.678953
0.678985
0.679017
0.679049
0.679081
0.679113
0.679145
0.679177
0.679209
0.679242
0.679274
0.679306
0.679338
0.67937
0.679402
0.679434
0.679466
0.679498
0.67953
0.679562
0.679594
0.679626
0.679658
0.67969
0.679722
0.679754
0.679786
0.679818
0.67985
0.679882
0.679914
0.679946
0.679978
0.68001
0.680042
0.680074
0.680106
0.680138
0.68017
0.680202
0.680234
0.680266
0.680298
0.68033
0.680362
0.680393
0.680425
0.680457
0.680489
0.680521
0.680553
0.680585
0.680617
0.680649
0.680681
0.680712
0.680744
0.680776
0.680808
0.68084
0.680872
0.680904
0.680935
0.680967
0.680999
0.681031
0.681063
0.681095
0.681126
0.681158
0.68119
0.681222
0.681254
0.681285
0.681317
0.681349
0.681381
0.681413
0.681444
0.681476
0.681508
0.68154
0.681571
0.681603
0.681635
0.681667
0.681698
0.68173
0.681762
0.681794
0.681825
0.681857
0.681889
0.681921
0.681952
0.681984
0.682016
0.682047
0.682079
0.682111
0.682142
0.682174
0.682206
0.682237
0.682269
0.682301
0.682332
0.682364
0.682396
0.682427
0.682459
0.682491
0.682522
0.682554
0.682585
0.682617
0.682649
0.68268
0.682712
0.682744
0.682775
0.682807
0.682838
0.68287
0.682901
0.682933
0.682965
0.682996
0.683028
0.683059
0.683091
0.683122
0.683154
0.683185
0.683217
0.683248
0.68328
0.683312
0.683343
0.683375
0.683406
0.683438
0.683469
0.683501
0.683532
0.683564
0.683595
0.683626
0.683658
0.683689
0.683721
0.683752
0.683784
0.683815
0.683847
0.683878
0.68391
0.683941
0.683972
0.684004
0.684035
0.684067
0.684098
0.68413
0.684161
0.684192
0.684224
0.684255
0.684286
0.684318
0.684349
0.684381
0.684412
0.684443
0.684475
0.684506
0.684537
0.684569
0.6846
0.684631
0.684663
0.684694
0.684725
0.684757
0.684788
0.684819
0.684851
0.684882
0.684913
0.684945
0.684976
0.685007
0.685038
0.68507
0.685101
0.685132
0.685163
0.685195
0.685226
0.685257
0.685288
0.68532
0.685351
0.685382
0.685413
0.685445
0.685476
0.685507
0.685538
0.685569
0.685601
0.685632
0.685663
0.685694
0.685725
0.685757
0.685788
0.685819
0.68585
0.685881
0.685912
0.685944
0.685975
0.686006
0.686037
0.686068
0.686099
0.68613
0.686162
0.686193
0.686224
0.686255
0.686286
0.686317
0.686348
0.686379
0.68641
0.686441
0.686473
0.686504
0.686535
0.686566
0.686597
0.686628
0.686659
0.68669
0.686721
0.686752
0.686783
0.686814
0.686845
0.686876
0.686907
0.686938
0.686969
0.687
0.687031
0.687062
0.687093
0.687124
0.687155
0.687186
0.687217
0.687248
0.687279
0.68731
0.687341
0.687372
0.687403
0.687434
0.687465
0.687496
0.687527
0.687558
0.687588
0.687619
0.68765
0.687681
0.687712
0.687743
0.687774
0.687805
0.687836
0.687867
0.687897
0.687928
0.687959
0.68799
0.688021
0.688052
0.688083
0.688113
0.688144
0.688175
0.688206
0.688237
0.688268
0.688298
0.688329
0.68836
0.688391
0.688422
0.688452
0.688483
0.688514
0.688545
0.688576
0.688606
0.688637
0.688668
0.688699
0.688729
0.68876
0.688791
0.688822
0.688852
0.688883
0.688914
0.688945
0.688975
0.689006
0.689037
0.689067
0.689098
0.689129
0.68916
0.68919
0.689221
0.689252
0.689282
0.689313
0.689344
0.689374
0.689405
0.689436
0.689466
0.689497
0.689528
0.689558
0.689589
0.689619
0.68965
0.689681
0.689711
0.689742
0.689773
0.689803
0.689834
0.689864
0.689895
0.689926
0.689956
0.689987
0.690017
0.690048
0.690078
0.690109
0.69014
0.69017
0.690201
0.690231
0.690262
0.690292
0.690323
0.690353
0.690384
0.690414
0.690445
0.690475
0.690506
0.690536
0.690567
0.690597
0.690628
0.690658
0.690689
0.690719
0.69075
0.69078
0.690811
0.690841
0.690872
0.690902
0.690932
0.690963
0.690993
0.691024
0.691054
0.691085
0.691115
0.691145
0.691176
0.691206
0.691237
0.691267
0.691297
0.691328
0.691358
0.691388
0.691419
0.691449
0.69148
0.69151
0.69154
0.691571
0.691601
0.691631
0.691662
0.691692
0.691722
0.691753
0.691783
0.691813
0.691844
0.691874
0.691904
0.691934
0.691965
0.691995
0.692025
0.692056
0.692086
0.692116
0.692146
0.692177
0.692207
0.692237
0.692267
0.692298
0.692328
0.692358
0.692388
0.692419
0.692449
0.692479
0.692509
0.692539
0.69257
0.6926
0.69263
0.69266
0.69269
0.692721
0.692751
0.692781
0.692811
0.692841
0.692871
0.692902
0.692932
0.692962
0.692992
0.693022
0.693052
0.693082
0.693113
0.693143
0.693173
0.693203
0.693233
0.693263
0.693293
0.693323
0.693353
0.693383
0.693414
0.693444
0.693474
0.693504
0.693534
0.693564
0.693594
0.693624
0.693654
0.693684
0.693714
0.693744
0.693774
0.693804
0.693834
0.693864
0.693894
0.693924
0.693954
0.693984
0.694014
0.694044
0.694074
0.694104
0.694134
0.694164
0.694194
0.694224
0.694254
0.694284
0.694314
0.694344
0.694374
0.694404
0.694434
0.694464
0.694493
0.694523
0.694553
0.694583
0.694613
0.694643
0.694673
0.694703
0.694733
0.694763
0.694792
0.694822
0.694852
0.694882
0.694912
0.694942
0.694972
0.695001
0.695031
0.695061
0.695091
0.695121
0.695151
0.69518
0.69521
0.69524
0.69527
0.6953
0.695329
0.695359
0.695389
0.695419
0.695449
0.695478
0.695508
0.695538
0.695568
0.695597
0.695627
0.695657
0.695687
0.695716
0.695746
0.695776
0.695806
0.695835
0.695865
0.695895
0.695924
0.695954
0.695984
0.696013
0.696043
0.696073
0.696103
0.696132
0.696162
0.696192
0.696221
0.696251
0.696281
0.69631
0.69634
0.696369
0.696399
0.696429
0.696458
0.696488
0.696518
0.696547
0.696577
0.696606
0.696636
0.696666
0.696695
0.696725
0.696754
0.696784
0.696814
0.696843
0.696873
0.696902
0.696932
0.696961
0.696991
0.69702
0.69705
0.69708
0.697109
0.697139
0.697168
0.697198
0.697227
0.697257
0.697286
0.697316
0.697345
0.697375
0.697404
0.697434
0.697463
0.697493
0.697522
0.697551
0.697581
0.69761
0.69764
0.697669
0.697699
0.697728
0.697758
0.697787
0.697816
0.697846
0.697875
0.697905
0.697934
0.697963
0.697993
0.698022
0.698052
0.698081
0.69811
0.69814
0.698169
0.698199
0.698228
0.698257
0.698287
0.698316
0.698345
0.698375
0.698404
0.698433
0.698463
0.698492
0.698521
0.698551
0.69858
0.698609
0.698638
0.698668
0.698697
0.698726
0.698756
0.698785
0.698814
0.698843
0.698873
0.698902
0.698931
0.69896
0.69899
0.699019
0.699048
0.699077
0.699107
0.699136
0.699165
0.699194
0.699223
0.699253
0.699282
0.699311
0.69934
0.699369
0.699399
0.699428
0.699457
0.699486
0.699515
0.699545
0.699574
0.699603
0.699632
0.699661
0.69969
0.699719
0.699749
0.699778
0.699807
0.699836
0.699865
0.699894
0.699923
0.699952
0.699981
0.70001
0.70004
0.700069
0.700098
0.700127
0.700156
0.700185
0.700214
0.700243
0.700272
0.700301
0.70033
0.700359
0.700388
0.700417
0.700446
0.700475
0.700504
0.700533
0.700562
0.700591
0.70062
0.700649
0.700678
0.700707
0.700736
0.700765
0.700794
0.700823
0.700852
0.700881
0.70091
0.700939
0.700968
0.700997
0.701026
0.701055
0.701084
0.701113
0.701141
0.70117
0.701199
0.701228
0.701257
0.701286
0.701315
0.701344
0.701373
0.701402
0.70143
0.701459
0.701488
0.701517
0.701546
0.701575
0.701604
0.701632
0.701661
0.70169
0.701719
0.701748
0.701776
0.701805
0.701834
0.701863
0.701892
0.701921
0.701949
0.701978
0.702007
0.702036
0.702064
0.702093
0.702122
0.702151
0.702179
0.702208
0.702237
0.702266
0.702294
0.702323
0.702352
0.702381
0.702409
0.702438
0.702467
0.702495
0.702524
0.702553
0.702582
0.70261
0.702639
0.702668
0.702696
0.702725
0.702754
0.702782
0.702811
0.70284
0.702868
0.702897
0.702926
0.702954
0.702983
0.703011
0.70304
0.703069
0.703097
0.703126
0.703154
0.703183
0.703212
0.70324
0.703269
0.703297
0.703326
0.703355
0.703383
0.703412
0.70344
0.703469
0.703497
0.703526
0.703554
0.703583
0.703612
0.70364
0.703669
0.703697
0.703726
0.703754
0.703783
0.703811
0.70384
0.703868
0.703897
0.703925
0.703954
0.703982
0.70401
0.704039
0.704067
0.704096
0.704124
0.704153
0.704181
0.70421
0.704238
0.704267
0.704295
0.704323
0.704352
0.70438
0.704409
0.704437
0.704465
0.704494
0.704522
0.704551
0.704579
0.704607
0.704636
0.704664
0.704692
0.704721
0.704749
0.704777
0.704806
0.704834
0.704862
0.704891
0.704919
0.704947
0.704976
0.705004
0.705032
0.705061
0.705089
0.705117
0.705146
0.705174
0.705202
0.70523
0.705259
0.705287
0.705315
0.705343
0.705372
0.7054
0.705428
0.705456
0.705485
0.705513
0.705541
0.705569
0.705598
0.705626
0.705654
0.705682
0.70571
0.705739
0.705767
0.705795
0.705823
0.705851
0.70588
0.705908
0.705936
0.705964
0.705992
0.70602
0.706048
0.706077
0.706105
0.706133
0.706161
0.706189
0.706217
0.706245
0.706273
0.706302
0.70633
0.706358
0.706386
0.706414
0.706442
0.70647
0.706498
0.706526
0.706554
0.706582
0.70661
0.706639
0.706667
0.706695
0.706723
0.706751
0.706779
0.706807
0.706835
0.706863
0.706891
0.706919
0.706947
0.706975
0.707003
0.707031
0.707059
0.707087
0.707115
0.707143
0.707171
0.707199
0.707227
0.707255
0.707282
0.70731
0.707338
0.707366
0.707394
0.707422
0.70745
0.707478
0.707506
0.707534
0.707562
0.70759
0.707618
0.707645
0.707673
0.707701
0.707729
0.707757
0.707785
0.707813
0.707841
0.707868
0.707896
0.707924
0.707952
0.70798
0.708008
0.708035
0.708063
0.708091
0.708119
0.708147
0.708174
0.708202
0.70823
0.708258
0.708286
0.708313
0.708341
0.708369
0.708397
0.708425
0.708452
0.70848
0.708508
0.708536
0.708563
0.708591
0.708619
0.708646
0.708674
0.708702
0.70873
0.708757
0.708785
0.708813
0.70884
0.708868
0.708896
0.708923
0.708951
0.708979
0.709007
0.709034
0.709062
0.70909
0.709117
0.709145
0.709172
0.7092
0.709228
0.709255
0.709283
0.709311
0.709338
0.709366
0.709393
0.709421
0.709449
0.709476
0.709504
0.709531
0.709559
0.709587
0.709614
0.709642
0.709669
0.709697
0.709724
0.709752
0.709779
0.709807
0.709835
0.709862
0.70989
0.709917
0.709945
0.709972
0.71
0.710027
0.710055
0.710082
0.71011
0.710137
0.710165
0.710192
0.71022
0.710247
0.710274
0.710302
0.710329
0.710357
0.710384
0.710412
0.710439
0.710467
0.710494
0.710521
0.710549
0.710576
0.710604
0.710631
0.710658
0.710686
0.710713
0.710741
0.710768
0.710795
0.710823
0.71085
0.710878
0.710905
0.710932
0.71096
0.710987
0.711014
0.711042
0.711069
0.711096
0.711124
0.711151
0.711178
0.711206
0.711233
0.71126
0.711287
0.711315
0.711342
0.711369
0.711397
0.711424
0.711451
0.711478
0.711506
0.711533
0.71156
0.711587
0.711615
0.711642
0.711669
0.711696
0.711724
0.711751
0.711778
0.711805
0.711832
0.71186
0.711887
0.711914
0.711941
0.711968
0.711996
0.712023
0.71205
0.712077
0.712104
0.712131
0.712159
0.712186
0.712213
0.71224
0.712267
0.712294
0.712321
0.712348
0.712376
0.712403
0.71243
0.712457
0.712484
0.712511
0.712538
0.712565
0.712592
0.712619
0.712646
0.712674
0.712701
0.712728
0.712755
0.712782
0.712809
0.712836
0.712863
0.71289
0.712917
0.712944
0.712971
0.712998
0.713025
0.713052
0.713079
0.713106
0.713133
0.71316
0.713187
0.713214
0.713241
0.713268
0.713295
0.713322
0.713349
0.713376
0.713403
0.71343
0.713456
0.713483
0.71351
0.713537
0.713564
0.713591
0.713618
0.713645
0.713672
0.713699
0.713726
0.713752
0.713779
0.713806
0.713833
0.71386
0.713887
0.713914
0.713941
0.713967
0.713994
0.714021
0.714048
0.714075
0.714102
0.714128
0.714155
0.714182
0.714209
0.714236
0.714262
0.714289
0.714316
0.714343
0.71437
0.714396
0.714423
0.71445
0.714477
0.714503
0.71453
0.714557
0.714584
0.71461
0.714637
0.714664
0.714691
0.714717
0.714744
0.714771
0.714797
0.714824
0.714851
0.714878
0.714904
0.714931
0.714958
0.714984
0.715011
0.715038
0.715064
0.715091
0.715118
0.715144
0.715171
0.715198
0.715224
0.715251
0.715277
0.715304
0.715331
0.715357
0.715384
0.71541
0.715437
0.715464
0.71549
0.715517
0.715543
0.71557
0.715597
0.715623
0.71565
0.715676
0.715703
0.715729
0.715756
0.715782
0.715809
0.715836
0.715862
0.715889
0.715915
0.715942
0.715968
0.715995
0.716021
0.716048
0.716074
0.716101
0.716127
0.716154
0.71618
0.716206
0.716233
0.716259
0.716286
0.716312
0.716339
0.716365
0.716392
0.716418
0.716444
0.716471
0.716497
0.716524
0.71655
0.716577
0.716603
0.716629
0.716656
0.716682
0.716709
0.716735
0.716761
0.716788
0.716814
0.71684
0.716867
0.716893
0.716919
0.716946
0.716972
0.716998
0.717025
0.717051
0.717077
0.717104
0.71713
0.717156
0.717183
0.717209
0.717235
0.717261
0.717288
0.717314
0.71734
0.717367
0.717393
0.717419
0.717445
0.717472
0.717498
0.717524
0.71755
0.717577
0.717603
0.717629
0.717655
0.717681
0.717708
0.717734
0.71776
0.717786
0.717812
0.717839
0.717865
0.717891
0.717917
0.717943
0.71797
0.717996
0.718022
0.718048
0.718074
0.7181
0.718126
0.718153
0.718179
0.718205
0.718231
0.718257
0.718283
0.718309
0.718335
0.718361
0.718388
0.718414
0.71844
0.718466
0.718492
0.718518
0.718544
0.71857
0.718596
0.718622
0.718648
0.718674
0.7187
0.718726
0.718752
0.718778
0.718804
0.71883
0.718856
0.718882
0.718908
0.718934
0.71896
0.718986
0.719012
0.719038
0.719064
0.71909
0.719116
0.719142
0.719168
0.719194
0.71922
0.719246
0.719272
0.719298
0.719324
0.71935
0.719376
0.719402
0.719427
0.719453
0.719479
0.719505
0.719531
0.719557
0.719583
0.719609
0.719635
0.71966
0.719686
0.719712
0.719738
0.719764
0.71979
0.719816
0.719841
0.719867
0.719893
0.719919
0.719945
0.71997
0.719996
0.720022
0.720048
0.720074
0.720099
0.720125
0.720151
0.720177
0.720203
0.720228
0.720254
0.72028
0.720306
0.720331
0.720357
0.720383
0.720409
0.720434
0.72046
0.720486
0.720511
0.720537
0.720563
0.720589
0.720614
0.72064
0.720666
0.720691
0.720717
0.720743
0.720768
0.720794
0.72082
0.720845
0.720871
0.720897
0.720922
0.720948
0.720974
0.720999
0.721025
0.721051
0.721076
0.721102
0.721127
0.721153
0.721179
0.721204
0.72123
0.721255
0.721281
0.721306
0.721332
0.721358
0.721383
0.721409
0.721434
0.72146
0.721485
0.721511
0.721536
0.721562
0.721588
0.721613
0.721639
0.721664
0.72169
0.721715
0.721741
0.721766
0.721792
0.721817
0.721843
0.721868
0.721893
0.721919
0.721944
0.72197
0.721995
0.722021
0.722046
0.722072
0.722097
0.722123
0.722148
0.722173
0.722199
0.722224
0.72225
0.722275
0.7223
0.722326
0.722351
0.722377
0.722402
0.722427
0.722453
0.722478
0.722503
0.722529
0.722554
0.722579
0.722605
0.72263
0.722656
0.722681
0.722706
0.722731
0.722757
0.722782
0.722807
0.722833
0.722858
0.722883
0.722909
0.722934
0.722959
0.722984
0.72301
0.723035
0.72306
0.723086
0.723111
0.723136
0.723161
0.723186
0.723212
0.723237
0.723262
0.723287
0.723313
0.723338
0.723363
0.723388
0.723413
0.723439
0.723464
0.723489
0.723514
0.723539
0.723565
0.72359
0.723615
0.72364
0.723665
0.72369
0.723715
0.723741
0.723766
0.723791
0.723816
0.723841
0.723866
0.723891
0.723916
0.723942
0.723967
0.723992
0.724017
0.724042
0.724067
0.724092
0.724117
0.724142
0.724167
0.724192
0.724217
0.724242
0.724267
0.724292
0.724317
0.724343
0.724368
0.724393
0.724418
0.724443
0.724468
0.724493
0.724518
0.724543
0.724568
0.724593
0.724618
0.724643
0.724667
0.724692
0.724717
0.724742
0.724767
0.724792
0.724817
0.724842
0.724867
0.724892
0.724917
0.724942
0.724967
0.724992
0.725017
0.725041
0.725066
0.725091
0.725116
0.725141
0.725166
0.725191
0.725216
0.72524
0.725265
0.72529
0.725315
0.72534
0.725365
0.72539
0.725414
0.725439
0.725464
0.725489
0.725514
0.725538
0.725563
0.725588
0.725613
0.725638
0.725662
0.725687
0.725712
0.725737
0.725762
0.725786
0.725811
0.725836
0.725861
0.725885
0.72591
0.725935
0.72596
0.725984
0.726009
0.726034
0.726058
0.726083
0.726108
0.726133
0.726157
0.726182
0.726207
0.726231
0.726256
0.726281
0.726305
0.72633
0.726355
0.726379
0.726404
0.726429
0.726453
0.726478
0.726502
0.726527
0.726552
0.726576
0.726601
0.726626
0.72665
0.726675
0.726699
0.726724
0.726749
0.726773
0.726798
0.726822
0.726847
0.726871
0.726896
0.72692
0.726945
0.72697
0.726994
0.727019
0.727043
0.727068
0.727092
0.727117
0.727141
0.727166
0.72719
0.727215
0.727239
0.727264
0.727288
0.727313
0.727337
0.727362
0.727386
0.727411
0.727435
0.727459
0.727484
0.727508
0.727533
0.727557
0.727582
0.727606
0.72763
0.727655
0.727679
0.727704
0.727728
0.727752
0.727777
0.727801
0.727826
0.72785
0.727874
0.727899
0.727923
0.727947
0.727972
0.727996
0.728021
0.728045
0.728069
0.728094
0.728118
0.728142
0.728167
0.728191
0.728215
0.728239
0.728264
0.728288
0.728312
0.728337
0.728361
0.728385
0.728409
0.728434
0.728458
0.728482
0.728506
0.728531
0.728555
0.728579
0.728603
0.728628
0.728652
0.728676
0.7287
0.728725
0.728749
0.728773
0.728797
0.728821
0.728846
0.72887
0.728894
0.728918
0.728942
0.728966
0.728991
0.729015
0.729039
0.729063
0.729087
0.729111
0.729135
0.72916
0.729184
0.729208
0.729232
0.729256
0.72928
0.729304
0.729328
0.729352
0.729377
0.729401
0.729425
0.729449
0.729473
0.729497
0.729521
0.729545
0.729569
0.729593
0.729617
0.729641
0.729665
0.729689
0.729713
0.729737
0.729761
0.729785
0.729809
0.729833
0.729857
0.729881
0.729905
0.729929
0.729953
0.729977
0.730001
0.730025
0.730049
0.730073
0.730097
0.730121
0.730145
0.730169
0.730193
0.730217
0.730241
0.730265
0.730288
0.730312
0.730336
0.73036
0.730384
0.730408
0.730432
0.730456
0.73048
0.730503
0.730527
0.730551
0.730575
0.730599
0.730623
0.730647
0.73067
0.730694
0.730718
0.730742
0.730766
0.73079
0.730813
0.730837
0.730861
0.730885
0.730909
0.730932
0.730956
0.73098
0.731004
0.731027
0.731051
0.731075
0.731099
0.731123
0.731146
0.73117
0.731194
0.731217
0.731241
0.731265
0.731289
0.731312
0.731336
0.73136
0.731384
0.731407
0.731431
0.731455
0.731478
0.731502
0.731526
0.731549
0.731573
0.731597
0.73162
0.731644
0.731668
0.731691
0.731715
0.731738
0.731762
0.731786
0.731809
0.731833
0.731857
0.73188
0.731904
0.731927
0.731951
0.731975
0.731998
0.732022
0.732045
0.732069
0.732092
0.732116
0.73214
0.732163
0.732187
0.73221
0.732234
0.732257
0.732281
0.732304
0.732328
0.732351
0.732375
0.732398
0.732422
0.732445
0.732469
0.732492
0.732516
0.732539
0.732563
0.732586
0.73261
0.732633
0.732657
0.73268
0.732703
0.732727
0.73275
0.732774
0.732797
0.732821
0.732844
0.732867
0.732891
0.732914
0.732938
0.732961
0.732984
0.733008
0.733031
0.733055
0.733078
0.733101
0.733125
0.733148
0.733171
0.733195
0.733218
0.733241
0.733265
0.733288
0.733311
0.733335
0.733358
0.733381
0.733405
0.733428
0.733451
0.733474
0.733498
0.733521
0.733544
0.733568
0.733591
0.733614
0.733637
0.733661
0.733684
0.733707
0.73373
0.733754
0.733777
0.7338
0.733823
0.733846
0.73387
0.733893
0.733916
0.733939
0.733962
0.733986
0.734009
0.734032
0.734055
0.734078
0.734102
0.734125
0.734148
0.734171
0.734194
0.734217
0.73424
0.734264
0.734287
0.73431
0.734333
0.734356
0.734379
0.734402
0.734425
0.734448
0.734472
0.734495
0.734518
0.734541
0.734564
0.734587
0.73461
0.734633
0.734656
0.734679
0.734702
0.734725
0.734748
0.734771
0.734794
0.734817
0.73484
0.734863
0.734886
0.734909
0.734932
0.734955
0.734978
0.735001
0.735024
0.735047
0.73507
0.735093
0.735116
0.735139
0.735162
0.735185
0.735208
0.735231
0.735254
0.735277
0.7353
0.735323
0.735346
0.735369
0.735391
0.735414
0.735437
0.73546
0.735483
0.735506
0.735529
0.735552
0.735575
0.735597
0.73562
0.735643
0.735666
0.735689
0.735712
0.735735
0.735757
0.73578
0.735803
0.735826
0.735849
0.735871
0.735894
0.735917
0.73594
0.735963
0.735985
0.736008
0.736031
0.736054
0.736077
0.736099
0.736122
0.736145
0.736168
0.73619
0.736213
0.736236
0.736258
0.736281
0.736304
0.736327
0.736349
0.736372
0.736395
0.736417
0.73644
0.736463
0.736486
0.736508
0.736531
0.736554
0.736576
0.736599
0.736622
0.736644
0.736667
0.73669
0.736712
0.736735
0.736757
0.73678
0.736803
0.736825
0.736848
0.73687
0.736893
0.736916
0.736938
0.736961
0.736983
0.737006
0.737029
0.737051
0.737074
0.737096
0.737119
0.737141
0.737164
0.737186
0.737209
0.737232
0.737254
0.737277
0.737299
0.737322
0.737344
0.737367
0.737389
0.737412
0.737434
0.737457
0.737479
0.737502
0.737524
0.737547
0.737569
0.737591
0.737614
0.737636
0.737659
0.737681
0.737704
0.737726
0.737749
0.737771
0.737793
0.737816
0.737838
0.737861
0.737883
0.737905
0.737928
0.73795
0.737973
0.737995
0.738017
0.73804
0.738062
0.738084
0.738107
0.738129
0.738151
0.738174
0.738196
0.738218
0.738241
0.738263
0.738285
0.738308
0.73833
0.738352
0.738375
0.738397
0.738419
0.738441
0.738464
0.738486
0.738508
0.73853
0.738553
0.738575
0.738597
0.738619
0.738642
0.738664
0.738686
0.738708
0.738731
0.738753
0.738775
0.738797
0.738819
0.738842
0.738864
0.738886
0.738908
0.73893
0.738953
0.738975
0.738997
0.739019
0.739041
0.739063
0.739086
0.739108
0.73913
0.739152
0.739174
0.739196
0.739218
0.73924
0.739263
0.739285
0.739307
0.739329
0.739351
0.739373
0.739395
0.739417
0.739439
0.739461
0.739483
0.739505
0.739527
0.73955
0.739572
0.739594
0.739616
0.739638
0.73966
0.739682
0.739704
0.739726
0.739748
0.73977
0.739792
0.739814
0.739836
0.739858
0.73988
0.739902
0.739924
0.739946
0.739968
0.73999
0.740012
0.740033
0.740055
0.740077
0.740099
0.740121
0.740143
0.740165
0.740187
0.740209
0.740231
0.740253
0.740275
0.740296
0.740318
0.74034
0.740362
0.740384
0.740406
0.740428
0.74045
0.740471
0.740493
0.740515
0.740537
0.740559
0.740581
0.740602
0.740624
0.740646
0.740668
0.74069
0.740712
0.740733
0.740755
0.740777
0.740799
0.74082
0.740842
0.740864
0.740886
0.740908
0.740929
0.740951
0.740973
0.740995
0.741016
0.741038
0.74106
0.741081
0.741103
0.741125
0.741147
0.741168
0.74119
0.741212
0.741233
0.741255
0.741277
0.741298
0.74132
0.741342
0.741363
0.741385
0.741407
0.741428
0.74145
0.741472
0.741493
0.741515
0.741537
0.741558
0.74158
0.741601
0.741623
0.741645
0.741666
0.741688
0.741709
0.741731
0.741753
0.741774
0.741796
0.741817
0.741839
0.74186
0.741882
0.741904
0.741925
0.741947
0.741968
0.74199
0.742011
0.742033
0.742054
0.742076
0.742097
0.742119
0.74214
0.742162
0.742183
0.742205
0.742226
0.742248
0.742269
0.742291
0.742312
0.742333
0.742355
0.742376
0.742398
0.742419
0.742441
0.742462
0.742484
0.742505
0.742526
0.742548
0.742569
0.742591
0.742612
0.742633
0.742655
0.742676
0.742698
0.742719
0.74274
0.742762
0.742783
0.742804
0.742826
0.742847
0.742868
0.74289
0.742911
0.742932
0.742954
0.742975
0.742996
0.743018
0.743039
0.74306
0.743081
0.743103
0.743124
0.743145
0.743167
0.743188
0.743209
0.74323
0.743252
0.743273
0.743294
0.743315
0.743337
0.743358
0.743379
0.7434
0.743421
0.743443
0.743464
0.743485
0.743506
0.743527
0.743549
0.74357
0.743591
0.743612
0.743633
0.743655
0.743676
0.743697
0.743718
0.743739
0.74376
0.743781
0.743803
0.743824
0.743845
0.743866
0.743887
0.743908
0.743929
0.74395
0.743971
0.743993
0.744014
0.744035
0.744056
0.744077
0.744098
0.744119
0.74414
0.744161
0.744182
0.744203
0.744224
0.744245
0.744266
0.744287
0.744308
0.744329
0.74435
0.744371
0.744392
0.744413
0.744434
0.744455
0.744476
0.744497
0.744518
0.744539
0.74456
0.744581
0.744602
0.744623
0.744644
0.744665
0.744686
0.744707
0.744728
0.744749
0.74477
0.744791
0.744811
0.744832
0.744853
0.744874
0.744895
0.744916
0.744937
0.744958
0.744979
0.744999
0.74502
0.745041
0.745062
0.745083
0.745104
0.745125
0.745145
0.745166
0.745187
0.745208
0.745229
0.745249
0.74527
0.745291
0.745312
0.745333
0.745353
0.745374
0.745395
0.745416
0.745437
0.745457
0.745478
0.745499
0.74552
0.74554
0.745561
0.745582
0.745603
0.745623
0.745644
0.745665
0.745685
0.745706
0.745727
0.745748
0.745768
0.745789
0.74581
0.74583
0.745851
0.745872
0.745892
0.745913
0.745934
0.745954
0.745975
0.745996
0.746016
0.746037
0.746057
0.746078
0.746099
0.746119
0.74614
0.746161
0.746181
0.746202
0.746222
0.746243
0.746263
0.746284
0.746305
0.746325
0.746346
0.746366
0.746387
0.746407
0.746428
0.746449
0.746469
0.74649
0.74651
0.746531
0.746551
0.746572
0.746592
0.746613
0.746633
0.746654
0.746674
0.746695
0.746715
0.746736
0.746756
0.746777
0.746797
0.746817
0.746838
0.746858
0.746879
0.746899
0.74692
0.74694
0.74696
0.746981
0.747001
0.747022
0.747042
0.747063
0.747083
0.747103
0.747124
0.747144
0.747164
0.747185
0.747205
0.747226
0.747246
0.747266
0.747287
0.747307
0.747327
0.747348
0.747368
0.747388
0.747409
0.747429
0.747449
0.74747
0.74749
0.74751
0.74753
0.747551
0.747571
0.747591
0.747612
0.747632
0.747652
0.747672
0.747693
0.747713
0.747733
0.747753
0.747774
0.747794
0.747814
0.747834
0.747854
0.747875
0.747895
0.747915
0.747935
0.747955
0.747976
0.747996
0.748016
0.748036
0.748056
0.748077
0.748097
0.748117
0.748137
0.748157
0.748177
0.748197
0.748218
0.748238
0.748258
0.748278
0.748298
0.748318
0.748338
0.748358
0.748378
0.748399
0.748419
0.748439
0.748459
0.748479
0.748499
0.748519
0.748539
0.748559
0.748579
0.748599
0.748619
0.748639
0.748659
0.748679
0.748699
0.748719
0.748739
0.748759
0.748779
0.748799
0.748819
0.748839
0.748859
0.748879
0.748899
0.748919
0.748939
0.748959
0.748979
0.748999
0.749019
0.749039
0.749059
0.749079
0.749099
0.749119
0.749139
0.749159
0.749178
0.749198
0.749218
0.749238
0.749258
0.749278
0.749298
0.749318
0.749338
0.749357
0.749377
0.749397
0.749417
0.749437
0.749457
0.749476
0.749496
0.749516
0.749536
0.749556
0.749576
0.749595
0.749615
0.749635
0.749655
0.749675
0.749694
0.749714
0.749734
0.749754
0.749773
0.749793
0.749813
0.749833
0.749853
0.749872
0.749892
0.749912
0.749931
0.749951
0.749971
0.749991
0.75001
0.75003
0.75005
0.750069
0.750089
0.750109
0.750129
0.750148
0.750168
0.750188
0.750207
0.750227
0.750247
0.750266
0.750286
0.750305
0.750325
0.750345
0.750364
0.750384
0.750404
0.750423
0.750443
0.750462
0.750482
0.750502
0.750521
0.750541
0.75056
0.75058
0.7506
0.750619
0.750639
0.750658
0.750678
0.750697
0.750717
0.750736
0.750756
0.750775
0.750795
0.750814
0.750834
0.750853
0.750873
0.750892
0.750912
0.750931
0.750951
0.75097
0.75099
0.751009
0.751029
0.751048
0.751068
0.751087
0.751107
0.751126
0.751146
0.751165
0.751184
0.751204
0.751223
0.751243
0.751262
0.751282
0.751301
0.75132
0.75134
0.751359
0.751378
0.751398
0.751417
0.751437
0.751456
0.751475
0.751495
0.751514
0.751533
0.751553
0.751572
0.751591
0.751611
0.75163
0.751649
0.751669
0.751688
0.751707
0.751727
0.751746
0.751765
0.751784
0.751804
0.751823
0.751842
0.751862
0.751881
0.7519
0.751919
0.751939
0.751958
0.751977
0.751996
0.752015
0.752035
0.752054
0.752073
0.752092
0.752112
0.752131
0.75215
0.752169
0.752188
0.752208
0.752227
0.752246
0.752265
0.752284
0.752303
0.752322
0.752342
0.752361
0.75238
0.752399
0.752418
0.752437
0.752456
0.752476
0.752495
0.752514
0.752533
0.752552
0.752571
0.75259
0.752609
0.752628
0.752647
0.752666
0.752686
0.752705
0.752724
0.752743
0.752762
0.752781
0.7528
0.752819
0.752838
0.752857
0.752876
0.752895
0.752914
0.752933
0.752952
0.752971
0.75299
0.753009
0.753028
0.753047
0.753066
0.753085
0.753104
0.753123
0.753142
0.753161
0.75318
0.753198
0.753217
0.753236
0.753255
0.753274
0.753293
0.753312
0.753331
0.75335
0.753369
0.753388
0.753406
0.753425
0.753444
0.753463
0.753482
0.753501
0.75352
0.753539
0.753557
0.753576
0.753595
0.753614
0.753633
0.753652
0.75367
0.753689
0.753708
0.753727
0.753746
0.753764
0.753783
0.753802
0.753821
0.75384
0.753858
0.753877
0.753896
0.753915
0.753933
0.753952
0.753971
0.75399
0.754008
0.754027
0.754046
0.754064
0.754083
0.754102
0.754121
0.754139
0.754158
0.754177
0.754195
0.754214
0.754233
0.754251
0.75427
0.754289
0.754307
0.754326
0.754345
0.754363
0.754382
0.754401
0.754419
0.754438
0.754457
0.754475
0.754494
0.754512
0.754531
0.75455
0.754568
0.754587
0.754605
0.754624
0.754642
0.754661
0.75468
0.754698
0.754717
0.754735
0.754754
0.754772
0.754791
0.754809
0.754828
0.754846
0.754865
0.754884
0.754902
0.754921
0.754939
0.754958
0.754976
0.754994
0.755013
0.755031
0.75505
0.755068
0.755087
0.755105
0.755124
0.755142
0.755161
0.755179
0.755198
0.755216
0.755234
0.755253
0.755271
0.75529
0.755308
0.755326
0.755345
0.755363
0.755382
0.7554
0.755418
0.755437
0.755455
0.755473
0.755492
0.75551
0.755529
0.755547
0.755565
0.755584
0.755602
0.75562
0.755639
0.755657
0.755675
0.755693
0.755712
0.75573
0.755748
0.755767
0.755785
0.755803
0.755821
0.75584
0.755858
0.755876
0.755894
0.755913
0.755931
0.755949
0.755967
0.755986
0.756004
0.756022
0.75604
0.756059
0.756077
0.756095
0.756113
0.756131
0.75615
0.756168
0.756186
0.756204
0.756222
0.75624
0.756259
0.756277
0.756295
0.756313
0.756331
0.756349
0.756367
0.756386
0.756404
0.756422
0.75644
0.756458
0.756476
0.756494
0.756512
0.75653
0.756549
0.756567
0.756585
0.756603
0.756621
0.756639
0.756657
0.756675
0.756693
0.756711
0.756729
0.756747
0.756765
0.756783
0.756801
0.756819
0.756837
0.756855
0.756873
0.756891
0.756909
0.756927
0.756945
0.756963
0.756981
0.756999
0.757017
0.757035
0.757053
0.757071
0.757089
0.757107
0.757125
0.757143
0.757161
0.757179
0.757196
0.757214
0.757232
0.75725
0.757268
0.757286
0.757304
0.757322
0.75734
0.757357
0.757375
0.757393
0.757411
0.757429
0.757447
0.757465
0.757482
0.7575
0.757518
0.757536
0.757554
0.757572
0.757589
0.757607
0.757625
0.757643
0.757661
0.757678
0.757696
0.757714
0.757732
0.757749
0.757767
0.757785
0.757803
0.757821
0.757838
0.757856
0.757874
0.757891
0.757909
0.757927
0.757945
0.757962
0.75798
0.757998
0.758015
0.758033
0.758051
0.758069
0.758086
0.758104
0.758122
0.758139
0.758157
0.758175
0.758192
0.75821
0.758227
0.758245
0.758263
0.75828
0.758298
0.758316
0.758333
0.758351
0.758368
0.758386
0.758404
0.758421
0.758439
0.758456
0.758474
0.758492
0.758509
0.758527
0.758544
0.758562
0.758579
0.758597
0.758614
0.758632
0.758649
0.758667
0.758684
0.758702
0.75872
0.758737
0.758755
0.758772
0.75879
0.758807
0.758824
0.758842
0.758859
0.758877
0.758894
0.758912
0.758929
0.758947
0.758964
0.758982
0.758999
0.759016
0.759034
0.759051
0.759069
0.759086
0.759104
0.759121
0.759138
0.759156
0.759173
0.75919
0.759208
0.759225
0.759243
0.75926
0.759277
0.759295
0.759312
0.759329
0.759347
0.759364
0.759381
0.759399
0.759416
0.759433
0.759451
0.759468
0.759485
0.759503
0.75952
0.759537
0.759554
0.759572
0.759589
0.759606
0.759624
0.759641
0.759658
0.759675
0.759693
0.75971
0.759727
0.759744
0.759761
0.759779
0.759796
0.759813
0.75983
0.759848
0.759865
0.759882
0.759899
0.759916
0.759933
0.759951
0.759968
0.759985
0.760002
0.760019
0.760036
0.760054
0.760071
0.760088
0.760105
0.760122
0.760139
0.760156
0.760173
0.760191
0.760208
0.760225
0.760242
0.760259
0.760276
0.760293
0.76031
0.760327
0.760344
0.760361
0.760378
0.760395
0.760413
0.76043
0.760447
0.760464
0.760481
0.760498
0.760515
0.760532
0.760549
0.760566
0.760583
0.7606
0.760617
0.760634
0.760651
0.760668
0.760685
0.760702
0.760719
0.760736
0.760752
0.760769
0.760786
0.760803
0.76082
0.760837
0.760854
0.760871
0.760888
0.760905
0.760922
0.760939
0.760956
0.760972
0.760989
0.761006
0.761023
0.76104
0.761057
0.761074
0.761091
0.761107
0.761124
0.761141
0.761158
0.761175
0.761192
0.761208
0.761225
0.761242
0.761259
0.761276
0.761292
0.761309
0.761326
0.761343
0.76136
0.761376
0.761393
0.76141
0.761427
0.761443
0.76146
0.761477
0.761494
0.76151
0.761527
0.761544
0.761561
0.761577
0.761594
0.761611
0.761627
0.761644
0.761661
0.761678
0.761694
0.761711
0.761728
0.761744
0.761761
0.761778
0.761794
0.761811
0.761828
0.761844
0.761861
0.761878
0.761894
0.761911
0.761927
0.761944
0.761961
0.761977
0.761994
0.76201
0.762027
0.762044
0.76206
0.762077
0.762093
0.76211
0.762126
0.762143
0.76216
0.762176
0.762193
0.762209
0.762226
0.762242
0.762259
0.762275
0.762292
0.762308
0.762325
0.762341
0.762358
0.762374
0.762391
0.762407
0.762424
0.76244
0.762457
0.762473
0.76249
0.762506
0.762523
0.762539
0.762555
0.762572
0.762588
0.762605
0.762621
0.762638
0.762654
0.76267
0.762687
0.762703
0.76272
0.762736
0.762752
0.762769
0.762785
0.762802
0.762818
0.762834
0.762851
0.762867
0.762883
0.7629
0.762916
0.762932
0.762949
0.762965
0.762981
0.762998
0.763014
0.76303
0.763047
0.763063
0.763079
0.763095
0.763112
0.763128
0.763144
0.76316
0.763177
0.763193
0.763209
0.763226
0.763242
0.763258
0.763274
0.76329
0.763307
0.763323
0.763339
0.763355
0.763372
0.763388
0.763404
0.76342
0.763436
0.763452
0.763469
0.763485
0.763501
0.763517
0.763533
0.763549
0.763566
0.763582
0.763598
0.763614
0.76363
0.763646
0.763662
0.763679
0.763695
0.763711
0.763727
0.763743
0.763759
0.763775
0.763791
0.763807
0.763823
0.763839
0.763855
0.763872
0.763888
0.763904
0.76392
0.763936
0.763952
0.763968
0.763984
0.764
0.764016
0.764032
0.764048
0.764064
0.76408
0.764096
0.764112
0.764128
0.764144
0.76416
0.764176
0.764192
0.764208
0.764224
0.76424
0.764255
0.764271
0.764287
0.764303
0.764319
0.764335
0.764351
0.764367
0.764383
0.764399
0.764415
0.764431
0.764446
0.764462
0.764478
0.764494
0.76451
0.764526
0.764542
0.764558
0.764573
0.764589
0.764605
0.764621
0.764637
0.764653
0.764668
0.764684
0.7647
0.764716
0.764732
0.764747
0.764763
0.764779
0.764795
0.764811
0.764826
0.764842
0.764858
0.764874
0.764889
0.764905
0.764921
0.764937
0.764952
0.764968
0.764984
0.765
0.765015
0.765031
0.765047
0.765062
0.765078
0.765094
0.765109
0.765125
0.765141
0.765156
0.765172
0.765188
0.765203
0.765219
0.765235
0.76525
0.765266
0.765282
0.765297
0.765313
0.765329
0.765344
0.76536
0.765375
0.765391
0.765407
0.765422
0.765438
0.765453
0.765469
0.765485
0.7655
0.765516
0.765531
0.765547
0.765562
0.765578
0.765593
0.765609
0.765625
0.76564
0.765656
0.765671
0.765687
0.765702
0.765718
0.765733
0.765749
0.765764
0.76578
0.765795
0.765811
0.765826
0.765841
0.765857
0.765872
0.765888
0.765903
0.765919
0.765934
0.76595
0.765965
0.76598
0.765996
0.766011
0.766027
0.766042
0.766057
0.766073
0.766088
0.766104
0.766119
0.766134
0.76615
0.766165
0.76618
0.766196
0.766211
0.766227
0.766242
0.766257
0.766273
0.766288
0.766303
0.766319
0.766334
0.766349
0.766364
0.76638
0.766395
0.76641
0.766426
0.766441
0.766456
0.766471
0.766487
0.766502
0.766517
0.766532
0.766548
0.766563
0.766578
0.766593
0.766609
0.766624
0.766639
0.766654
0.76667
0.766685
0.7667
0.766715
0.76673
0.766746
0.766761
0.766776
0.766791
0.766806
0.766821
0.766837
0.766852
0.766867
0.766882
0.766897
0.766912
0.766927
0.766942
0.766958
0.766973
0.766988
0.767003
0.767018
0.767033
0.767048
0.767063
0.767078
0.767093
0.767109
0.767124
0.767139
0.767154
0.767169
0.767184
0.767199
0.767214
0.767229
0.767244
0.767259
0.767274
0.767289
0.767304
0.767319
0.767334
0.767349
0.767364
0.767379
0.767394
0.767409
0.767424
0.767439
0.767454
0.767469
0.767484
0.767499
0.767514
0.767529
0.767544
0.767558
0.767573
0.767588
0.767603
0.767618
0.767633
0.767648
0.767663
0.767678
0.767693
0.767708
0.767722
0.767737
0.767752
0.767767
0.767782
0.767797
0.767812
0.767826
0.767841
0.767856
0.767871
0.767886
0.767901
0.767915
0.76793
0.767945
0.76796
0.767975
0.767989
0.768004
0.768019
0.768034
0.768048
0.768063
0.768078
0.768093
0.768108
0.768122
0.768137
0.768152
0.768167
0.768181
0.768196
0.768211
0.768225
0.76824
0.768255
0.76827
0.768284
0.768299
0.768314
0.768328
0.768343
0.768358
0.768372
0.768387
0.768402
0.768416
0.768431
0.768446
0.76846
0.768475
0.768489
0.768504
0.768519
0.768533
0.768548
0.768563
0.768577
0.768592
0.768606
0.768621
0.768636
0.76865
0.768665
0.768679
0.768694
0.768708
0.768723
0.768737
0.768752
0.768767
0.768781
0.768796
0.76881
0.768825
0.768839
0.768854
0.768868
0.768883
0.768897
0.768912
0.768926
0.768941
0.768955
0.76897
0.768984
0.768999
0.769013
0.769027
0.769042
0.769056
0.769071
0.769085
0.7691
0.769114
0.769128
0.769143
0.769157
0.769172
0.769186
0.769201
0.769215
0.769229
0.769244
0.769258
0.769272
0.769287
0.769301
0.769316
0.76933
0.769344
0.769359
0.769373
0.769387
0.769402
0.769416
0.76943
0.769445
0.769459
0.769473
0.769487
0.769502
0.769516
0.76953
0.769545
0.769559
0.769573
0.769587
0.769602
0.769616
0.76963
0.769644
0.769659
0.769673
0.769687
0.769701
0.769716
0.76973
0.769744
0.769758
0.769773
0.769787
0.769801
0.769815
0.769829
0.769843
0.769858
0.769872
0.769886
0.7699
0.769914
0.769928
0.769943
0.769957
0.769971
0.769985
0.769999
0.770013
0.770027
0.770042
0.770056
0.77007
0.770084
0.770098
0.770112
0.770126
0.77014
0.770154
0.770168
0.770182
0.770197
0.770211
0.770225
0.770239
0.770253
0.770267
0.770281
0.770295
0.770309
0.770323
0.770337
0.770351
0.770365
0.770379
0.770393
0.770407
0.770421
0.770435
0.770449
0.770463
0.770477
0.770491
0.770505
0.770519
0.770533
0.770547
0.770561
0.770574
0.770588
0.770602
0.770616
0.77063
0.770644
0.770658
0.770672
0.770686
0.7707
0.770714
0.770727
0.770741
0.770755
0.770769
0.770783
0.770797
0.770811
0.770825
0.770838
0.770852
0.770866
0.77088
0.770894
0.770908
0.770921
0.770935
0.770949
0.770963
0.770977
0.77099
0.771004
0.771018
0.771032
0.771045
0.771059
0.771073
0.771087
0.771101
0.771114
0.771128
0.771142
0.771156
0.771169
0.771183
0.771197
0.77121
0.771224
0.771238
0.771252
0.771265
0.771279
0.771293
0.771306
0.77132
0.771334
0.771347
0.771361
0.771375
0.771388
0.771402
0.771416
0.771429
0.771443
0.771457
0.77147
0.771484
0.771497
0.771511
0.771525
0.771538
0.771552
0.771565
0.771579
0.771593
0.771606
0.77162
0.771633
0.771647
0.77166
0.771674
0.771688
0.771701
0.771715
0.771728
0.771742
0.771755
0.771769
0.771782
0.771796
0.771809
0.771823
0.771836
0.77185
0.771863
0.771877
0.77189
0.771904
0.771917
0.771931
0.771944
0.771958
0.771971
0.771984
0.771998
0.772011
0.772025
0.772038
0.772052
0.772065
0.772078
0.772092
0.772105
0.772119
0.772132
0.772145
0.772159
0.772172
0.772186
0.772199
0.772212
0.772226
0.772239
0.772252
0.772266
0.772279
0.772292
0.772306
0.772319
0.772332
0.772346
0.772359
0.772372
0.772386
0.772399
0.772412
0.772426
0.772439
0.772452
0.772465
0.772479
0.772492
0.772505
0.772518
0.772532
0.772545
0.772558
0.772571
0.772585
0.772598
0.772611
0.772624
0.772638
0.772651
0.772664
0.772677
0.77269
0.772703
0.772717
0.77273
0.772743
0.772756
0.772769
0.772783
0.772796
0.772809
0.772822
0.772835
0.772848
0.772861
0.772875
0.772888
0.772901
0.772914
0.772927
0.77294
0.772953
0.772966
0.772979
0.772992
0.773006
0.773019
0.773032
0.773045
0.773058
0.773071
0.773084
0.773097
0.77311
0.773123
0.773136
0.773149
0.773162
0.773175
0.773188
0.773201
0.773214
0.773227
0.77324
0.773253
0.773266
0.773279
0.773292
0.773305
0.773318
0.773331
0.773344
0.773357
0.77337
0.773383
0.773396
0.773409
0.773422
0.773435
0.773447
0.77346
0.773473
0.773486
0.773499
0.773512
0.773525
0.773538
0.773551
0.773563
0.773576
0.773589
0.773602
0.773615
0.773628
0.773641
0.773653
0.773666
0.773679
0.773692
0.773705
0.773718
0.77373
0.773743
0.773756
0.773769
0.773782
0.773794
0.773807
0.77382
0.773833
0.773846
0.773858
0.773871
0.773884
0.773897
0.773909
0.773922
0.773935
0.773948
0.77396
0.773973
0.773986
0.773998
0.774011
0.774024
0.774037
0.774049
0.774062
0.774075
0.774087
0.7741
0.774113
0.774125
0.774138
0.774151
0.774163
0.774176
0.774189
0.774201
0.774214
0.774226
0.774239
0.774252
0.774264
0.774277
0.77429
0.774302
0.774315
0.774327
0.77434
0.774352
0.774365
0.774378
0.77439
0.774403
0.774415
0.774428
0.77444
0.774453
0.774465
0.774478
0.774491
0.774503
0.774516
0.774528
0.774541
0.774553
0.774566
0.774578
0.774591
0.774603
0.774616
0.774628
0.77464
0.774653
0.774665
0.774678
0.77469
0.774703
0.774715
0.774728
0.77474
0.774752
0.774765
0.774777
0.77479
0.774802
0.774815
0.774827
0.774839
0.774852
0.774864
0.774877
0.774889
0.774901
0.774914
0.774926
0.774938
0.774951
0.774963
0.774975
0.774988
0.775
0.775012
0.775025
0.775037
0.775049
0.775062
0.775074
0.775086
0.775099
0.775111
0.775123
0.775135
0.775148
0.77516
0.775172
0.775184
0.775197
0.775209
0.775221
0.775233
0.775246
0.775258
0.77527
0.775282
0.775295
0.775307
0.775319
0.775331
0.775343
0.775356
0.775368
0.77538
0.775392
0.775404
0.775417
0.775429
0.775441
0.775453
0.775465
0.775477
0.775489
0.775502
0.775514
0.775526
0.775538
0.77555
0.775562
0.775574
0.775586
0.775599
0.775611
0.775623
0.775635
0.775647
0.775659
0.775671
0.775683
0.775695
0.775707
0.775719
0.775731
0.775743
0.775755
0.775767
0.775779
0.775791
0.775803
0.775815
0.775827
0.775839
0.775851
0.775863
0.775875
0.775887
0.775899
0.775911
0.775923
0.775935
0.775947
0.775959
0.775971
0.775983
0.775995
0.776007
0.776019
0.776031
0.776043
0.776055
0.776067
0.776079
0.77609
0.776102
0.776114
0.776126
0.776138
0.77615
0.776162
0.776174
0.776186
0.776197
0.776209
0.776221
0.776233
0.776245
0.776257
0.776268
0.77628
0.776292
0.776304
0.776316
0.776328
0.776339
0.776351
0.776363
0.776375
0.776386
0.776398
0.77641
0.776422
0.776434
0.776445
0.776457
0.776469
0.776481
0.776492
0.776504
0.776516
0.776528
0.776539
0.776551
0.776563
0.776574
0.776586
0.776598
0.776609
0.776621
0.776633
0.776645
0.776656
0.776668
0.77668
0.776691
0.776703
0.776715
0.776726
0.776738
0.776749
0.776761
0.776773
0.776784
0.776796
0.776808
0.776819
0.776831
0.776842
0.776854
0.776866
0.776877
0.776889
0.7769
0.776912
0.776923
0.776935
0.776947
0.776958
0.77697
0.776981
0.776993
0.777004
0.777016
0.777027
0.777039
0.77705
0.777062
0.777073
0.777085
0.777096
0.777108
0.777119
0.777131
0.777142
0.777154
0.777165
0.777177
0.777188
0.7772
0.777211
0.777222
0.777234
0.777245
0.777257
0.777268
0.77728
0.777291
0.777302
0.777314
0.777325
0.777337
0.777348
0.777359
0.777371
0.777382
0.777394
0.777405
0.777416
0.777428
0.777439
0.77745
0.777462
0.777473
0.777484
0.777496
0.777507
0.777518
0.77753
0.777541
0.777552
0.777563
0.777575
0.777586
0.777597
0.777609
0.77762
0.777631
0.777642
0.777654
0.777665
0.777676
0.777687
0.777699
0.77771
0.777721
0.777732
0.777744
0.777755
0.777766
0.777777
0.777788
0.7778
0.777811
0.777822
0.777833
0.777844
0.777856
0.777867
0.777878
0.777889
0.7779
0.777911
0.777923
0.777934
0.777945
0.777956
0.777967
0.777978
0.777989
0.778
0.778011
0.778023
0.778034
0.778045
0.778056
0.778067
0.778078
0.778089
0.7781
0.778111
0.778122
0.778133
0.778144
0.778155
0.778167
0.778178
0.778189
0.7782
0.778211
0.778222
0.778233
0.778244
0.778255
0.778266
0.778277
0.778288
0.778299
0.77831
0.778321
0.778332
0.778343
0.778353
0.778364
0.778375
0.778386
0.778397
0.778408
0.778419
0.77843
0.778441
0.778452
0.778463
0.778474
0.778485
0.778496
0.778506
0.778517
0.778528
0.778539
0.77855
0.778561
0.778572
0.778583
0.778593
0.778604
0.778615
0.778626
0.778637
0.778648
0.778658
0.778669
0.77868
0.778691
0.778702
0.778712
0.778723
0.778734
0.778745
0.778756
0.778766
0.778777
0.778788
0.778799
0.778809
0.77882
0.778831
0.778842
0.778852
0.778863
0.778874
0.778885
0.778895
0.778906
0.778917
0.778928
0.778938
0.778949
0.77896
0.77897
0.778981
0.778992
0.779002
0.779013
0.779024
0.779034
0.779045
0.779056
0.779066
0.779077
0.779088
0.779098
0.779109
0.779119
0.77913
0.779141
0.779151
0.779162
0.779172
0.779183
0.779194
0.779204
0.779215
0.779225
0.779236
0.779247
0.779257
0.779268
0.779278
0.779289
0.779299
0.77931
0.77932
0.779331
0.779341
0.779352
0.779362
0.779373
0.779383
0.779394
0.779404
0.779415
0.779425
0.779436
0.779446
0.779457
0.779467
0.779478
0.779488
0.779499
0.779509
0.77952
0.77953
0.77954
0.779551
0.779561
0.779572
0.779582
0.779592
0.779603
0.779613
0.779624
0.779634
0.779644
0.779655
0.779665
0.779676
0.779686
0.779696
0.779707
0.779717
0.779727
0.779738
0.779748
0.779758
0.779769
0.779779
0.779789
0.7798
0.77981
0.77982
0.77983
0.779841
0.779851
0.779861
0.779872
0.779882
0.779892
0.779902
0.779913
0.779923
0.779933
0.779943
0.779954
0.779964
0.779974
0.779984
0.779995
0.780005
0.780015
0.780025
0.780035
0.780046
0.780056
0.780066
0.780076
0.780086
0.780097
0.780107
0.780117
0.780127
0.780137
0.780147
0.780157
0.780168
0.780178
0.780188
0.780198
0.780208
0.780218
0.780228
0.780238
0.780249
0.780259
0.780269
0.780279
0.780289
0.780299
0.780309
0.780319
0.780329
0.780339
0.780349
0.780359
0.780369
0.780379
0.780389
0.7804
0.78041
0.78042
0.78043
0.78044
0.78045
0.78046
0.78047
0.78048
0.78049
0.7805
0.78051
0.78052
0.780529
0.780539
0.780549
0.780559
0.780569
0.780579
0.780589
0.780599
0.780609
0.780619
0.780629
0.780639
0.780649
0.780659
0.780669
0.780678
0.780688
0.780698
0.780708
0.780718
0.780728
0.780738
0.780748
0.780757
0.780767
0.780777
0.780787
0.780797
0.780807
0.780816
0.780826
0.780836
0.780846
0.780856
0.780866
0.780875
0.780885
0.780895
0.780905
0.780915
0.780924
0.780934
0.780944
0.780954
0.780963
0.780973
0.780983
0.780993
0.781002
0.781012
0.781022
0.781032
0.781041
0.781051
0.781061
0.78107
0.78108
0.78109
0.781099
0.781109
0.781119
0.781128
0.781138
0.781148
0.781157
0.781167
0.781177
0.781186
0.781196
0.781206
0.781215
0.781225
0.781235
0.781244
0.781254
0.781263
0.781273
0.781283
0.781292
0.781302
0.781311
0.781321
0.781331
0.78134
0.78135
0.781359
0.781369
0.781378
0.781388
0.781398
0.781407
0.781417
0.781426
0.781436
0.781445
0.781455
0.781464
0.781474
0.781483
0.781493
0.781502
0.781512
0.781521
0.781531
0.78154
0.78155
0.781559
0.781568
0.781578
0.781587
0.781597
0.781606
0.781616
0.781625
0.781635
0.781644
0.781653
0.781663
0.781672
0.781682
0.781691
0.7817
0.78171
0.781719
0.781729
0.781738
0.781747
0.781757
0.781766
0.781775
0.781785
0.781794
0.781803
0.781813
0.781822
0.781831
0.781841
0.78185
0.781859
0.781869
0.781878
0.781887
0.781897
0.781906
0.781915
0.781924
0.781934
0.781943
0.781952
0.781961
0.781971
0.78198
0.781989
0.781998
0.782008
0.782017
0.782026
0.782035
0.782045
0.782054
0.782063
0.782072
0.782081
0.782091
0.7821
0.782109
0.782118
0.782127
0.782136
0.782146
0.782155
0.782164
0.782173
0.782182
0.782191
0.7822
0.78221
0.782219
0.782228
0.782237
0.782246
0.782255
0.782264
0.782273
0.782282
0.782291
0.782301
0.78231
0.782319
0.782328
0.782337
0.782346
0.782355
0.782364
0.782373
0.782382
0.782391
0.7824
0.782409
0.782418
0.782427
0.782436
0.782445
0.782454
0.782463
0.782472
0.782481
0.78249
0.782499
0.782508
0.782517
0.782526
0.782535
0.782544
0.782553
0.782562
0.782571
0.78258
0.782589
0.782598
0.782606
0.782615
0.782624
0.782633
0.782642
0.782651
0.78266
0.782669
0.782678
0.782687
0.782695
0.782704
0.782713
0.782722
0.782731
0.78274
0.782749
0.782757
0.782766
0.782775
0.782784
0.782793
0.782801
0.78281
0.782819
0.782828
0.782837
0.782845
0.782854
0.782863
0.782872
0.782881
0.782889
0.782898
0.782907
0.782916
0.782924
0.782933
0.782942
0.782951
0.782959
0.782968
0.782977
0.782985
0.782994
0.783003
0.783012
0.78302
0.783029
0.783038
0.783046
0.783055
0.783064
0.783072
0.783081
0.78309
0.783098
0.783107
0.783116
0.783124
0.783133
0.783142
0.78315
0.783159
0.783167
0.783176
0.783185
0.783193
0.783202
0.78321
0.783219
0.783228
0.783236
0.783245
0.783253
0.783262
0.78327
0.783279
0.783287
0.783296
0.783305
0.783313
0.783322
0.78333
0.783339
0.783347
0.783356
0.783364
0.783373
0.783381
0.78339
0.783398
0.783407
0.783415
0.783424
0.783432
0.78344
0.783449
0.783457
0.783466
0.783474
0.783483
0.783491
0.7835
0.783508
0.783516
0.783525
0.783533
0.783542
0.78355
0.783558
0.783567
0.783575
0.783584
0.783592
0.7836
0.783609
0.783617
0.783625
0.783634
0.783642
0.78365
0.783659
0.783667
0.783675
0.783684
0.783692
0.7837
0.783709
0.783717
0.783725
0.783734
0.783742
0.78375
0.783758
0.783767
0.783775
0.783783
0.783792
0.7838
0.783808
0.783816
0.783825
0.783833
0.783841
0.783849
0.783857
0.783866
0.783874
0.783882
0.78389
0.783899
0.783907
0.783915
0.783923
0.783931
0.783939
0.783948
0.783956
0.783964
0.783972
0.78398
0.783988
0.783997
0.784005
0.784013
0.784021
0.784029
0.784037
0.784045
0.784053
0.784061
0.78407
0.784078
0.784086
0.784094
0.784102
0.78411
0.784118
0.784126
0.784134
0.784142
0.78415
0.784158
0.784166
0.784174
0.784182
0.784191
0.784199
0.784207
0.784215
0.784223
0.784231
0.784239
0.784247
0.784255
0.784263
0.784271
0.784278
0.784286
0.784294
0.784302
0.78431
0.784318
0.784326
0.784334
0.784342
0.78435
0.784358
0.784366
0.784374
0.784382
0.78439
0.784398
0.784405
0.784413
0.784421
0.784429
0.784437
0.784445
0.784453
0.784461
0.784468
0.784476
0.784484
0.784492
0.7845
0.784508
0.784516
0.784523
0.784531
0.784539
0.784547
0.784555
0.784562
0.78457
0.784578
0.784586
0.784594
0.784601
0.784609
0.784617
0.784625
0.784632
0.78464
0.784648
0.784656
0.784663
0.784671
0.784679
0.784687
0.784694
0.784702
0.78471
0.784717
0.784725
0.784733
0.784741
0.784748
0.784756
0.784764
0.784771
0.784779
0.784787
0.784794
0.784802
0.78481
0.784817
0.784825
0.784833
0.78484
0.784848
0.784855
0.784863
0.784871
0.784878
0.784886
0.784893
0.784901
0.784909
0.784916
0.784924
0.784931
0.784939
0.784946
0.784954
0.784962
0.784969
0.784977
0.784984
0.784992
0.784999
0.785007
0.785014
0.785022
0.785029
0.785037
0.785044
0.785052
0.785059
0.785067
0.785074
0.785082
0.785089
0.785097
0.785104
0.785112
0.785119
0.785127
0.785134
0.785142
0.785149
0.785156
0.785164
0.785171
0.785179
0.785186
0.785193
0.785201
0.785208
0.785216
0.785223
0.78523
0.785238
0.785245
0.785253
0.78526
0.785267
0.785275
0.785282
0.785289
0.785297
0.785304
0.785311
0.785319
0.785326
0.785333
0.785341
0.785348
0.785355
0.785363
0.78537
0.785377
0.785384
0.785392
0.785399
0.785406
0.785413
0.785421
0.785428
0.785435
0.785443
0.78545
0.785457
0.785464
0.785471
0.785479
0.785486
0.785493
0.7855
0.785507
0.785515
0.785522
0.785529
0.785536
0.785543
0.785551
0.785558
0.785565
0.785572
0.785579
0.785586
0.785594
0.785601
0.785608
0.785615
0.785622
0.785629
0.785636
0.785643
0.785651
0.785658
0.785665
0.785672
0.785679
0.785686
0.785693
0.7857
0.785707
0.785714
0.785721
0.785728
0.785735
0.785743
0.78575
0.785757
0.785764
0.785771
0.785778
0.785785
0.785792
0.785799
0.785806
0.785813
0.78582
0.785827
0.785834
0.785841
0.785848
0.785855
0.785862
0.785869
0.785875
0.785882
0.785889
0.785896
0.785903
0.78591
0.785917
0.785924
0.785931
0.785938
0.785945
0.785952
0.785959
0.785965
0.785972
0.785979
0.785986
0.785993
0.786
0.786007
0.786014
0.78602
0.786027
0.786034
0.786041
0.786048
0.786055
0.786061
0.786068
0.786075
0.786082
0.786089
0.786096
0.786102
0.786109
0.786116
0.786123
0.786129
0.786136
0.786143
0.78615
0.786157
0.786163
0.78617
0.786177
0.786184
0.78619
0.786197
0.786204
0.78621
0.786217
0.786224
0.786231
0.786237
0.786244
0.786251
0.786257
0.786264
0.786271
0.786277
0.786284
0.786291
0.786297
0.786304
0.786311
0.786317
0.786324
0.786331
0.786337
0.786344
0.786351
0.786357
0.786364
0.78637
0.786377
0.786384
0.78639
0.786397
0.786403
0.78641
0.786416
0.786423
0.78643
0.786436
0.786443
0.786449
0.786456
0.786462
0.786469
0.786475
0.786482
0.786488
0.786495
0.786502
0.786508
0.786515
0.786521
0.786528
0.786534
0.78654
0.786547
0.786553
0.78656
0.786566
0.786573
0.786579
0.786586
0.786592
0.786599
0.786605
0.786611
0.786618
0.786624
0.786631
0.786637
0.786644
0.78665
0.786656
0.786663
0.786669
0.786676
0.786682
0.786688
0.786695
0.786701
0.786707
0.786714
0.78672
0.786726
0.786733
0.786739
0.786745
0.786752
0.786758
0.786764
0.786771
0.786777
0.786783
0.78679
0.786796
0.786802
0.786809
0.786815
0.786821
0.786827
0.786834
0.78684
0.786846
0.786852
0.786859
0.786865
0.786871
0.786877
0.786884
0.78689
0.786896
0.786902
0.786908
0.786915
0.786921
0.786927
0.786933
0.786939
0.786946
0.786952
0.786958
0.786964
0.78697
0.786976
0.786983
0.786989
0.786995
0.787001
0.787007
0.787013
0.787019
0.787025
0.787032
0.787038
0.787044
0.78705
0.787056
0.787062
0.787068
0.787074
0.78708
0.787086
0.787092
0.787098
0.787105
0.787111
0.787117
0.787123
0.787129
0.787135
0.787141
0.787147
0.787153
0.787159
0.787165
0.787171
0.787177
0.787183
0.787189
0.787195
0.787201
0.787207
0.787213
0.787219
0.787225
0.787231
0.787237
0.787242
0.787248
0.787254
0.78726
0.787266
0.787272
0.787278
0.787284
0.78729
0.787296
0.787302
0.787308
0.787313
0.787319
0.787325
0.787331
0.787337
0.787343
0.787349
0.787355
0.78736
0.787366
0.787372
0.787378
0.787384
0.78739
0.787395
0.787401
0.787407
0.787413
0.787419
0.787424
0.78743
0.787436
0.787442
0.787448
0.787453
0.787459
0.787465
0.787471
0.787476
0.787482
0.787488
0.787494
0.787499
0.787505
0.787511
0.787517
0.787522
0.787528
0.787534
0.787539
0.787545
0.787551
0.787557
0.787562
0.787568
0.787574
0.787579
0.787585
0.787591
0.787596
0.787602
0.787608
0.787613
0.787619
0.787624
0.78763
0.787636
0.787641
0.787647
0.787653
0.787658
0.787664
0.787669
0.787675
0.78768
0.787686
0.787692
0.787697
0.787703
0.787708
0.787714
0.787719
0.787725
0.787731
0.787736
0.787742
0.787747
0.787753
0.787758
0.787764
0.787769
0.787775
0.78778
0.787786
0.787791
0.787797
0.787802
0.787808
0.787813
0.787819
0.787824
0.787829
0.787835
0.78784
0.787846
0.787851
0.787857
0.787862
0.787868
0.787873
0.787878
0.787884
0.787889
0.787895
0.7879
0.787905
0.787911
0.787916
0.787921
0.787927
0.787932
0.787938
0.787943
0.787948
0.787954
0.787959
0.787964
0.78797
0.787975
0.78798
0.787986
0.787991
0.787996
0.788002
0.788007
0.788012
0.788017
0.788023
0.788028
0.788033
0.788039
0.788044
0.788049
0.788054
0.78806
0.788065
0.78807
0.788075
0.788081
0.788086
0.788091
0.788096
0.788101
0.788107
0.788112
0.788117
0.788122
0.788127
0.788133
0.788138
0.788143
0.788148
0.788153
0.788158
0.788164
0.788169
0.788174
0.788179
0.788184
0.788189
0.788194
0.7882
0.788205
0.78821
0.788215
0.78822
0.788225
0.78823
0.788235
0.78824
0.788245
0.788251
0.788256
0.788261
0.788266
0.788271
0.788276
0.788281
0.788286
0.788291
0.788296
0.788301
0.788306
0.788311
0.788316
0.788321
0.788326
0.788331
0.788336
0.788341
0.788346
0.788351
0.788356
0.788361
0.788366
0.788371
0.788376
0.788381
0.788386
0.788391
0.788396
0.788401
0.788406
0.78841
0.788415
0.78842
0.788425
0.78843
0.788435
0.78844
0.788445
0.78845
0.788455
0.788459
0.788464
0.788469
0.788474
0.788479
0.788484
0.788489
0.788493
0.788498
0.788503
0.788508
0.788513
0.788518
0.788522
0.788527
0.788532
0.788537
0.788542
0.788546
0.788551
0.788556
0.788561
0.788566
0.78857
0.788575
0.78858
0.788585
0.788589
0.788594
0.788599
0.788604
0.788608
0.788613
0.788618
0.788622
0.788627
0.788632
0.788637
0.788641
0.788646
0.788651
0.788655
0.78866
0.788665
0.788669
0.788674
0.788679
0.788683
0.788688
0.788693
0.788697
0.788702
0.788707
0.788711
0.788716
0.78872
0.788725
0.78873
0.788734
0.788739
0.788743
0.788748
0.788753
0.788757
0.788762
0.788766
0.788771
0.788775
0.78878
0.788784
0.788789
0.788794
0.788798
0.788803
0.788807
0.788812
0.788816
0.788821
0.788825
0.78883
0.788834
0.788839
0.788843
0.788848
0.788852
0.788857
0.788861
0.788866
0.78887
0.788874
0.788879
0.788883
0.788888
0.788892
0.788897
0.788901
0.788906
0.78891
0.788914
0.788919
0.788923
0.788928
0.788932
0.788936
0.788941
0.788945
0.788949
0.788954
0.788958
0.788963
0.788967
0.788971
0.788976
0.78898
0.788984
0.788989
0.788993
0.788997
0.789002
0.789006
0.78901
0.789014
0.789019
0.789023
0.789027
0.789032
0.789036
0.78904
0.789044
0.789049
0.789053
0.789057
0.789061
0.789066
0.78907
0.789074
0.789078
0.789083
0.789087
0.789091
0.789095
0.7891
0.789104
0.789108
0.789112
0.789116
0.78912
0.789125
0.789129
0.789133
0.789137
0.789141
0.789145
0.78915
0.789154
0.789158
0.789162
0.789166
0.78917
0.789174
0.789179
0.789183
0.789187
0.789191
0.789195
0.789199
0.789203
0.789207
0.789211
0.789215
0.789219
0.789224
0.789228
0.789232
0.789236
0.78924
0.789244
0.789248
0.789252
0.789256
0.78926
0.789264
0.789268
0.789272
0.789276
0.78928
0.789284
0.789288
0.789292
0.789296
0.7893
0.789304
0.789308
0.789312
0.789316
0.78932
0.789324
0.789328
0.789331
0.789335
0.789339
0.789343
0.789347
0.789351
0.789355
0.789359
0.789363
0.789367
0.789371
0.789374
0.789378
0.789382
0.789386
0.78939
0.789394
0.789398
0.789402
0.789405
0.789409
0.789413
0.789417
0.789421
0.789425
0.789428
0.789432
0.789436
0.78944
0.789444
0.789447
0.789451
0.789455
0.789459
0.789463
0.789466
0.78947
0.789474
0.789478
0.789481
0.789485
0.789489
0.789493
0.789496
0.7895
0.789504
0.789507
0.789511
0.789515
0.789519
0.789522
0.789526
0.78953
0.789533
0.789537
0.789541
0.789544
0.789548
0.789552
0.789555
0.789559
0.789563
0.789566
0.78957
0.789574
0.789577
0.789581
0.789584
0.789588
0.789592
0.789595
0.789599
0.789602
0.789606
0.78961
0.789613
0.789617
0.78962
0.789624
0.789628
0.789631
0.789635
0.789638
0.789642
0.789645
0.789649
0.789652
0.789656
0.789659
0.789663
0.789666
0.78967
0.789673
0.789677
0.78968
0.789684
0.789687
0.789691
0.789694
0.789698
0.789701
0.789705
0.789708
0.789712
0.789715
0.789718
0.789722
0.789725
0.789729
0.789732
0.789736
0.789739
0.789742
0.789746
0.789749
0.789753
0.789756
0.789759
0.789763
0.789766
0.789769
0.789773
0.789776
0.78978
0.789783
0.789786
0.78979
0.789793
0.789796
0.7898
0.789803
0.789806
0.78981
0.789813
0.789816
0.789819
0.789823
0.789826
0.789829
0.789833
0.789836
0.789839
0.789842
0.789846
0.789849
0.789852
0.789855
0.789859
0.789862
0.789865
0.789868
0.789872
0.789875
0.789878
0.789881
0.789884
0.789888
0.789891
0.789894
0.789897
0.7899
0.789904
0.789907
0.78991
0.789913
0.789916
0.789919
0.789922
0.789926
0.789929
0.789932
0.789935
0.789938
0.789941
0.789944
0.789947
0.789951
0.789954
0.789957
0.78996
0.789963
0.789966
0.789969
0.789972
0.789975
0.789978
0.789981
0.789984
0.789987
0.78999
0.789993
0.789997
0.79
0.790003
0.790006
0.790009
0.790012
0.790015
0.790018
0.790021
0.790024
0.790027
0.79003
0.790033
0.790036
0.790038
0.790041
0.790044
0.790047
0.79005
0.790053
0.790056
0.790059
0.790062
0.790065
0.790068
0.790071
0.790074
0.790077
0.79008
0.790082
0.790085
0.790088
0.790091
0.790094
0.790097
0.7901
0.790103
0.790105
0.790108
0.790111
0.790114
0.790117
0.79012
0.790122
0.790125
0.790128
0.790131
0.790134
0.790136
0.790139
0.790142
0.790145
0.790148
0.79015
0.790153
0.790156
0.790159
0.790162
0.790164
0.790167
0.79017
0.790173
0.790175
0.790178
0.790181
0.790183
0.790186
0.790189
0.790192
0.790194
0.790197
0.7902
0.790202
0.790205
0.790208
0.79021
0.790213
0.790216
0.790218
0.790221
0.790224
0.790226
0.790229
0.790232
0.790234
0.790237
0.79024
0.790242
0.790245
0.790247
0.79025
0.790253
0.790255
0.790258
0.79026
0.790263
0.790266
0.790268
0.790271
0.790273
0.790276
0.790278
0.790281
0.790283
0.790286
0.790289
0.790291
0.790294
0.790296
0.790299
0.790301
0.790304
0.790306
0.790309
0.790311
0.790314
0.790316
0.790319
0.790321
0.790324
0.790326
0.790328
0.790331
0.790333
0.790336
0.790338
0.790341
0.790343
0.790346
0.790348
0.79035
0.790353
0.790355
0.790358
0.79036
0.790362
0.790365
0.790367
0.79037
0.790372
0.790374
0.790377
0.790379
0.790381
0.790384
0.790386
0.790388
0.790391
0.790393
0.790395
0.790398
0.7904
0.790402
0.790405
0.790407
0.790409
0.790412
0.790414
0.790416
0.790418
0.790421
0.790423
0.790425
0.790428
0.79043
0.790432
0.790434
0.790437
0.790439
0.790441
0.790443
0.790445
0.790448
0.79045
0.790452
0.790454
0.790456
0.790459
0.790461
0.790463
0.790465
0.790467
0.79047
0.790472
0.790474
0.790476
0.790478
0.79048
0.790483
0.790485
0.790487
0.790489
0.790491
0.790493
0.790495
0.790497
0.790499
0.790502
0.790504
0.790506
0.790508
0.79051
0.790512
0.790514
0.790516
0.790518
0.79052
0.790522
0.790524
0.790526
0.790528
0.790531
0.790533
0.790535
0.790537
0.790539
0.790541
0.790543
0.790545
0.790547
0.790549
0.790551
0.790553
0.790555
0.790557
0.790558
0.79056
0.790562
0.790564
0.790566
0.790568
0.79057
0.790572
0.790574
0.790576
0.790578
0.79058
0.790582
0.790584
0.790586
0.790587
0.790589
0.790591
0.790593
0.790595
0.790597
0.790599
0.790601
0.790602
0.790604
0.790606
0.790608
0.79061
0.790612
0.790614
0.790615
0.790617
0.790619
0.790621
0.790623
0.790624
0.790626
0.790628
0.79063
0.790632
0.790633
0.790635
0.790637
0.790639
0.79064
0.790642
0.790644
0.790646
0.790647
0.790649
0.790651
0.790653
0.790654
0.790656
0.790658
0.79066
0.790661
0.790663
0.790665
0.790666
0.790668
0.79067
0.790671
0.790673
0.790675
0.790676
0.790678
0.79068
0.790681
0.790683
0.790685
0.790686
0.790688
0.790689
0.790691
0.790693
0.790694
0.790696
0.790698
0.790699
0.790701
0.790702
0.790704
0.790705
0.790707
0.790709
0.79071
0.790712
0.790713
0.790715
0.790716
0.790718
0.790719
0.790721
0.790722
0.790724
0.790726
0.790727
0.790729
0.79073
0.790732
0.790733
0.790735
0.790736
0.790737
0.790739
0.79074
0.790742
0.790743
0.790745
0.790746
0.790748
0.790749
0.790751
0.790752
0.790753
0.790755
0.790756
0.790758
0.790759
0.79076
0.790762
0.790763
0.790765
0.790766
0.790767
0.790769
0.79077
0.790772
0.790773
0.790774
0.790776
0.790777
0.790778
0.79078
0.790781
0.790782
0.790784
0.790785
0.790786
0.790788
0.790789
0.79079
0.790791
0.790793
0.790794
0.790795
0.790797
0.790798
0.790799
0.7908
0.790802
0.790803
0.790804
0.790805
0.790807
0.790808
0.790809
0.79081
0.790811
0.790813
0.790814
0.790815
0.790816
0.790818
0.790819
0.79082
0.790821
0.790822
0.790823
0.790825
0.790826
0.790827
0.790828
0.790829
0.79083
0.790831
0.790833
0.790834
0.790835
0.790836
0.790837
0.790838
0.790839
0.79084
0.790842
0.790843
0.790844
0.790845
0.790846
0.790847
0.790848
0.790849
0.79085
0.790851
0.790852
0.790853
0.790854
0.790855
0.790856
0.790857
0.790858
0.790859
0.79086
0.790861
0.790862
0.790863
0.790864
0.790865
0.790866
0.790867
0.790868
0.790869
0.79087
0.790871
0.790872
0.790873
0.790874
0.790875
0.790876
0.790877
0.790878
0.790879
0.79088
0.790881
0.790882
0.790882
0.790883
0.790884
0.790885
0.790886
0.790887
0.790888
0.790889
0.790889
0.79089
0.790891
0.790892
0.790893
0.790894
0.790895
0.790895
0.790896
0.790897
0.790898
0.790899
0.7909
0.7909
0.790901
0.790902
0.790903
0.790903
0.790904
0.790905
0.790906
0.790907
0.790907
0.790908
0.790909
0.79091
0.79091
0.790911
0.790912
0.790913
0.790913
0.790914
0.790915
0.790915
0.790916
0.790917
0.790918
0.790918
0.790919
0.79092
0.79092
0.790921
0.790922
0.790922
0.790923
0.790924
0.790924
0.790925
0.790926
0.790926
0.790927
0.790927
0.790928
0.790929
0.790929
0.79093
0.79093
0.790931
0.790932
0.790932
0.790933
0.790933
0.790934
0.790935
0.790935
0.790936
0.790936
0.790937
0.790937
0.790938
0.790938
0.790939
0.790939
0.79094
0.79094
0.790941
0.790942
0.790942
0.790943
0.790943
0.790944
0.790944
0.790944
0.790945
0.790945
0.790946
0.790946
0.790947
0.790947
0.790948
0.790948
0.790949
0.790949
0.790949
0.79095
0.79095
0.790951
0.790951
0.790952
0.790952
0.790952
0.790953
0.790953
0.790953
0.790954
0.790954
0.790955
0.790955
0.790955
0.790956
0.790956
0.790956
0.790957
0.790957
0.790957
0.790958
0.790958
0.790958
0.790959
0.790959
0.790959
0.79096
0.79096
0.79096
0.79096
0.790961
0.790961
0.790961
0.790961
0.790962
0.790962
0.790962
0.790962
0.790963
0.790963
0.790963
0.790963
0.790964
0.790964
0.790964
0.790964
0.790964
0.790965
0.790965
0.790965
0.790965
0.790965
0.790966
0.790966
0.790966
0.790966
0.790966
0.790966
0.790967
0.790967
0.790967
0.790967
0.790967
0.790967
0.790967
0.790967
0.790968
0.790968
0.790968
0.790968
0.790968
0.790968
0.790968
0.790968
0.790968
0.790968
0.790968
0.790968
0.790969
0.790969
0.790969
0.790969
0.790969
0.790969
0.790969
0.790969
0.790969
0.790969
0.790969
0.790969
0.790969
0.790969
0.790969
0.790969
0.790969
0.790969
0.790969
0.790969
0.790969
0.790969
0.790968
0.790968
0.790968
0.790968
0.790968
0.790968
0.790968
0.790968
0.790968
0.790968
0.790968
0.790968
0.790968
0.790967
0.790967
0.790967
0.790967
0.790967
0.790967
0.790967
0.790966
0.790966
0.790966
0.790966
0.790966
0.790966
0.790966
0.790965
0.790965
0.790965
0.790965
0.790965
0.790964
0.790964
0.790964
0.790964
0.790964
0.790963
0.790963
0.790963
0.790963
0.790962
0.790962
0.790962
0.790962
0.790961
0.790961
0.790961
0.790961
0.79096
0.79096
0.79096
0.790959
0.790959
0.790959
0.790958
0.790958
0.790958
0.790958
0.790957
0.790957
0.790957
0.790956
0.790956
0.790955
0.790955
0.790955
0.790954
0.790954
0.790954
0.790953
0.790953
0.790953
0.790952
0.790952
0.790951
0.790951
0.790951
0.79095
0.79095
0.790949
0.790949
0.790948
0.790948
0.790947
0.790947
0.790947
0.790946
0.790946
0.790945
0.790945
0.790944
0.790944
0.790943
0.790943
0.790942
0.790942
0.790941
0.790941
0.79094
0.79094
0.790939
0.790939
0.790938
0.790938
0.790937
0.790937
0.790936
0.790935
0.790935
0.790934
0.790934
0.790933
0.790933
0.790932
0.790931
0.790931
0.79093
0.79093
0.790929
0.790928
0.790928
0.790927
0.790927
0.790926
0.790925
0.790925
0.790924
0.790923
0.790923
0.790922
0.790921
0.790921
0.79092
0.790919
0.790919
0.790918
0.790917
0.790917
0.790916
0.790915
0.790914
0.790914
0.790913
0.790912
0.790912
0.790911
0.79091
0.790909
0.790909
0.790908
0.790907
0.790906
0.790906
0.790905
0.790904
0.790903
0.790902
0.790902
0.790901
0.7909
0.790899
0.790898
0.790898
0.790897
0.790896
0.790895
0.790894
0.790893
0.790893
0.790892
0.790891
0.79089
0.790889
0.790888
0.790887
0.790887
0.790886
0.790885
0.790884
0.790883
0.790882
0.790881
0.79088
0.790879
0.790879
0.790878
0.790877
0.790876
0.790875
0.790874
0.790873
0.790872
0.790871
0.79087
0.790869
0.790868
0.790867
0.790866
0.790865
0.790864
0.790863
0.790862
0.790861
0.79086
0.790859
0.790858
0.790857
0.790856
0.790855
0.790854
0.790853
0.790852
0.790851
0.79085
0.790849
0.790848
0.790847
0.790846
0.790845
0.790843
0.790842
0.790841
0.79084
0.790839
0.790838
0.790837
0.790836
0.790835
0.790834
0.790832
0.790831
0.79083
0.790829
0.790828
0.790827
0.790826
0.790824
0.790823
0.790822
0.790821
0.79082
0.790819
0.790817
0.790816
0.790815
0.790814
0.790813
0.790811
0.79081
0.790809
0.790808
0.790806
0.790805
0.790804
0.790803
0.790801
0.7908
0.790799
0.790798
0.790796
0.790795
0.790794
0.790793
0.790791
0.79079
0.790789
0.790787
0.790786
0.790785
0.790783
0.790782
0.790781
0.79078
0.790778
0.790777
0.790775
0.790774
0.790773
0.790771
0.79077
0.790769
0.790767
0.790766
0.790765
0.790763
0.790762
0.79076
0.790759
0.790758
0.790756
0.790755
0.790753
0.790752
0.790751
0.790749
0.790748
0.790746
0.790745
0.790743
0.790742
0.79074
0.790739
0.790737
0.790736
0.790735
0.790733
0.790732
0.79073
0.790729
0.790727
0.790726
0.790724
0.790723
0.790721
0.79072
0.790718
0.790716
0.790715
0.790713
0.790712
0.79071
0.790709
0.790707
0.790706
0.790704
0.790702
0.790701
0.790699
0.790698
0.790696
0.790694
0.790693
0.790691
0.79069
0.790688
0.790686
0.790685
0.790683
0.790682
0.79068
0.790678
0.790677
0.790675
0.790673
0.790672
0.79067
0.790668
0.790667
0.790665
0.790663
0.790662
0.79066
0.790658
0.790656
0.790655
0.790653
0.790651
0.79065
0.790648
0.790646
0.790644
0.790643
0.790641
0.790639
0.790637
0.790636
0.790634
0.790632
0.79063
0.790628
0.790627
0.790625
0.790623
0.790621
0.79062
0.790618
0.790616
0.790614
0.790612
0.79061
0.790609
0.790607
0.790605
0.790603
0.790601
0.790599
0.790598
0.790596
0.790594
0.790592
0.79059
0.790588
0.790586
0.790584
0.790582
0.790581
0.790579
0.790577
0.790575
0.790573
0.790571
0.790569
0.790567
0.790565
0.790563
0.790561
0.790559
0.790557
0.790555
0.790553
0.790551
0.790549
0.790548
0.790546
0.790544
0.790542
0.79054
0.790538
0.790536
0.790534
0.790531
0.790529
0.790527
0.790525
0.790523
0.790521
0.790519
0.790517
0.790515
0.790513
0.790511
0.790509
0.790507
0.790505
0.790503
0.790501
0.790499
0.790496
0.790494
0.790492
0.79049
0.790488
0.790486
0.790484
0.790482
0.79048
0.790477
0.790475
0.790473
0.790471
0.790469
0.790467
0.790464
0.790462
0.79046
0.790458
0.790456
0.790454
0.790451
0.790449
0.790447
0.790445
0.790443
0.79044
0.790438
0.790436
0.790434
0.790431
0.790429
0.790427
0.790425
0.790422
0.79042
0.790418
0.790416
0.790413
0.790411
0.790409
0.790406
0.790404
0.790402
0.7904
0.790397
0.790395
0.790393
0.79039
0.790388
0.790386
0.790383
0.790381
0.790379
0.790376
0.790374
0.790372
0.790369
0.790367
0.790364
0.790362
0.79036
0.790357
0.790355
0.790353
0.79035
0.790348
0.790345
0.790343
0.79034
0.790338
0.790336
0.790333
0.790331
0.790328
0.790326
0.790323
0.790321
0.790319
0.790316
0.790314
0.790311
0.790309
0.790306
0.790304
0.790301
0.790299
0.790296
0.790294
0.790291
0.790289
0.790286
0.790284
0.790281
0.790279
0.790276
0.790273
0.790271
0.790268
0.790266
0.790263
0.790261
0.790258
0.790256
0.790253
0.79025
0.790248
0.790245
0.790243
0.79024
0.790237
0.790235
0.790232
0.790229
0.790227
0.790224
0.790222
0.790219
0.790216
0.790214
0.790211
0.790208
0.790206
0.790203
0.7902
0.790198
0.790195
0.790192
0.79019
0.790187
0.790184
0.790181
0.790179
0.790176
0.790173
0.790171
0.790168
0.790165
0.790162
0.79016
0.790157
0.790154
0.790151
0.790149
0.790146
0.790143
0.79014
0.790138
0.790135
0.790132
0.790129
0.790126
0.790124
0.790121
0.790118
0.790115
0.790112
0.790109
0.790107
0.790104
0.790101
0.790098
0.790095
0.790092
0.79009
0.790087
0.790084
0.790081
0.790078
0.790075
0.790072
0.790069
0.790067
0.790064
0.790061
0.790058
0.790055
0.790052
0.790049
0.790046
0.790043
0.79004
0.790037
0.790034
0.790031
0.790028
0.790025
0.790023
0.79002
0.790017
0.790014
0.790011
0.790008
0.790005
0.790002
0.789999
0.789996
0.789993
0.78999
0.789987
0.789984
0.78998
0.789977
0.789974
0.789971
0.789968
0.789965
0.789962
0.789959
0.789956
0.789953
0.78995
0.789947
0.789944
0.789941
0.789938
0.789934
0.789931
0.789928
0.789925
0.789922
0.789919
0.789916
0.789913
0.789909
0.789906
0.789903
0.7899
0.789897
0.789894
0.789891
0.789887
0.789884
0.789881
0.789878
0.789875
0.789871
0.789868
0.789865
0.789862
0.789859
0.789855
0.789852
0.789849
0.789846
0.789843
0.789839
0.789836
0.789833
0.78983
0.789826
0.789823
0.78982
0.789816
0.789813
0.78981
0.789807
0.789803
0.7898
0.789797
0.789793
0.78979
0.789787
0.789783
0.78978
0.789777
0.789774
0.78977
0.789767
0.789763
0.78976
0.789757
0.789753
0.78975
0.789747
0.789743
0.78974
0.789737
0.789733
0.78973
0.789726
0.789723
0.78972
0.789716
0.789713
0.789709
0.789706
0.789702
0.789699
0.789696
0.789692
0.789689
0.789685
0.789682
0.789678
0.789675
0.789671
0.789668
0.789664
0.789661
0.789657
0.789654
0.78965
0.789647
0.789643
0.78964
0.789636
0.789633
0.789629
0.789626
0.789622
0.789619
0.789615
0.789612
0.789608
0.789605
0.789601
0.789597
0.789594
0.78959
0.789587
0.789583
0.78958
0.789576
0.789572
0.789569
0.789565
0.789561
0.789558
0.789554
0.789551
0.789547
0.789543
0.78954
0.789536
0.789532
0.789529
0.789525
0.789521
0.789518
0.789514
0.78951
0.789507
0.789503
0.789499
0.789496
0.789492
0.789488
0.789485
0.789481
0.789477
0.789473
0.78947
0.789466
0.789462
0.789458
0.789455
0.789451
0.789447
0.789443
0.78944
0.789436
0.789432
0.789428
0.789424
0.789421
0.789417
0.789413
0.789409
0.789405
0.789402
0.789398
0.789394
0.78939
0.789386
0.789383
0.789379
0.789375
0.789371
0.789367
0.789363
0.789359
0.789356
0.789352
0.789348
0.789344
0.78934
0.789336
0.789332
0.789328
0.789324
0.789321
0.789317
0.789313
0.789309
0.789305
0.789301
0.789297
0.789293
0.789289
0.789285
0.789281
0.789277
0.789273
0.789269
0.789265
0.789261
0.789257
0.789253
0.789249
0.789245
0.789241
0.789237
0.789233
0.789229
0.789225
0.789221
0.789217
0.789213
0.789209
0.789205
0.789201
0.789197
0.789193
0.789189
0.789185
0.789181
0.789177
0.789173
0.789169
0.789164
0.78916
0.789156
0.789152
0.789148
0.789144
0.78914
0.789136
0.789132
0.789127
0.789123
0.789119
0.789115
0.789111
0.789107
0.789103
0.789098
0.789094
0.78909
0.789086
0.789082
0.789077
0.789073
0.789069
0.789065
0.789061
0.789056
0.789052
0.789048
0.789044
0.78904
0.789035
0.789031
0.789027
0.789023
0.789018
0.789014
0.78901
0.789006
0.789001
0.788997
0.788993
0.788988
0.788984
0.78898
0.788976
0.788971
0.788967
0.788963
0.788958
0.788954
0.78895
0.788945
0.788941
0.788937
0.788932
0.788928
0.788924
0.788919
0.788915
0.788911
0.788906
0.788902
0.788897
0.788893
0.788889
0.788884
0.78888
0.788875
0.788871
0.788867
0.788862
0.788858
0.788853
0.788849
0.788845
0.78884
0.788836
0.788831
0.788827
0.788822
0.788818
0.788813
0.788809
0.788804
0.7888
0.788795
0.788791
0.788786
0.788782
0.788777
0.788773
0.788768
0.788764
0.788759
0.788755
0.78875
0.788746
0.788741
0.788737
0.788732
0.788728
0.788723
0.788718
0.788714
0.788709
0.788705
0.7887
0.788696
0.788691
0.788686
0.788682
0.788677
0.788673
0.788668
0.788663
0.788659
0.788654
0.788649
0.788645
0.78864
0.788635
0.788631
0.788626
0.788621
0.788617
0.788612
0.788607
0.788603
0.788598
0.788593
0.788589
0.788584
0.788579
0.788575
0.78857
0.788565
0.78856
0.788556
0.788551
0.788546
0.788542
0.788537
0.788532
0.788527
0.788523
0.788518
0.788513
0.788508
0.788503
0.788499
0.788494
0.788489
0.788484
0.78848
0.788475
0.78847
0.788465
0.78846
0.788455
0.788451
0.788446
0.788441
0.788436
0.788431
0.788426
0.788422
0.788417
0.788412
0.788407
0.788402
0.788397
0.788392
0.788387
0.788383
0.788378
0.788373
0.788368
0.788363
0.788358
0.788353
0.788348
0.788343
0.788338
0.788333
0.788328
0.788324
0.788319
0.788314
0.788309
0.788304
0.788299
0.788294
0.788289
0.788284
0.788279
0.788274
0.788269
0.788264
0.788259
0.788254
0.788249
0.788244
0.788239
0.788234
0.788229
0.788224
0.788219
0.788214
0.788208
0.788203
0.788198
0.788193
0.788188
0.788183
0.788178
0.788173
0.788168
0.788163
0.788158
0.788153
0.788147
0.788142
0.788137
0.788132
0.788127
0.788122
0.788117
0.788112
0.788106
0.788101
0.788096
0.788091
0.788086
0.788081
0.788075
0.78807
0.788065
0.78806
0.788055
0.78805
0.788044
0.788039
0.788034
0.788029
0.788024
0.788018
0.788013
0.788008
0.788003
0.787997
0.787992
0.787987
0.787982
0.787976
0.787971
0.787966
0.787961
0.787955
0.78795
0.787945
0.787939
0.787934
0.787929
0.787924
0.787918
0.787913
0.787908
0.787902
0.787897
0.787892
0.787886
0.787881
0.787876
0.78787
0.787865
0.78786
0.787854
0.787849
0.787843
0.787838
0.787833
0.787827
0.787822
0.787816
0.787811
0.787806
0.7878
0.787795
0.787789
0.787784
0.787779
0.787773
0.787768
0.787762
0.787757
0.787751
0.787746
0.78774
0.787735
0.78773
0.787724
0.787719
0.787713
0.787708
0.787702
0.787697
0.787691
0.787686
0.78768
0.787675
0.787669
0.787664
0.787658
0.787652
0.787647
0.787641
0.787636
0.78763
0.787625
0.787619
0.787614
0.787608
0.787602
0.787597
0.787591
0.787586
0.78758
0.787575
0.787569
0.787563
0.787558
0.787552
0.787546
0.787541
0.787535
0.78753
0.787524
0.787518
0.787513
0.787507
0.787501
0.787496
0.78749
0.787484
0.787479
0.787473
0.787467
0.787462
0.787456
0.78745
0.787445
0.787439
0.787433
0.787427
0.787422
0.787416
0.78741
0.787404
0.787399
0.787393
0.787387
0.787381
0.787376
0.78737
0.787364
0.787358
0.787353
0.787347
0.787341
0.787335
0.787329
0.787324
0.787318
0.787312
0.787306
0.7873
0.787295
0.787289
0.787283
0.787277
0.787271
0.787265
0.78726
0.787254
0.787248
0.787242
0.787236
0.78723
0.787224
0.787219
0.787213
0.787207
0.787201
0.787195
0.787189
0.787183
0.787177
0.787171
0.787165
0.787159
0.787154
0.787148
0.787142
0.787136
0.78713
0.787124
0.787118
0.787112
0.787106
0.7871
0.787094
0.787088
0.787082
0.787076
0.78707
0.787064
0.787058
0.787052
0.787046
0.78704
0.787034
0.787028
0.787022
0.787016
0.78701
0.787004
0.786998
0.786992
0.786986
0.78698
0.786973
0.786967
0.786961
0.786955
0.786949
0.786943
0.786937
0.786931
0.786925
0.786919
0.786913
0.786906
0.7869
0.786894
0.786888
0.786882
0.786876
0.78687
0.786863
0.786857
0.786851
0.786845
0.786839
0.786833
0.786826
0.78682
0.786814
0.786808
0.786802
0.786796
0.786789
0.786783
0.786777
0.786771
0.786764
0.786758
0.786752
0.786746
0.78674
0.786733
0.786727
0.786721
0.786714
0.786708
0.786702
0.786696
0.786689
0.786683
0.786677
0.786671
0.786664
0.786658
0.786652
0.786645
0.786639
0.786633
0.786626
0.78662
0.786614
0.786607
0.786601
0.786595
0.786588
0.786582
0.786576
0.786569
0.786563
0.786557
0.78655
0.786544
0.786537
0.786531
0.786525
0.786518
0.786512
0.786505
0.786499
0.786493
0.786486
0.78648
0.786473
0.786467
0.78646
0.786454
0.786447
0.786441
0.786435
0.786428
0.786422
0.786415
0.786409
0.786402
0.786396
0.786389
0.786383
0.786376
0.78637
0.786363
0.786357
0.78635
0.786344
0.786337
0.786331
0.786324
0.786317
0.786311
0.786304
0.786298
0.786291
0.786285
0.786278
0.786272
0.786265
0.786258
0.786252
0.786245
0.786239
0.786232
0.786225
0.786219
0.786212
0.786206
0.786199
0.786192
0.786186
0.786179
0.786172
0.786166
0.786159
0.786152
0.786146
0.786139
0.786132
0.786126
0.786119
0.786112
0.786106
0.786099
0.786092
0.786086
0.786079
0.786072
0.786066
0.786059
0.786052
0.786045
0.786039
0.786032
0.786025
0.786018
0.786012
0.786005
0.785998
0.785991
0.785985
0.785978
0.785971
0.785964
0.785957
0.785951
0.785944
0.785937
0.78593
0.785923
0.785917
0.78591
0.785903
0.785896
0.785889
0.785882
0.785876
0.785869
0.785862
0.785855
0.785848
0.785841
0.785834
0.785828
0.785821
0.785814
0.785807
0.7858
0.785793
0.785786
0.785779
0.785772
0.785766
0.785759
0.785752
0.785745
0.785738
0.785731
0.785724
0.785717
0.78571
0.785703
0.785696
0.785689
0.785682
0.785675
0.785668
0.785661
0.785654
0.785647
0.78564
0.785633
0.785626
0.785619
0.785612
0.785605
0.785598
0.785591
0.785584
0.785577
0.78557
0.785563
0.785556
0.785549
0.785542
0.785535
0.785528
0.785521
0.785514
0.785506
0.785499
0.785492
0.785485
0.785478
0.785471
0.785464
0.785457
0.78545
0.785443
0.785435
0.785428
0.785421
0.785414
0.785407
0.7854
0.785393
0.785385
0.785378
0.785371
0.785364
0.785357
0.78535
0.785342
0.785335
0.785328
0.785321
0.785314
0.785306
0.785299
0.785292
0.785285
0.785277
0.78527
0.785263
0.785256
0.785248
0.785241
0.785234
0.785227
0.785219
0.785212
0.785205
0.785198
0.78519
0.785183
0.785176
0.785168
0.785161
0.785154
0.785147
0.785139
0.785132
0.785125
0.785117
0.78511
0.785103
0.785095
0.785088
0.785081
0.785073
0.785066
0.785058
0.785051
0.785044
0.785036
0.785029
0.785022
0.785014
0.785007
0.784999
0.784992
0.784985
0.784977
0.78497
0.784962
0.784955
0.784947
0.78494
0.784933
0.784925
0.784918
0.78491
0.784903
0.784895
0.784888
0.78488
0.784873
0.784865
0.784858
0.78485
0.784843
0.784835
0.784828
0.78482
0.784813
0.784805
0.784798
0.78479
0.784783
0.784775
0.784768
0.78476
0.784753
0.784745
0.784738
0.78473
0.784722
0.784715
0.784707
0.7847
0.784692
0.784685
0.784677
0.784669
0.784662
0.784654
0.784646
0.784639
0.784631
0.784624
0.784616
0.784608
0.784601
0.784593
0.784585
0.784578
0.78457
0.784562
0.784555
0.784547
0.784539
0.784532
0.784524
0.784516
0.784509
0.784501
0.784493
0.784486
0.784478
0.78447
0.784462
0.784455
0.784447
0.784439
0.784431
0.784424
0.784416
0.784408
0.7844
0.784393
0.784385
0.784377
0.784369
0.784362
0.784354
0.784346
0.784338
0.78433
0.784323
0.784315
0.784307
0.784299
0.784291
0.784284
0.784276
0.784268
0.78426
0.784252
0.784244
0.784237
0.784229
0.784221
0.784213
0.784205
0.784197
0.784189
0.784181
0.784174
0.784166
0.784158
0.78415
0.784142
0.784134
0.784126
0.784118
0.78411
0.784102
0.784094
0.784086
0.784079
0.784071
0.784063
0.784055
0.784047
0.784039
0.784031
0.784023
0.784015
0.784007
0.783999
0.783991
0.783983
0.783975
0.783967
0.783959
0.783951
0.783943
0.783935
0.783927
0.783919
0.783911
0.783903
0.783895
0.783887
0.783879
0.78387
0.783862
0.783854
0.783846
0.783838
0.78383
0.783822
0.783814
0.783806
0.783798
0.78379
0.783781
0.783773
0.783765
0.783757
0.783749
0.783741
0.783733
0.783725
0.783716
0.783708
0.7837
0.783692
0.783684
0.783676
0.783667
0.783659
0.783651
0.783643
0.783635
0.783627
0.783618
0.78361
0.783602
0.783594
0.783586
0.783577
0.783569
0.783561
0.783553
0.783544
0.783536
0.783528
0.78352
0.783511
0.783503
0.783495
0.783487
0.783478
0.78347
0.783462
0.783453
0.783445
0.783437
0.783429
0.78342
0.783412
0.783404
0.783395
0.783387
0.783379
0.78337
0.783362
0.783354
0.783345
0.783337
0.783329
0.78332
0.783312
0.783303
0.783295
0.783287
0.783278
0.78327
0.783262
0.783253
0.783245
0.783236
0.783228
0.783219
0.783211
0.783203
0.783194
0.783186
0.783177
0.783169
0.78316
0.783152
0.783144
0.783135
0.783127
0.783118
0.78311
0.783101
0.783093
0.783084
0.783076
0.783067
0.783059
0.78305
0.783042
0.783033
0.783025
0.783016
0.783008
0.782999
0.782991
0.782982
0.782973
0.782965
0.782956
0.782948
0.782939
0.782931
0.782922
0.782914
0.782905
0.782896
0.782888
0.782879
0.782871
0.782862
0.782853
0.782845
0.782836
0.782827
0.782819
0.78281
0.782802
0.782793
0.782784
0.782776
0.782767
0.782758
0.78275
0.782741
0.782732
0.782724
0.782715
0.782706
0.782698
0.782689
0.78268
0.782672
0.782663
0.782654
0.782645
0.782637
0.782628
0.782619
0.78261
0.782602
0.782593
0.782584
0.782575
0.782567
0.782558
0.782549
0.78254
0.782532
0.782523
0.782514
0.782505
0.782497
0.782488
0.782479
0.78247
0.782461
0.782452
0.782444
0.782435
0.782426
0.782417
0.782408
0.782399
0.782391
0.782382
0.782373
0.782364
0.782355
0.782346
0.782337
0.782329
0.78232
0.782311
0.782302
0.782293
0.782284
0.782275
0.782266
0.782257
0.782248
0.78224
0.782231
0.782222
0.782213
0.782204
0.782195
0.782186
0.782177
0.782168
0.782159
0.78215
0.782141
0.782132
0.782123
0.782114
0.782105
0.782096
0.782087
0.782078
0.782069
0.78206
0.782051
0.782042
0.782033
0.782024
0.782015
0.782006
0.781997
0.781988
0.781979
0.78197
0.781961
0.781952
0.781943
0.781934
0.781924
0.781915
0.781906
0.781897
0.781888
0.781879
0.78187
0.781861
0.781852
0.781843
0.781833
0.781824
0.781815
0.781806
0.781797
0.781788
0.781779
0.781769
0.78176
0.781751
0.781742
0.781733
0.781724
0.781714
0.781705
0.781696
0.781687
0.781678
0.781668
0.781659
0.78165
0.781641
0.781632
0.781622
0.781613
0.781604
0.781595
0.781585
0.781576
0.781567
0.781558
0.781548
0.781539
0.78153
0.781521
0.781511
0.781502
0.781493
0.781483
0.781474
0.781465
0.781455
0.781446
0.781437
0.781427
0.781418
0.781409
0.7814
0.78139
0.781381
0.781371
0.781362
0.781353
0.781343
0.781334
0.781325
0.781315
0.781306
0.781297
0.781287
0.781278
0.781268
0.781259
0.78125
0.78124
0.781231
0.781221
0.781212
0.781202
0.781193
0.781184
0.781174
0.781165
0.781155
0.781146
0.781136
0.781127
0.781117
0.781108
0.781098
0.781089
0.781079
0.78107
0.78106
0.781051
0.781041
0.781032
0.781022
0.781013
0.781003
0.780994
0.780984
0.780975
0.780965
0.780956
0.780946
0.780937
0.780927
0.780918
0.780908
0.780898
0.780889
0.780879
0.78087
0.78086
0.78085
0.780841
0.780831
0.780822
0.780812
0.780802
0.780793
0.780783
0.780774
0.780764
0.780754
0.780745
0.780735
0.780725
0.780716
0.780706
0.780696
0.780687
0.780677
0.780667
0.780658
0.780648
0.780638
0.780629
0.780619
0.780609
0.780599
0.78059
0.78058
0.78057
0.780561
0.780551
0.780541
0.780531
0.780522
0.780512
0.780502
0.780492
0.780483
0.780473
0.780463
0.780453
0.780443
0.780434
0.780424
0.780414
0.780404
0.780395
0.780385
0.780375
0.780365
0.780355
0.780345
0.780336
0.780326
0.780316
0.780306
0.780296
0.780286
0.780277
0.780267
0.780257
0.780247
0.780237
0.780227
0.780217
0.780207
0.780198
0.780188
0.780178
0.780168
0.780158
0.780148
0.780138
0.780128
0.780118
0.780108
0.780098
0.780088
0.780078
0.780069
0.780059
0.780049
0.780039
0.780029
0.780019
0.780009
0.779999
0.779989
0.779979
0.779969
0.779959
0.779949
0.779939
0.779929
0.779919
0.779909
0.779899
0.779889
0.779879
0.779869
0.779859
0.779849
0.779838
0.779828
0.779818
0.779808
0.779798
0.779788
0.779778
0.779768
0.779758
0.779748
0.779738
0.779728
0.779717
0.779707
0.779697
0.779687
0.779677
0.779667
0.779657
0.779647
0.779636
0.779626
0.779616
0.779606
0.779596
0.779586
0.779576
0.779565
0.779555
0.779545
0.779535
0.779525
0.779514
0.779504
0.779494
0.779484
0.779474
0.779463
0.779453
0.779443
0.779433
0.779422
0.779412
0.779402
0.779392
0.779382
0.779371
0.779361
0.779351
0.77934
0.77933
0.77932
0.77931
0.779299
0.779289
0.779279
0.779268
0.779258
0.779248
0.779238
0.779227
0.779217
0.779207
0.779196
0.779186
0.779176
0.779165
0.779155
0.779144
0.779134
0.779124
0.779113
0.779103
0.779093
0.779082
0.779072
0.779061
0.779051
0.779041
0.77903
0.77902
0.779009
0.778999
0.778989
0.778978
0.778968
0.778957
0.778947
0.778936
0.778926
0.778916
0.778905
0.778895
0.778884
0.778874
0.778863
0.778853
0.778842
0.778832
0.778821
0.778811
0.7788
0.77879
0.778779
0.778769
0.778758
0.778748
0.778737
0.778727
0.778716
0.778706
0.778695
0.778685
0.778674
0.778663
0.778653
0.778642
0.778632
0.778621
0.778611
0.7786
0.778589
0.778579
0.778568
0.778558
0.778547
0.778536
0.778526
0.778515
0.778505
0.778494
0.778483
0.778473
0.778462
0.778451
0.778441
0.77843
0.778419
0.778409
0.778398
0.778387
0.778377
0.778366
0.778355
0.778345
0.778334
0.778323
0.778313
0.778302
0.778291
0.77828
0.77827
0.778259
0.778248
0.778237
0.778227
0.778216
0.778205
0.778194
0.778184
0.778173
0.778162
0.778151
0.778141
0.77813
0.778119
0.778108
0.778098
0.778087
0.778076
0.778065
0.778054
0.778043
0.778033
0.778022
0.778011
0.778
0.777989
0.777979
0.777968
0.777957
0.777946
0.777935
0.777924
0.777913
0.777902
0.777892
0.777881
0.77787
0.777859
0.777848
0.777837
0.777826
0.777815
0.777804
0.777794
0.777783
0.777772
0.777761
0.77775
0.777739
0.777728
0.777717
0.777706
0.777695
0.777684
0.777673
0.777662
0.777651
0.77764
0.777629
0.777618
0.777607
0.777596
0.777585
0.777574
0.777563
0.777552
0.777541
0.77753
0.777519
0.777508
0.777497
0.777486
0.777475
0.777464
0.777453
0.777442
0.777431
0.77742
0.777409
0.777398
0.777387
0.777375
0.777364
0.777353
0.777342
0.777331
0.77732
0.777309
0.777298
0.777287
0.777276
0.777264
0.777253
0.777242
0.777231
0.77722
0.777209
0.777198
0.777186
0.777175
0.777164
0.777153
0.777142
0.777131
0.777119
0.777108
0.777097
0.777086
0.777075
0.777063
0.777052
0.777041
0.77703
0.777018
0.777007
0.776996
0.776985
0.776974
0.776962
0.776951
0.77694
0.776928
0.776917
0.776906
0.776895
0.776883
0.776872
0.776861
0.77685
0.776838
0.776827
0.776816
0.776804
0.776793
0.776782
0.77677
0.776759
0.776748
0.776736
0.776725
0.776714
0.776702
0.776691
0.77668
0.776668
0.776657
0.776646
0.776634
0.776623
0.776611
0.7766
0.776589
0.776577
0.776566
0.776554
0.776543
0.776532
0.77652
0.776509
0.776497
0.776486
0.776474
0.776463
0.776452
0.77644
0.776429
0.776417
0.776406
0.776394
0.776383
0.776371
0.77636
0.776348
0.776337
0.776325
0.776314
0.776302
0.776291
0.776279
0.776268
0.776256
0.776245
0.776233
0.776222
0.77621
0.776199
0.776187
0.776176
0.776164
0.776153
0.776141
0.776129
0.776118
0.776106
0.776095
0.776083
0.776071
0.77606
0.776048
0.776037
0.776025
0.776013
0.776002
0.77599
0.775979
0.775967
0.775955
0.775944
0.775932
0.77592
0.775909
0.775897
0.775885
0.775874
0.775862
0.77585
0.775839
0.775827
0.775815
0.775804
0.775792
0.77578
0.775769
0.775757
0.775745
0.775733
0.775722
0.77571
0.775698
0.775687
0.775675
0.775663
0.775651
0.77564
0.775628
0.775616
0.775604
0.775593
0.775581
0.775569
0.775557
0.775545
0.775534
0.775522
0.77551
0.775498
0.775486
0.775475
0.775463
0.775451
0.775439
0.775427
0.775415
0.775404
0.775392
0.77538
0.775368
0.775356
0.775344
0.775332
0.775321
0.775309
0.775297
0.775285
0.775273
0.775261
0.775249
0.775237
0.775225
0.775214
0.775202
0.77519
0.775178
0.775166
0.775154
0.775142
0.77513
0.775118
0.775106
0.775094
0.775082
0.77507
0.775058
0.775046
0.775034
0.775022
0.77501
0.774998
0.774986
0.774974
0.774962
0.77495
0.774938
0.774926
0.774914
0.774902
0.77489
0.774878
0.774866
0.774854
0.774842
0.77483
0.774818
0.774806
0.774794
0.774782
0.77477
0.774758
0.774746
0.774734
0.774722
0.774709
0.774697
0.774685
0.774673
0.774661
0.774649
0.774637
0.774625
0.774613
0.7746
0.774588
0.774576
0.774564
0.774552
0.77454
0.774528
0.774515
0.774503
0.774491
0.774479
0.774467
0.774454
0.774442
0.77443
0.774418
0.774406
0.774393
0.774381
0.774369
0.774357
0.774345
0.774332
0.77432
0.774308
0.774296
0.774283
0.774271
0.774259
0.774247
0.774234
0.774222
0.77421
0.774198
0.774185
0.774173
0.774161
0.774148
0.774136
0.774124
0.774112
0.774099
0.774087
0.774075
0.774062
0.77405
0.774038
0.774025
0.774013
0.774001
0.773988
0.773976
0.773963
0.773951
0.773939
0.773926
0.773914
0.773902
0.773889
0.773877
0.773864
0.773852
0.77384
0.773827
0.773815
0.773802
0.77379
0.773778
0.773765
0.773753
0.77374
0.773728
0.773715
0.773703
0.77369
0.773678
0.773666
0.773653
0.773641
0.773628
0.773616
0.773603
0.773591
0.773578
0.773566
0.773553
0.773541
0.773528
0.773516
0.773503
0.773491
0.773478
0.773466
0.773453
0.77344
0.773428
0.773415
0.773403
0.77339
0.773378
0.773365
0.773353
0.77334
0.773327
0.773315
0.773302
0.77329
0.773277
0.773264
0.773252
0.773239
0.773227
0.773214
0.773201
0.773189
0.773176
0.773163
0.773151
0.773138
0.773125
0.773113
0.7731
0.773087
0.773075
0.773062
0.773049
0.773037
0.773024
0.773011
0.772999
0.772986
0.772973
0.772961
0.772948
0.772935
0.772922
0.77291
0.772897
0.772884
0.772871
0.772859
0.772846
0.772833
0.772821
0.772808
0.772795
0.772782
0.772769
0.772757
0.772744
0.772731
0.772718
0.772706
0.772693
0.77268
0.772667
0.772654
0.772641
0.772629
0.772616
0.772603
0.77259
0.772577
0.772564
0.772552
0.772539
0.772526
0.772513
0.7725
0.772487
0.772474
0.772462
0.772449
0.772436
0.772423
0.77241
0.772397
0.772384
0.772371
0.772358
0.772345
0.772333
0.77232
0.772307
0.772294
0.772281
0.772268
0.772255
0.772242
0.772229
0.772216
0.772203
0.77219
0.772177
0.772164
0.772151
0.772138
0.772125
0.772112
0.772099
0.772086
0.772073
0.77206
0.772047
0.772034
0.772021
0.772008
0.771995
0.771982
0.771969
0.771956
0.771943
0.77193
0.771917
0.771904
0.771891
0.771878
0.771865
0.771851
0.771838
0.771825
0.771812
0.771799
0.771786
0.771773
0.77176
0.771747
0.771734
0.77172
0.771707
0.771694
0.771681
0.771668
0.771655
0.771642
0.771628
0.771615
0.771602
0.771589
0.771576
0.771563
0.771549
0.771536
0.771523
0.77151
0.771497
0.771483
0.77147
0.771457
0.771444
0.771431
0.771417
0.771404
0.771391
0.771378
0.771364
0.771351
0.771338
0.771325
0.771311
0.771298
0.771285
0.771272
0.771258
0.771245
0.771232
0.771218
0.771205
0.771192
0.771179
0.771165
0.771152
0.771139
0.771125
0.771112
0.771099
0.771085
0.771072
0.771059
0.771045
0.771032
0.771019
0.771005
0.770992
0.770978
0.770965
0.770952
0.770938
0.770925
0.770912
0.770898
0.770885
0.770871
0.770858
0.770845
0.770831
0.770818
0.770804
0.770791
0.770777
0.770764
0.770751
0.770737
0.770724
0.77071
0.770697
0.770683
0.77067
0.770656
0.770643
0.770629
0.770616
0.770602
0.770589
0.770575
0.770562
0.770548
0.770535
0.770521
0.770508
0.770494
0.770481
0.770467
0.770454
0.77044
0.770427
0.770413
0.7704
0.770386
0.770372
0.770359
0.770345
0.770332
0.770318
0.770305
0.770291
0.770277
0.770264
0.77025
0.770237
0.770223
0.770209
0.770196
0.770182
0.770169
0.770155
0.770141
0.770128
0.770114
0.7701
0.770087
0.770073
0.770059
0.770046
0.770032
0.770018
0.770005
0.769991
0.769977
0.769964
0.76995
0.769936
0.769923
0.769909
0.769895
0.769881
0.769868
0.769854
0.76984
0.769827
0.769813
0.769799
0.769785
0.769772
0.769758
0.769744
0.76973
0.769716
0.769703
0.769689
0.769675
0.769661
0.769648
0.769634
0.76962
0.769606
0.769592
0.769579
0.769565
0.769551
0.769537
0.769523
0.769509
0.769496
0.769482
0.769468
0.769454
0.76944
0.769426
0.769412
0.769399
0.769385
0.769371
0.769357
0.769343
0.769329
0.769315
0.769301
0.769288
0.769274
0.76926
0.769246
0.769232
0.769218
0.769204
0.76919
0.769176
0.769162
0.769148
0.769134
0.76912
0.769106
0.769092
0.769078
0.769065
0.769051
0.769037
0.769023
0.769009
0.768995
0.768981
0.768967
0.768953
0.768939
0.768925
0.768911
0.768897
0.768883
0.768868
0.768854
0.76884
0.768826
0.768812
0.768798
0.768784
0.76877
0.768756
0.768742
0.768728
0.768714
0.7687
0.768686
0.768672
0.768658
0.768643
0.768629
0.768615
0.768601
0.768587
0.768573
0.768559
0.768545
0.76853
0.768516
0.768502
0.768488
0.768474
0.76846
0.768446
0.768431
0.768417
0.768403
0.768389
0.768375
0.768361
0.768346
0.768332
0.768318
0.768304
0.76829
0.768275
0.768261
0.768247
0.768233
0.768218
0.768204
0.76819
0.768176
0.768161
0.768147
0.768133
0.768119
0.768104
0.76809
0.768076
0.768062
0.768047
0.768033
0.768019
0.768005
0.76799
0.767976
0.767962
0.767947
0.767933
0.767919
0.767904
0.76789
0.767876
0.767861
0.767847
0.767833
0.767818
0.767804
0.76779
0.767775
0.767761
0.767747
0.767732
0.767718
0.767703
0.767689
0.767675
0.76766
0.767646
0.767631
0.767617
0.767603
0.767588
0.767574
0.767559
0.767545
0.76753
0.767516
0.767502
0.767487
0.767473
0.767458
0.767444
0.767429
0.767415
0.7674
0.767386
0.767371
0.767357
0.767342
0.767328
0.767313
0.767299
0.767284
0.76727
0.767255
0.767241
0.767226
0.767212
0.767197
0.767183
0.767168
0.767154
0.767139
0.767125
0.76711
0.767095
0.767081
0.767066
0.767052
0.767037
0.767023
0.767008
0.766993
0.766979
0.766964
0.76695
0.766935
0.76692
0.766906
0.766891
0.766877
0.766862
0.766847
0.766833
0.766818
0.766803
0.766789
0.766774
0.766759
0.766745
0.76673
0.766715
0.766701
0.766686
0.766671
0.766657
0.766642
0.766627
0.766613
0.766598
0.766583
0.766568
0.766554
0.766539
0.766524
0.76651
0.766495
0.76648
0.766465
0.766451
0.766436
0.766421
0.766406
0.766391
0.766377
0.766362
0.766347
0.766332
0.766318
0.766303
0.766288
0.766273
0.766258
0.766244
0.766229
0.766214
0.766199
0.766184
0.766169
0.766155
0.76614
0.766125
0.76611
0.766095
0.76608
0.766066
0.766051
0.766036
0.766021
0.766006
0.765991
0.765976
0.765961
0.765947
0.765932
0.765917
0.765902
0.765887
0.765872
0.765857
0.765842
0.765827
0.765812
0.765797
0.765782
0.765767
0.765753
0.765738
0.765723
0.765708
0.765693
0.765678
0.765663
0.765648
0.765633
0.765618
0.765603
0.765588
0.765573
0.765558
0.765543
0.765528
0.765513
0.765498
0.765483
0.765468
0.765453
0.765438
0.765423
0.765407
0.765392
0.765377
0.765362
0.765347
0.765332
0.765317
0.765302
0.765287
0.765272
0.765257
0.765242
0.765227
0.765211
0.765196
0.765181
0.765166
0.765151
0.765136
0.765121
0.765106
0.765091
0.765075
0.76506
0.765045
0.76503
0.765015
0.765
0.764984
0.764969
0.764954
0.764939
0.764924
0.764909
0.764893
0.764878
0.764863
0.764848
0.764833
0.764817
0.764802
0.764787
0.764772
0.764756
0.764741
0.764726
0.764711
0.764695
0.76468
0.764665
0.76465
0.764634
0.764619
0.764604
0.764589
0.764573
0.764558
0.764543
0.764527
0.764512
0.764497
0.764482
0.764466
0.764451
0.764436
0.76442
0.764405
0.76439
0.764374
0.764359
0.764344
0.764328
0.764313
0.764298
0.764282
0.764267
0.764251
0.764236
0.764221
0.764205
0.76419
0.764175
0.764159
0.764144
0.764128
0.764113
0.764098
0.764082
0.764067
0.764051
0.764036
0.76402
0.764005
0.76399
0.763974
0.763959
0.763943
0.763928
0.763912
0.763897
0.763881
0.763866
0.76385
0.763835
0.763819
0.763804
0.763788
0.763773
0.763757
0.763742
0.763726
0.763711
0.763695
0.76368
0.763664
0.763649
0.763633
0.763618
0.763602
0.763587
0.763571
0.763555
0.76354
0.763524
0.763509
0.763493
0.763478
0.763462
0.763446
0.763431
0.763415
0.7634
0.763384
0.763368
0.763353
0.763337
0.763322
0.763306
0.76329
0.763275
0.763259
0.763243
0.763228
0.763212
0.763196
0.763181
0.763165
0.763149
0.763134
0.763118
0.763102
0.763087
0.763071
0.763055
0.76304
0.763024
0.763008
0.762992
0.762977
0.762961
0.762945
0.76293
0.762914
0.762898
0.762882
0.762867
0.762851
0.762835
0.762819
0.762804
0.762788
0.762772
0.762756
0.76274
0.762725
0.762709
0.762693
0.762677
0.762662
0.762646
0.76263
0.762614
0.762598
0.762582
0.762567
0.762551
0.762535
0.762519
0.762503
0.762487
0.762472
0.762456
0.76244
0.762424
0.762408
0.762392
0.762376
0.76236
0.762345
0.762329
0.762313
0.762297
0.762281
0.762265
0.762249
0.762233
0.762217
0.762201
0.762186
0.76217
0.762154
0.762138
0.762122
0.762106
0.76209
0.762074
0.762058
0.762042
0.762026
0.76201
0.761994
0.761978
0.761962
0.761946
0.76193
0.761914
0.761898
0.761882
0.761866
0.76185
0.761834
0.761818
0.761802
0.761786
0.76177
0.761754
0.761738
0.761722
0.761706
0.76169
0.761674
0.761658
0.761641
0.761625
0.761609
0.761593
0.761577
0.761561
0.761545
0.761529
0.761513
0.761497
0.761481
0.761464
0.761448
0.761432
0.761416
0.7614
0.761384
0.761368
0.761351
0.761335
0.761319
0.761303
0.761287
0.761271
0.761255
0.761238
0.761222
0.761206
0.76119
0.761174
0.761157
0.761141
0.761125
0.761109
0.761093
0.761076
0.76106
0.761044
0.761028
0.761011
0.760995
0.760979
0.760963
0.760946
0.76093
0.760914
0.760898
0.760881
0.760865
0.760849
0.760833
0.760816
0.7608
0.760784
0.760767
0.760751
0.760735
0.760719
0.760702
0.760686
0.76067
0.760653
0.760637
0.760621
0.760604
0.760588
0.760572
0.760555
0.760539
0.760522
0.760506
0.76049
0.760473
0.760457
0.760441
0.760424
0.760408
0.760391
0.760375
0.760359
0.760342
0.760326
0.760309
0.760293
0.760277
0.76026
0.760244
0.760227
0.760211
0.760194
0.760178
0.760161
0.760145
0.760129
0.760112
0.760096
0.760079
0.760063
0.760046
0.76003
0.760013
0.759997
0.75998
0.759964
0.759947
0.759931
0.759914
0.759898
0.759881
0.759865
0.759848
0.759832
0.759815
0.759798
0.759782
0.759765
0.759749
0.759732
0.759716
0.759699
0.759683
0.759666
0.759649
0.759633
0.759616
0.7596
0.759583
0.759566
0.75955
0.759533
0.759517
0.7595
0.759483
0.759467
0.75945
0.759433
0.759417
0.7594
0.759383
0.759367
0.75935
0.759334
0.759317
0.7593
0.759284
0.759267
0.75925
0.759233
0.759217
0.7592
0.759183
0.759167
0.75915
0.759133
0.759117
0.7591
0.759083
0.759066
0.75905
0.759033
0.759016
0.758999
0.758983
0.758966
0.758949
0.758932
0.758916
0.758899
0.758882
0.758865
0.758849
0.758832
0.758815
0.758798
0.758781
0.758765
0.758748
0.758731
0.758714
0.758697
0.75868
0.758664
0.758647
0.75863
0.758613
0.758596
0.758579
0.758563
0.758546
0.758529
0.758512
0.758495
0.758478
0.758461
0.758444
0.758428
0.758411
0.758394
0.758377
0.75836
0.758343
0.758326
0.758309
0.758292
0.758275
0.758259
0.758242
0.758225
0.758208
0.758191
0.758174
0.758157
0.75814
0.758123
0.758106
0.758089
0.758072
0.758055
0.758038
0.758021
0.758004
0.757987
0.75797
0.757953
0.757936
0.757919
0.757902
0.757885
0.757868
0.757851
0.757834
0.757817
0.7578
0.757783
0.757766
0.757749
0.757732
0.757715
0.757698
0.75768
0.757663
0.757646
0.757629
0.757612
0.757595
0.757578
0.757561
0.757544
0.757527
0.75751
0.757492
0.757475
0.757458
0.757441
0.757424
0.757407
0.75739
0.757372
0.757355
0.757338
0.757321
0.757304
0.757287
0.75727
0.757252
0.757235
0.757218
0.757201
0.757184
0.757166
0.757149
0.757132
0.757115
0.757098
0.75708
0.757063
0.757046
0.757029
0.757011
0.756994
0.756977
0.75696
0.756943
0.756925
0.756908
0.756891
0.756873
0.756856
0.756839
0.756822
0.756804
0.756787
0.75677
0.756753
0.756735
0.756718
0.756701
0.756683
0.756666
0.756649
0.756631
0.756614
0.756597
0.756579
0.756562
0.756545
0.756527
0.75651
0.756493
0.756475
0.756458
0.756441
0.756423
0.756406
0.756388
0.756371
0.756354
0.756336
0.756319
0.756301
0.756284
0.756267
0.756249
0.756232
0.756214
0.756197
0.756179
0.756162
0.756145
0.756127
0.75611
0.756092
0.756075
0.756057
0.75604
0.756022
0.756005
0.755987
0.75597
0.755953
0.755935
0.755918
0.7559
0.755883
0.755865
0.755848
0.75583
0.755812
0.755795
0.755777
0.75576
0.755742
0.755725
0.755707
0.75569
0.755672
0.755655
0.755637
0.75562
0.755602
0.755584
0.755567
0.755549
0.755532
0.755514
0.755496
0.755479
0.755461
0.755444
0.755426
0.755408
0.755391
0.755373
0.755356
0.755338
0.75532
0.755303
0.755285
0.755267
0.75525
0.755232
0.755214
0.755197
0.755179
0.755161
0.755144
0.755126
0.755108
0.755091
0.755073
0.755055
0.755038
0.75502
0.755002
0.754985
0.754967
0.754949
0.754931
0.754914
0.754896
0.754878
0.75486
0.754843
0.754825
0.754807
0.754789
0.754772
0.754754
0.754736
0.754718
0.754701
0.754683
0.754665
0.754647
0.754629
0.754612
0.754594
0.754576
0.754558
0.75454
0.754523
0.754505
0.754487
0.754469
0.754451
0.754433
0.754416
0.754398
0.75438
0.754362
0.754344
0.754326
0.754308
0.754291
0.754273
0.754255
0.754237
0.754219
0.754201
0.754183
0.754165
0.754147
0.754129
0.754112
0.754094
0.754076
0.754058
0.75404
0.754022
0.754004
0.753986
0.753968
0.75395
0.753932
0.753914
0.753896
0.753878
0.75386
0.753842
0.753824
0.753806
0.753788
0.75377
0.753752
0.753734
0.753716
0.753698
0.75368
0.753662
0.753644
0.753626
0.753608
0.75359
0.753572
0.753554
0.753536
0.753518
0.7535
0.753482
0.753464
0.753446
0.753428
0.75341
0.753392
0.753374
0.753355
0.753337
0.753319
0.753301
0.753283
0.753265
0.753247
0.753229
0.753211
0.753193
0.753174
0.753156
0.753138
0.75312
0.753102
0.753084
0.753066
0.753047
0.753029
0.753011
0.752993
0.752975
0.752957
0.752938
0.75292
0.752902
0.752884
0.752866
0.752847
0.752829
0.752811
0.752793
0.752775
0.752756
0.752738
0.75272
0.752702
0.752683
0.752665
0.752647
0.752629
0.75261
0.752592
0.752574
0.752556
0.752537
0.752519
0.752501
0.752483
0.752464
0.752446
0.752428
0.752409
0.752391
0.752373
0.752354
0.752336
0.752318
0.752299
0.752281
0.752263
0.752244
0.752226
0.752208
0.752189
0.752171
0.752153
0.752134
0.752116
0.752098
0.752079
0.752061
0.752042
0.752024
0.752006
0.751987
0.751969
0.751951
0.751932
0.751914
0.751895
0.751877
0.751858
0.75184
0.751822
0.751803
0.751785
0.751766
0.751748
0.751729
0.751711
0.751692
0.751674
0.751656
0.751637
0.751619
0.7516
0.751582
0.751563
0.751545
0.751526
0.751508
0.751489
0.751471
0.751452
0.751434
0.751415
0.751397
0.751378
0.751359
0.751341
0.751322
0.751304
0.751285
0.751267
0.751248
0.75123
0.751211
0.751193
0.751174
0.751155
0.751137
0.751118
0.7511
0.751081
0.751062
0.751044
0.751025
0.751007
0.750988
0.750969
0.750951
0.750932
0.750913
0.750895
0.750876
0.750858
0.750839
0.75082
0.750802
0.750783
0.750764
0.750746
0.750727
0.750708
0.75069
0.750671
0.750652
0.750634
0.750615
0.750596
0.750577
0.750559
0.75054
0.750521
0.750503
0.750484
0.750465
0.750446
0.750428
0.750409
0.75039
0.750371
0.750353
0.750334
0.750315
0.750296
0.750278
0.750259
0.75024
0.750221
0.750202
0.750184
0.750165
0.750146
0.750127
0.750109
0.75009
0.750071
0.750052
0.750033
0.750014
0.749996
0.749977
0.749958
0.749939
0.74992
0.749901
0.749883
0.749864
0.749845
0.749826
0.749807
0.749788
0.749769
0.74975
0.749732
0.749713
0.749694
0.749675
0.749656
0.749637
0.749618
0.749599
0.74958
0.749561
0.749542
0.749524
0.749505
0.749486
0.749467
0.749448
0.749429
0.74941
0.749391
0.749372
0.749353
0.749334
0.749315
0.749296
0.749277
0.749258
0.749239
0.74922
0.749201
0.749182
0.749163
0.749144
0.749125
0.749106
0.749087
0.749068
0.749049
0.74903
0.749011
0.748992
0.748973
0.748954
0.748935
0.748916
0.748896
0.748877
0.748858
0.748839
0.74882
0.748801
0.748782
0.748763
0.748744
0.748725
0.748706
0.748686
0.748667
0.748648
0.748629
0.74861
0.748591
0.748572
0.748553
0.748533
0.748514
0.748495
0.748476
0.748457
0.748438
0.748419
0.748399
0.74838
0.748361
0.748342
0.748323
0.748303
0.748284
0.748265
0.748246
0.748227
0.748207
0.748188
0.748169
0.74815
0.748131
0.748111
0.748092
0.748073
0.748054
0.748034
0.748015
0.747996
0.747977
0.747957
0.747938
0.747919
0.747899
0.74788
0.747861
0.747842
0.747822
0.747803
0.747784
0.747764
0.747745
0.747726
0.747706
0.747687
0.747668
0.747649
0.747629
0.74761
0.74759
0.747571
0.747552
0.747532
0.747513
0.747494
0.747474
0.747455
0.747436
0.747416
0.747397
0.747377
0.747358
0.747339
0.747319
0.7473
0.74728
0.747261
0.747242
0.747222
0.747203
0.747183
0.747164
0.747145
0.747125
0.747106
0.747086
0.747067
0.747047
0.747028
0.747008
0.746989
0.746969
0.74695
0.74693
0.746911
0.746892
0.746872
0.746853
0.746833
0.746814
0.746794
0.746775
0.746755
0.746735
0.746716
0.746696
0.746677
0.746657
0.746638
0.746618
0.746599
0.746579
0.74656
0.74654
0.746521
0.746501
0.746481
0.746462
0.746442
0.746423
0.746403
0.746383
0.746364
0.746344
0.746325
0.746305
0.746285
0.746266
0.746246
0.746227
0.746207
0.746187
0.746168
0.746148
0.746128
0.746109
0.746089
0.746069
0.74605
0.74603
0.74601
0.745991
0.745971
0.745951
0.745932
0.745912
0.745892
0.745873
0.745853
0.745833
0.745814
0.745794
0.745774
0.745754
0.745735
0.745715
0.745695
0.745675
0.745656
0.745636
0.745616
0.745597
0.745577
0.745557
0.745537
0.745517
0.745498
0.745478
0.745458
0.745438
0.745419
0.745399
0.745379
0.745359
0.745339
0.74532
0.7453
0.74528
0.74526
0.74524
0.74522
0.745201
0.745181
0.745161
0.745141
0.745121
0.745101
0.745082
0.745062
0.745042
0.745022
0.745002
0.744982
0.744962
0.744942
0.744923
0.744903
0.744883
0.744863
0.744843
0.744823
0.744803
0.744783
0.744763
0.744743
0.744723
0.744704
0.744684
0.744664
0.744644
0.744624
0.744604
0.744584
0.744564
0.744544
0.744524
0.744504
0.744484
0.744464
0.744444
0.744424
0.744404
0.744384
0.744364
0.744344
0.744324
0.744304
0.744284
0.744264
0.744244
0.744224
0.744204
0.744184
0.744164
0.744144
0.744124
0.744104
0.744084
0.744064
0.744043
0.744023
0.744003
0.743983
0.743963
0.743943
0.743923
0.743903
0.743883
0.743863
0.743843
0.743822
0.743802
0.743782
0.743762
0.743742
0.743722
0.743702
0.743682
0.743661
0.743641
0.743621
0.743601
0.743581
0.743561
0.743541
0.74352
0.7435
0.74348
0.74346
0.74344
0.743419
0.743399
0.743379
0.743359
0.743339
0.743318
0.743298
0.743278
0.743258
0.743238
0.743217
0.743197
0.743177
0.743157
0.743136
0.743116
0.743096
0.743076
0.743055
0.743035
0.743015
0.742995
0.742974
0.742954
0.742934
0.742913
0.742893
0.742873
0.742853
0.742832
0.742812
0.742792
0.742771
0.742751
0.742731
0.74271
0.74269
0.74267
0.742649
0.742629
0.742609
0.742588
0.742568
0.742548
0.742527
0.742507
0.742486
0.742466
0.742446
0.742425
0.742405
0.742385
0.742364
0.742344
0.742323
0.742303
0.742283
0.742262
0.742242
0.742221
0.742201
0.74218
0.74216
0.74214
0.742119
0.742099
0.742078
0.742058
0.742037
0.742017
0.741996
0.741976
0.741955
0.741935
0.741914
0.741894
0.741873
0.741853
0.741832
0.741812
0.741791
0.741771
0.74175
0.74173
0.741709
0.741689
0.741668
0.741648
0.741627
0.741607
0.741586
0.741566
0.741545
0.741524
0.741504
0.741483
0.741463
0.741442
0.741422
0.741401
0.74138
0.74136
0.741339
0.741319
0.741298
0.741277
0.741257
0.741236
0.741216
0.741195
0.741174
0.741154
0.741133
0.741112
0.741092
0.741071
0.741051
0.74103
0.741009
0.740989
0.740968
0.740947
0.740927
0.740906
0.740885
0.740864
0.740844
0.740823
0.740802
0.740782
0.740761
0.74074
0.74072
0.740699
0.740678
0.740657
0.740637
0.740616
0.740595
0.740574
0.740554
0.740533
0.740512
0.740491
0.740471
0.74045
0.740429
0.740408
0.740388
0.740367
0.740346
0.740325
0.740304
0.740284
0.740263
0.740242
0.740221
0.7402
0.74018
0.740159
0.740138
0.740117
0.740096
0.740075
0.740055
0.740034
0.740013
0.739992
0.739971
0.73995
0.73993
0.739909
0.739888
0.739867
0.739846
0.739825
0.739804
0.739783
0.739762
0.739742
0.739721
0.7397
0.739679
0.739658
0.739637
0.739616
0.739595
0.739574
0.739553
0.739532
0.739511
0.73949
0.739469
0.739449
0.739428
0.739407
0.739386
0.739365
0.739344
0.739323
0.739302
0.739281
0.73926
0.739239
0.739218
0.739197
0.739176
0.739155
0.739134
0.739113
0.739092
0.739071
0.73905
0.739029
0.739008
0.738987
0.738965
0.738944
0.738923
0.738902
0.738881
0.73886
0.738839
0.738818
0.738797
0.738776
0.738755
0.738734
0.738713
0.738692
0.73867
0.738649
0.738628
0.738607
0.738586
0.738565
0.738544
0.738523
0.738501
0.73848
0.738459
0.738438
0.738417
0.738396
0.738375
0.738353
0.738332
0.738311
0.73829
0.738269
0.738248
0.738226
0.738205
0.738184
0.738163
0.738142
0.73812
0.738099
0.738078
0.738057
0.738036
0.738014
0.737993
0.737972
0.737951
0.737929
0.737908
0.737887
0.737866
0.737844
0.737823
0.737802
0.737781
0.737759
0.737738
0.737717
0.737695
0.737674
0.737653
0.737632
0.73761
0.737589
0.737568
0.737546
0.737525
0.737504
0.737482
0.737461
0.73744
0.737418
0.737397
0.737376
0.737354
0.737333
0.737312
0.73729
0.737269
0.737248
0.737226
0.737205
0.737184
0.737162
0.737141
0.737119
0.737098
0.737077
0.737055
0.737034
0.737012
0.736991
0.73697
0.736948
0.736927
0.736905
0.736884
0.736862
0.736841
0.73682
0.736798
0.736777
0.736755
0.736734
0.736712
0.736691
0.736669
0.736648
0.736626
0.736605
0.736583
0.736562
0.73654
0.736519
0.736497
0.736476
0.736454
0.736433
0.736411
0.73639
0.736368
0.736347
0.736325
0.736304
0.736282
0.736261
0.736239
0.736218
0.736196
0.736174
0.736153
0.736131
0.73611
0.736088
0.736067
0.736045
0.736023
0.736002
0.73598
0.735959
0.735937
0.735915
0.735894
0.735872
0.73585
0.735829
0.735807
0.735786
0.735764
0.735742
0.735721
0.735699
0.735677
0.735656
0.735634
0.735612
0.735591
0.735569
0.735547
0.735526
0.735504
0.735482
0.735461
0.735439
0.735417
0.735396
0.735374
0.735352
0.73533
0.735309
0.735287
0.735265
0.735244
0.735222
0.7352
0.735178
0.735157
0.735135
0.735113
0.735091
0.73507
0.735048
0.735026
0.735004
0.734983
0.734961
0.734939
0.734917
0.734895
0.734874
0.734852
0.73483
0.734808
0.734786
0.734765
0.734743
0.734721
0.734699
0.734677
0.734655
0.734634
0.734612
0.73459
0.734568
0.734546
0.734524
0.734502
0.734481
0.734459
0.734437
0.734415
0.734393
0.734371
0.734349
0.734327
0.734306
0.734284
0.734262
0.73424
0.734218
0.734196
0.734174
0.734152
0.73413
0.734108
0.734086
0.734064
0.734042
0.73402
0.733999
0.733977
0.733955
0.733933
0.733911
0.733889
0.733867
0.733845
0.733823
0.733801
0.733779
0.733757
0.733735
0.733713
0.733691
0.733669
0.733647
0.733625
0.733603
0.733581
0.733559
0.733537
0.733515
0.733493
0.733471
0.733449
0.733426
0.733404
0.733382
0.73336
0.733338
0.733316
0.733294
0.733272
0.73325
0.733228
0.733206
0.733184
0.733162
0.733139
0.733117
0.733095
0.733073
0.733051
0.733029
0.733007
0.732985
0.732962
0.73294
0.732918
0.732896
0.732874
0.732852
0.73283
0.732807
0.732785
0.732763
0.732741
0.732719
0.732697
0.732674
0.732652
0.73263
0.732608
0.732586
0.732563
0.732541
0.732519
0.732497
0.732475
0.732452
0.73243
0.732408
0.732386
0.732363
0.732341
0.732319
0.732297
0.732274
0.732252
0.73223
0.732208
0.732185
0.732163
0.732141
0.732118
0.732096
0.732074
0.732052
0.732029
0.732007
0.731985
0.731962
0.73194
0.731918
0.731895
0.731873
0.731851
0.731828
0.731806
0.731784
0.731761
0.731739
0.731717
0.731694
0.731672
0.73165
0.731627
0.731605
0.731583
0.73156
0.731538
0.731515
0.731493
0.731471
0.731448
0.731426
0.731403
0.731381
0.731359
0.731336
0.731314
0.731291
0.731269
0.731247
0.731224
0.731202
0.731179
0.731157
0.731134
0.731112
0.731089
0.731067
0.731044
0.731022
0.731
0.730977
0.730955
0.730932
0.73091
0.730887
0.730865
0.730842
0.73082
0.730797
0.730775
0.730752
0.73073
0.730707
0.730684
0.730662
0.730639
0.730617
0.730594
0.730572
0.730549
0.730527
0.730504
0.730482
0.730459
0.730436
0.730414
0.730391
0.730369
0.730346
0.730323
0.730301
0.730278
0.730256
0.730233
0.73021
0.730188
0.730165
0.730143
0.73012
0.730097
0.730075
0.730052
0.730029
0.730007
0.729984
0.729962
0.729939
0.729916
0.729894
0.729871
0.729848
0.729826
0.729803
0.72978
0.729757
0.729735
0.729712
0.729689
0.729667
0.729644
0.729621
0.729599
0.729576
0.729553
0.72953
0.729508
0.729485
0.729462
0.729439
0.729417
0.729394
0.729371
0.729348
0.729326
0.729303
0.72928
0.729257
0.729235
0.729212
0.729189
0.729166
0.729143
0.729121
0.729098
0.729075
0.729052
0.729029
0.729007
0.728984
0.728961
0.728938
0.728915
0.728893
0.72887
0.728847
0.728824
0.728801
0.728778
0.728755
0.728733
0.72871
0.728687
0.728664
0.728641
0.728618
0.728595
0.728572
0.72855
0.728527
0.728504
0.728481
0.728458
0.728435
0.728412
0.728389
0.728366
0.728343
0.72832
0.728298
0.728275
0.728252
0.728229
0.728206
0.728183
0.72816
0.728137
0.728114
0.728091
0.728068
0.728045
0.728022
0.727999
0.727976
0.727953
0.72793
0.727907
0.727884
0.727861
0.727838
0.727815
0.727792
0.727769
0.727746
0.727723
0.7277
0.727677
0.727654
0.727631
0.727608
0.727585
0.727562
0.727539
0.727516
0.727493
0.727469
0.727446
0.727423
0.7274
0.727377
0.727354
0.727331
0.727308
0.727285
0.727262
0.727239
0.727215
0.727192
0.727169
0.727146
0.727123
0.7271
0.727077
0.727054
0.72703
0.727007
0.726984
0.726961
0.726938
0.726915
0.726891
0.726868
0.726845
0.726822
0.726799
0.726776
0.726752
0.726729
0.726706
0.726683
0.72666
0.726636
0.726613
0.72659
0.726567
0.726544
0.72652
0.726497
0.726474
0.726451
0.726427
0.726404
0.726381
0.726358
0.726334
0.726311
0.726288
0.726265
0.726241
0.726218
0.726195
0.726171
0.726148
0.726125
0.726102
0.726078
0.726055
0.726032
0.726008
0.725985
0.725962
0.725938
0.725915
0.725892
0.725868
0.725845
0.725822
0.725798
0.725775
0.725752
0.725728
0.725705
0.725682
0.725658
0.725635
0.725612
0.725588
0.725565
0.725541
0.725518
0.725495
0.725471
0.725448
0.725424
0.725401
0.725378
0.725354
0.725331
0.725307
0.725284
0.72526
0.725237
0.725214
0.72519
0.725167
0.725143
0.72512
0.725096
0.725073
0.725049
0.725026
0.725002
0.724979
0.724956
0.724932
0.724909
0.724885
0.724862
0.724838
0.724815
0.724791
0.724768
0.724744
0.724721
0.724697
0.724673
0.72465
0.724626
0.724603
0.724579
0.724556
0.724532
0.724509
0.724485
0.724462
0.724438
0.724414
0.724391
0.724367
0.724344
0.72432
0.724297
0.724273
0.724249
0.724226
0.724202
0.724179
0.724155
0.724131
0.724108
0.724084
0.72406
0.724037
0.724013
0.72399
0.723966
0.723942
0.723919
0.723895
0.723871
0.723848
0.723824
0.7238
0.723777
0.723753
0.723729
0.723706
0.723682
0.723658
0.723635
0.723611
0.723587
0.723563
0.72354
0.723516
0.723492
0.723469
0.723445
0.723421
0.723397
0.723374
0.72335
0.723326
0.723302
0.723279
0.723255
0.723231
0.723207
0.723184
0.72316
0.723136
0.723112
0.723089
0.723065
0.723041
0.723017
0.722993
0.72297
0.722946
0.722922
0.722898
0.722874
0.722851
0.722827
0.722803
0.722779
0.722755
0.722731
0.722708
0.722684
0.72266
0.722636
0.722612
0.722588
0.722564
0.722541
0.722517
0.722493
0.722469
0.722445
0.722421
0.722397
0.722373
0.72235
0.722326
0.722302
0.722278
0.722254
0.72223
0.722206
0.722182
0.722158
0.722134
0.72211
0.722086
0.722062
0.722039
0.722015
0.721991
0.721967
0.721943
0.721919
0.721895
0.721871
0.721847
0.721823
0.721799
0.721775
0.721751
0.721727
0.721703
0.721679
0.721655
0.721631
0.721607
0.721583
0.721559
0.721535
0.721511
0.721487
0.721463
0.721439
0.721415
0.721391
0.721367
0.721342
0.721318
0.721294
0.72127
0.721246
0.721222
0.721198
0.721174
0.72115
0.721126
0.721102
0.721078
0.721054
0.721029
0.721005
0.720981
0.720957
0.720933
0.720909
0.720885
0.720861
0.720836
0.720812
0.720788
0.720764
0.72074
0.720716
0.720692
0.720667
0.720643
0.720619
0.720595
0.720571
0.720547
0.720522
0.720498
0.720474
0.72045
0.720426
0.720401
0.720377
0.720353
0.720329
0.720305
0.72028
0.720256
0.720232
0.720208
0.720183
0.720159
0.720135
0.720111
0.720086
0.720062
0.720038
0.720014
0.719989
0.719965
0.719941
0.719917
0.719892
0.719868
0.719844
0.719819
0.719795
0.719771
0.719747
0.719722
0.719698
0.719674
0.719649
0.719625
0.719601
0.719576
0.719552
0.719528
0.719503
0.719479
0.719455
0.71943
0.719406
0.719382
0.719357
0.719333
0.719309
0.719284
0.71926
0.719235
0.719211
0.719187
0.719162
0.719138
0.719113
0.719089
0.719065
0.71904
0.719016
0.718991
0.718967
0.718943
0.718918
0.718894
0.718869
0.718845
0.71882
0.718796
0.718771
0.718747
0.718723
0.718698
0.718674
0.718649
0.718625
0.7186
0.718576
0.718551
0.718527
0.718502
0.718478
0.718453
0.718429
0.718404
0.71838
0.718355
0.718331
0.718306
0.718282
0.718257
0.718233
0.718208
0.718183
0.718159
0.718134
0.71811
0.718085
0.718061
0.718036
0.718012
0.717987
0.717962
0.717938
0.717913
0.717889
0.717864
0.71784
0.717815
0.71779
0.717766
0.717741
0.717717
0.717692
0.717667
0.717643
0.717618
0.717593
0.717569
0.717544
0.717519
0.717495
0.71747
0.717446
0.717421
0.717396
0.717372
0.717347
0.717322
0.717298
0.717273
0.717248
0.717223
0.717199
0.717174
0.717149
0.717125
0.7171
0.717075
0.717051
0.717026
0.717001
0.716976
0.716952
0.716927
0.716902
0.716878
0.716853
0.716828
0.716803
0.716779
0.716754
0.716729
0.716704
0.716679
0.716655
0.71663
0.716605
0.71658
0.716556
0.716531
0.716506
0.716481
0.716456
0.716432
0.716407
0.716382
0.716357
0.716332
0.716308
0.716283
0.716258
0.716233
0.716208
0.716183
0.716158
0.716134
0.716109
0.716084
0.716059
0.716034
0.716009
0.715984
0.71596
0.715935
0.71591
0.715885
0.71586
0.715835
0.71581
0.715785
0.71576
0.715736
0.715711
0.715686
0.715661
0.715636
0.715611
0.715586
0.715561
0.715536
0.715511
0.715486
0.715461
0.715436
0.715411
0.715386
0.715361
0.715337
0.715312
0.715287
0.715262
0.715237
0.715212
0.715187
0.715162
0.715137
0.715112
0.715087
0.715062
0.715037
0.715012
0.714987
0.714962
0.714937
0.714912
0.714886
0.714861
0.714836
0.714811
0.714786
0.714761
0.714736
0.714711
0.714686
0.714661
0.714636
0.714611
0.714586
0.714561
0.714536
0.714511
0.714485
0.71446
0.714435
0.71441
0.714385
0.71436
0.714335
0.71431
0.714285
0.714259
0.714234
0.714209
0.714184
0.714159
0.714134
0.714109
0.714083
0.714058
0.714033
0.714008
0.713983
0.713958
0.713932
0.713907
0.713882
0.713857
0.713832
0.713807
0.713781
0.713756
0.713731
0.713706
0.713681
0.713655
0.71363
0.713605
0.71358
0.713554
0.713529
0.713504
0.713479
0.713453
0.713428
0.713403
0.713378
0.713352
0.713327
0.713302
0.713277
0.713251
0.713226
0.713201
0.713176
0.71315
0.713125
0.7131
0.713074
0.713049
0.713024
0.712998
0.712973
0.712948
0.712923
0.712897
0.712872
0.712847
0.712821
0.712796
0.712771
0.712745
0.71272
0.712694
0.712669
0.712644
0.712618
0.712593
0.712568
0.712542
0.712517
0.712492
0.712466
0.712441
0.712415
0.71239
0.712365
0.712339
0.712314
0.712288
0.712263
0.712237
0.712212
0.712187
0.712161
0.712136
0.71211
0.712085
0.712059
0.712034
0.712009
0.711983
0.711958
0.711932
0.711907
0.711881
0.711856
0.71183
0.711805
0.711779
0.711754
0.711728
0.711703
0.711677
0.711652
0.711626
0.711601
0.711575
0.71155
0.711524
0.711499
0.711473
0.711448
0.711422
0.711397
0.711371
0.711345
0.71132
0.711294
0.711269
0.711243
0.711218
0.711192
0.711167
0.711141
0.711115
0.71109
0.711064
0.711039
0.711013
0.710987
0.710962
0.710936
0.710911
0.710885
0.710859
0.710834
0.710808
0.710783
0.710757
0.710731
0.710706
0.71068
0.710654
0.710629
0.710603
0.710577
0.710552
0.710526
0.7105
0.710475
0.710449
0.710423
0.710398
0.710372
0.710346
0.710321
0.710295
0.710269
0.710243
0.710218
0.710192
0.710166
0.710141
0.710115
0.710089
0.710063
0.710038
0.710012
0.709986
0.709961
0.709935
0.709909
0.709883
0.709857
0.709832
0.709806
0.70978
0.709754
0.709729
0.709703
0.709677
0.709651
0.709626
0.7096
0.709574
0.709548
0.709522
0.709496
0.709471
0.709445
0.709419
0.709393
0.709367
0.709342
0.709316
0.70929
0.709264
0.709238
0.709212
0.709186
0.709161
0.709135
0.709109
0.709083
0.709057
0.709031
0.709005
0.70898
0.708954
0.708928
0.708902
0.708876
0.70885
0.708824
0.708798
0.708772
0.708746
0.708721
0.708695
0.708669
0.708643
0.708617
0.708591
0.708565
0.708539
0.708513
0.708487
0.708461
0.708435
0.708409
0.708383
0.708357
0.708331
0.708305
0.708279
0.708253
0.708227
0.708201
0.708175
0.708149
0.708123
0.708097
0.708071
0.708045
0.708019
0.707993
0.707967
0.707941
0.707915
0.707889
0.707863
0.707837
0.707811
0.707785
0.707759
0.707733
0.707707
0.707681
0.707655
0.707629
0.707603
0.707576
0.70755
0.707524
0.707498
0.707472
0.707446
0.70742
0.707394
0.707368
0.707342
0.707316
0.707289
0.707263
0.707237
0.707211
0.707185
0.707159
0.707133
0.707106
0.70708
0.707054
0.707028
0.707002
0.706976
0.70695
0.706923
0.706897
0.706871
0.706845
0.706819
0.706792
0.706766
0.70674
0.706714
0.706688
0.706661
0.706635
0.706609
0.706583
0.706557
0.70653
0.706504
0.706478
0.706452
0.706425
0.706399
0.706373
0.706347
0.706321
0.706294
0.706268
0.706242
0.706215
0.706189
0.706163
0.706137
0.70611
0.706084
0.706058
0.706032
0.706005
0.705979
0.705953
0.705926
0.7059
0.705874
0.705847
0.705821
0.705795
0.705768
0.705742
0.705716
0.705689
0.705663
0.705637
0.70561
0.705584
0.705558
0.705531
0.705505
0.705479
0.705452
0.705426
0.705399
0.705373
0.705347
0.70532
0.705294
0.705268
0.705241
0.705215
0.705188
0.705162
0.705135
0.705109
0.705083
0.705056
0.70503
0.705003
0.704977
0.70495
0.704924
0.704898
0.704871
0.704845
0.704818
0.704792
0.704765
0.704739
0.704712
0.704686
0.704659
0.704633
0.704606
0.70458
0.704553
0.704527
0.704501
0.704474
0.704447
0.704421
0.704394
0.704368
0.704341
0.704315
0.704288
0.704262
0.704235
0.704209
0.704182
0.704156
0.704129
0.704103
0.704076
0.704049
0.704023
0.703996
0.70397
0.703943
0.703917
0.70389
0.703863
0.703837
0.70381
0.703784
0.703757
0.70373
0.703704
0.703677
0.703651
0.703624
0.703597
0.703571
0.703544
0.703518
0.703491
0.703464
0.703438
0.703411
0.703384
0.703358
0.703331
0.703304
0.703278
0.703251
0.703224
0.703198
0.703171
0.703144
0.703118
0.703091
0.703064
0.703038
0.703011
0.702984
0.702957
0.702931
0.702904
0.702877
0.702851
0.702824
0.702797
0.70277
0.702744
0.702717
0.70269
0.702663
0.702637
0.70261
0.702583
0.702556
0.70253
0.702503
0.702476
0.702449
0.702423
0.702396
0.702369
0.702342
0.702315
0.702289
0.702262
0.702235
0.702208
0.702181
0.702155
0.702128
0.702101
0.702074
0.702047
0.70202
0.701994
0.701967
0.70194
0.701913
0.701886
0.701859
0.701833
0.701806
0.701779
0.701752
0.701725
0.701698
0.701671
0.701644
0.701618
0.701591
0.701564
0.701537
0.70151
0.701483
0.701456
0.701429
0.701402
0.701375
0.701349
0.701322
0.701295
0.701268
0.701241
0.701214
0.701187
0.70116
0.701133
0.701106
0.701079
0.701052
0.701025
0.700998
0.700971
0.700944
0.700917
0.70089
0.700863
0.700836
0.700809
0.700782
0.700755
0.700728
0.700701
0.700674
0.700647
0.70062
0.700593
0.700566
0.700539
0.700512
0.700485
0.700458
0.700431
0.700404
0.700377
0.70035
0.700323
0.700296
0.700269
0.700242
0.700215
0.700188
0.700161
0.700133
0.700106
0.700079
0.700052
0.700025
0.699998
0.699971
0.699944
0.699917
0.69989
0.699863
0.699835
0.699808
0.699781
0.699754
0.699727
0.6997
0.699673
0.699645
0.699618
0.699591
0.699564
0.699537
0.69951
0.699483
0.699455
0.699428
0.699401
0.699374
0.699347
0.699319
0.699292
0.699265
0.699238
0.699211
0.699183
0.699156
0.699129
0.699102
0.699075
0.699047
0.69902
0.698993
0.698966
0.698939
0.698911
0.698884
0.698857
0.69883
0.698802
0.698775
0.698748
0.698721
0.698693
0.698666
0.698639
0.698611
0.698584
0.698557
0.69853
0.698502
0.698475
0.698448
0.69842
0.698393
0.698366
0.698338
0.698311
0.698284
0.698257
0.698229
0.698202
0.698175
0.698147
0.69812
0.698092
0.698065
0.698038
0.69801
0.697983
0.697956
0.697928
0.697901
0.697874
0.697846
0.697819
0.697791
0.697764
0.697737
0.697709
0.697682
0.697655
0.697627
0.6976
0.697572
0.697545
0.697517
0.69749
0.697463
0.697435
0.697408
0.69738
0.697353
0.697325
0.697298
0.697271
0.697243
0.697216
0.697188
0.697161
0.697133
0.697106
0.697078
0.697051
0.697023
0.696996
0.696968
0.696941
0.696913
0.696886
0.696858
0.696831
0.696803
0.696776
0.696748
0.696721
0.696693
0.696666
0.696638
0.696611
0.696583
0.696556
0.696528
0.696501
0.696473
0.696445
0.696418
0.69639
0.696363
0.696335
0.696308
0.69628
0.696252
0.696225
0.696197
0.69617
0.696142
0.696115
0.696087
0.696059
0.696032
0.696004
0.695976
0.695949
0.695921
0.695894
0.695866
0.695838
0.695811
0.695783
0.695755
0.695728
0.6957
0.695672
0.695645
0.695617
0.69559
0.695562
0.695534
0.695507
0.695479
0.695451
0.695423
0.695396
0.695368
0.69534
0.695313
0.695285
0.695257
0.69523
0.695202
0.695174
0.695146
0.695119
0.695091
0.695063
0.695036
0.695008
0.69498
0.694952
0.694925
0.694897
0.694869
0.694841
0.694814
0.694786
0.694758
0.69473
0.694702
0.694675
0.694647
0.694619
0.694591
0.694564
0.694536
0.694508
0.69448
0.694452
0.694425
0.694397
0.694369
0.694341
0.694313
0.694285
0.694258
0.69423
0.694202
0.694174
0.694146
0.694118
0.694091
0.694063
0.694035
0.694007
0.693979
0.693951
0.693923
0.693896
0.693868
0.69384
0.693812
0.693784
0.693756
0.693728
0.6937
0.693672
0.693644
0.693617
0.693589
0.693561
0.693533
0.693505
0.693477
0.693449
0.693421
0.693393
0.693365
0.693337
0.693309
0.693281
0.693253
0.693225
0.693197
0.69317
0.693142
0.693114
0.693086
0.693058
0.69303
0.693002
0.692974
0.692946
0.692918
0.69289
0.692862
0.692834
0.692806
0.692778
0.69275
0.692722
0.692694
0.692666
0.692638
0.692609
0.692581
0.692553
0.692525
0.692497
0.692469
0.692441
0.692413
0.692385
0.692357
0.692329
0.692301
0.692273
0.692245
0.692217
0.692189
0.69216
0.692132
0.692104
0.692076
0.692048
0.69202
0.691992
0.691964
0.691936
0.691907
0.691879
0.691851
0.691823
0.691795
0.691767
0.691739
0.691711
0.691682
0.691654
0.691626
0.691598
0.69157
0.691542
0.691513
0.691485
0.691457
0.691429
0.691401
0.691373
0.691344
0.691316
0.691288
0.69126
0.691232
0.691203
0.691175
0.691147
0.691119
0.69109
0.691062
0.691034
0.691006
0.690978
0.690949
0.690921
0.690893
0.690865
0.690836
0.690808
0.69078
0.690752
0.690723
0.690695
0.690667
0.690638
0.69061
0.690582
0.690554
0.690525
0.690497
0.690469
0.69044
0.690412
0.690384
0.690356
0.690327
0.690299
0.690271
0.690242
0.690214
0.690186
0.690157
0.690129
0.690101
0.690072
0.690044
0.690016
0.689987
0.689959
0.68993
0.689902
0.689874
0.689845
0.689817
0.689789
0.68976
0.689732
0.689703
0.689675
0.689647
0.689618
0.68959
0.689561
0.689533
0.689505
0.689476
0.689448
0.689419
0.689391
0.689362
0.689334
0.689306
0.689277
0.689249
0.68922
0.689192
0.689163
0.689135
0.689106
0.689078
0.689049
0.689021
0.688993
0.688964
0.688936
0.688907
0.688879
0.68885
0.688822
0.688793
0.688765
0.688736
0.688708
0.688679
0.688651
0.688622
0.688594
0.688565
0.688536
0.688508
0.688479
0.688451
0.688422
0.688394
0.688365
0.688337
0.688308
0.68828
0.688251
0.688222
0.688194
0.688165
0.688137
0.688108
0.68808
0.688051
0.688022
0.687994
0.687965
0.687937
0.687908
0.687879
0.687851
0.687822
0.687793
0.687765
0.687736
0.687708
0.687679
0.68765
0.687622
0.687593
0.687564
0.687536
0.687507
0.687478
0.68745
0.687421
0.687392
0.687364
0.687335
0.687306
0.687278
0.687249
0.68722
0.687192
0.687163
0.687134
0.687106
0.687077
0.687048
0.687019
0.686991
0.686962
0.686933
0.686905
0.686876
0.686847
0.686818
0.68679
0.686761
0.686732
0.686703
0.686675
0.686646
0.686617
0.686588
0.68656
0.686531
0.686502
0.686473
0.686445
0.686416
0.686387
0.686358
0.686329
0.686301
0.686272
0.686243
0.686214
0.686185
0.686157
0.686128
0.686099
0.68607
0.686041
0.686012
0.685984
0.685955
0.685926
0.685897
0.685868
0.685839
0.685811
0.685782
0.685753
0.685724
0.685695
0.685666
0.685637
0.685608
0.68558
0.685551
0.685522
0.685493
0.685464
0.685435
0.685406
0.685377
0.685348
0.685319
0.685291
0.685262
0.685233
0.685204
0.685175
0.685146
0.685117
0.685088
0.685059
0.68503
0.685001
0.684972
0.684943
0.684914
0.684885
0.684856
0.684827
0.684798
0.68477
0.684741
0.684712
0.684683
0.684654
0.684625
0.684596
0.684567
0.684538
0.684509
0.68448
0.684451
0.684422
0.684393
0.684363
0.684334
0.684305
0.684276
0.684247
0.684218
0.684189
0.68416
0.684131
0.684102
0.684073
0.684044
0.684015
0.683986
0.683957
0.683928
0.683899
0.68387
0.68384
0.683811
0.683782
0.683753
0.683724
0.683695
0.683666
0.683637
0.683608
0.683579
0.683549
0.68352
0.683491
0.683462
0.683433
0.683404
0.683375
0.683346
0.683316
0.683287
0.683258
0.683229
0.6832
0.683171
0.683141
0.683112
0.683083
0.683054
0.683025
0.682996
0.682966
0.682937
0.682908
0.682879
0.68285
0.68282
0.682791
0.682762
0.682733
0.682704
0.682674
0.682645
0.682616
0.682587
0.682557
0.682528
0.682499
0.68247
0.68244
0.682411
0.682382
0.682353
0.682323
0.682294
0.682265
0.682236
0.682206
0.682177
0.682148
0.682119
0.682089
0.68206
0.682031
0.682001
0.681972
0.681943
0.681913
0.681884
0.681855
0.681826
0.681796
0.681767
0.681738
0.681708
0.681679
0.68165
0.68162
0.681591
0.681562
0.681532
0.681503
0.681473
0.681444
0.681415
0.681385
0.681356
0.681327
0.681297
0.681268
0.681238
0.681209
0.68118
0.68115
0.681121
0.681092
0.681062
0.681033
0.681003
0.680974
0.680944
0.680915
0.680886
0.680856
0.680827
0.680797
0.680768
0.680738
0.680709
0.68068
0.68065
0.680621
0.680591
0.680562
0.680532
0.680503
0.680473
0.680444
0.680414
0.680385
0.680355
0.680326
0.680296
0.680267
0.680237
0.680208
0.680178
0.680149
0.680119
0.68009
0.68006
0.680031
0.680001
0.679972
0.679942
0.679913
0.679883
0.679854
0.679824
0.679795
0.679765
0.679735
0.679706
0.679676
0.679647
0.679617
0.679588
0.679558
0.679529
0.679499
0.679469
0.67944
0.67941
0.679381
0.679351
0.679321
0.679292
0.679262
0.679233
0.679203
0.679173
0.679144
0.679114
0.679084
0.679055
0.679025
0.678996
0.678966
0.678936
0.678907
0.678877
0.678847
0.678818
0.678788
0.678758
0.678729
0.678699
0.678669
0.67864
0.67861
0.67858
0.678551
0.678521
0.678491
0.678461
0.678432
0.678402
0.678372
0.678343
0.678313
0.678283
0.678254
0.678224
0.678194
0.678164
0.678135
0.678105
0.678075
0.678045
0.678016
0.677986
0.677956
0.677926
0.677897
0.677867
0.677837
0.677807
0.677778
0.677748
0.677718
0.677688
0.677658
0.677629
0.677599
0.677569
0.677539
0.677509
0.67748
0.67745
0.67742
0.67739
0.67736
0.677331
0.677301
0.677271
0.677241
0.677211
0.677181
0.677152
0.677122
0.677092
0.677062
0.677032
0.677002
0.676972
0.676943
0.676913
0.676883
0.676853
0.676823
0.676793
0.676763
0.676733
0.676703
0.676674
0.676644
0.676614
0.676584
0.676554
0.676524
0.676494
0.676464
0.676434
0.676404
0.676374
0.676345
0.676315
0.676285
0.676255
0.676225
0.676195
0.676165
0.676135
0.676105
0.676075
0.676045
0.676015
0.675985
0.675955
0.675925
0.675895
0.675865
0.675835
0.675805
0.675775
0.675745
0.675715
0.675685
0.675655
0.675625
0.675595
0.675565
0.675535
0.675505
0.675475
0.675445
0.675415
0.675385
0.675355
0.675325
0.675295
0.675265
0.675235
0.675205
0.675175
0.675145
0.675114
0.675084
0.675054
0.675024
0.674994
0.674964
0.674934
0.674904
0.674874
0.674844
0.674814
0.674783
0.674753
0.674723
0.674693
0.674663
0.674633
0.674603
0.674573
0.674543
0.674512
0.674482
0.674452
0.674422
0.674392
0.674362
0.674332
0.674301
0.674271
0.674241
0.674211
0.674181
0.674151
0.67412
0.67409
0.67406
0.67403
0.674
0.673969
0.673939
0.673909
0.673879
0.673849
0.673818
0.673788
0.673758
0.673728
0.673698
0.673667
0.673637
0.673607
0.673577
0.673546
0.673516
0.673486
0.673456
0.673425
0.673395
0.673365
0.673335
0.673304
0.673274
0.673244
0.673214
0.673183
0.673153
0.673123
0.673092
0.673062
0.673032
0.673002
0.672971
0.672941
0.672911
0.67288
0.67285
0.67282
0.672789
0.672759
0.672729
0.672698
0.672668
0.672638
0.672607
0.672577
0.672547
0.672516
0.672486
0.672456
0.672425
0.672395
0.672365
0.672334
0.672304
0.672273
0.672243
0.672213
0.672182
0.672152
0.672122
0.672091
0.672061
0.67203
0.672
0.67197
0.671939
0.671909
0.671878
0.671848
0.671817
0.671787
0.671757
0.671726
0.671696
0.671665
0.671635
0.671604
0.671574
0.671543
0.671513
0.671483
0.671452
0.671422
0.671391
0.671361
0.67133
0.6713
0.671269
0.671239
0.671208
0.671178
0.671147
0.671117
0.671086
0.671056
0.671025
0.670995
0.670964
0.670934
0.670903
0.670873
0.670842
0.670812
0.670781
0.670751
0.67072
0.670689
0.670659
0.670628
0.670598
0.670567
0.670537
0.670506
0.670476
0.670445
0.670414
0.670384
0.670353
0.670323
0.670292
0.670261
0.670231
0.6702
0.67017
0.670139
0.670108
0.670078
0.670047
0.670017
0.669986
0.669955
0.669925
0.669894
0.669864
0.669833
0.669802
0.669772
0.669741
0.66971
0.66968
0.669649
0.669618
0.669588
0.669557
0.669526
0.669496
0.669465
0.669434
0.669404
0.669373
0.669342
0.669312
0.669281
0.66925
0.66922
0.669189
0.669158
0.669127
0.669097
0.669066
0.669035
0.669005
0.668974
0.668943
0.668912
0.668882
0.668851
0.66882
0.668789
0.668759
0.668728
0.668697
0.668666
0.668636
0.668605
0.668574
0.668543
0.668513
0.668482
0.668451
0.66842
0.668389
0.668359
0.668328
0.668297
0.668266
0.668235
0.668205
0.668174
0.668143
0.668112
0.668081
0.668051
0.66802
0.667989
0.667958
0.667927
0.667896
0.667866
0.667835
0.667804
0.667773
0.667742
0.667711
0.66768
0.66765
0.667619
0.667588
0.667557
0.667526
0.667495
0.667464
0.667433
0.667402
0.667372
0.667341
0.66731
0.667279
0.667248
0.667217
0.667186
0.667155
0.667124
0.667093
0.667062
0.667032
0.667001
0.66697
0.666939
0.666908
0.666877
0.666846
0.666815
0.666784
0.666753
0.666722
0.666691
0.66666
0.666629
0.666598
0.666567
0.666536
0.666505
0.666474
0.666443
0.666412
0.666381
0.66635
0.666319
0.666288
0.666257
0.666226
0.666195
0.666164
0.666133
0.666102
0.666071
0.66604
0.666009
0.665978
0.665947
0.665916
0.665885
0.665854
0.665823
0.665792
0.665761
0.66573
0.665699
0.665668
0.665636
0.665605
0.665574
0.665543
0.665512
0.665481
0.66545
0.665419
0.665388
0.665357
0.665326
0.665294
0.665263
0.665232
0.665201
0.66517
0.665139
0.665108
0.665077
0.665045
0.665014
0.664983
0.664952
0.664921
0.66489
0.664859
0.664827
0.664796
0.664765
0.664734
0.664703
0.664672
0.66464
0.664609
0.664578
0.664547
0.664516
0.664484
0.664453
0.664422
0.664391
0.66436
0.664328
0.664297
0.664266
0.664235
0.664204
0.664172
0.664141
0.66411
0.664079
0.664047
0.664016
0.663985
0.663954
0.663923
0.663891
0.66386
0.663829
0.663797
0.663766
0.663735
0.663704
0.663672
0.663641
0.66361
0.663579
0.663547
0.663516
0.663485
0.663453
0.663422
0.663391
0.663359
0.663328
0.663297
0.663266
0.663234
0.663203
0.663172
0.66314
0.663109
0.663078
0.663046
0.663015
0.662984
0.662952
0.662921
0.66289
0.662858
0.662827
0.662795
0.662764
0.662733
0.662701
0.66267
0.662639
0.662607
0.662576
0.662544
0.662513
0.662482
0.66245
0.662419
0.662387
0.662356
0.662325
0.662293
0.662262
0.66223
0.662199
0.662168
0.662136
0.662105
0.662073
0.662042
0.66201
0.661979
0.661947
0.661916
0.661885
0.661853
0.661822
0.66179
0.661759
0.661727
0.661696
0.661664
0.661633
0.661601
0.66157
0.661538
0.661507
0.661475
0.661444
0.661412
0.661381
0.661349
0.661318
0.661286
0.661255
0.661223
0.661192
0.66116
0.661129
0.661097
0.661066
0.661034
0.661003
0.660971
0.660939
0.660908
0.660876
0.660845
0.660813
0.660782
0.66075
0.660719
0.660687
0.660655
0.660624
0.660592
0.660561
0.660529
0.660497
0.660466
0.660434
0.660403
0.660371
0.660339
0.660308
0.660276
0.660245
0.660213
0.660181
0.66015
0.660118
0.660086
0.660055
0.660023
0.659992
0.65996
0.659928
0.659897
0.659865
0.659833
0.659802
0.65977
0.659738
0.659707
0.659675
0.659643
0.659612
0.65958
0.659548
0.659516
0.659485
0.659453
0.659421
0.65939
0.659358
0.659326
0.659295
0.659263
0.659231
0.659199
0.659168
0.659136
0.659104
0.659072
0.659041
0.659009
0.658977
0.658946
0.658914
0.658882
0.65885
0.658819
0.658787
0.658755
0.658723
0.658691
0.65866
0.658628
0.658596
0.658564
0.658533
0.658501
0.658469
0.658437
0.658405
0.658374
0.658342
0.65831
0.658278
0.658246
0.658214
0.658183
0.658151
0.658119
0.658087
0.658055
0.658024
0.657992
0.65796
0.657928
0.657896
0.657864
0.657832
0.657801
0.657769
0.657737
0.657705
0.657673
0.657641
0.657609
0.657577
0.657546
0.657514
0.657482
0.65745
0.657418
0.657386
0.657354
0.657322
0.65729
0.657258
0.657227
0.657195
0.657163
0.657131
0.657099
0.657067
0.657035
0.657003
0.656971
0.656939
0.656907
0.656875
0.656843
0.656811
0.656779
0.656747
0.656715
0.656683
0.656652
0.65662
0.656588
0.656556
0.656524
0.656492
0.65646
0.656428
0.656396
0.656364
0.656332
0.6563
0.656268
0.656236
0.656204
0.656172
0.65614
0.656108
0.656076
0.656043
0.656011
0.655979
0.655947
0.655915
0.655883
0.655851
0.655819
0.655787
0.655755
0.655723
0.655691
0.655659
0.655627
0.655595
0.655563
0.655531
0.655498
0.655466
0.655434
0.655402
0.65537
0.655338
0.655306
0.655274
0.655242
0.65521
0.655177
0.655145
0.655113
0.655081
0.655049
0.655017
0.654985
0.654953
0.65492
0.654888
0.654856
0.654824
0.654792
0.65476
0.654728
0.654695
0.654663
0.654631
0.654599
0.654567
0.654535
0.654502
0.65447
0.654438
0.654406
0.654374
0.654341
0.654309
0.654277
0.654245
0.654213
0.65418
0.654148
0.654116
0.654084
0.654052
0.654019
0.653987
0.653955
0.653923
0.65389
0.653858
0.653826
0.653794
0.653761
0.653729
0.653697
0.653665
0.653632
0.6536
0.653568
0.653536
0.653503
0.653471
0.653439
0.653406
0.653374
0.653342
0.65331
0.653277
0.653245
0.653213
0.65318
0.653148
0.653116
0.653083
0.653051
0.653019
0.652986
0.652954
0.652922
0.652889
0.652857
0.652825
0.652792
0.65276
0.652728
0.652695
0.652663
0.652631
0.652598
0.652566
0.652534
0.652501
0.652469
0.652436
0.652404
0.652372
0.652339
0.652307
0.652275
0.652242
0.65221
0.652177
0.652145
0.652113
0.65208
0.652048
0.652015
0.651983
0.65195
0.651918
0.651886
0.651853
0.651821
0.651788
0.651756
0.651723
0.651691
0.651658
0.651626
0.651594
0.651561
0.651529
0.651496
0.651464
0.651431
0.651399
0.651366
0.651334
0.651301
0.651269
0.651236
0.651204
0.651171
0.651139
0.651106
0.651074
0.651041
0.651009
0.650976
0.650944
0.650911
0.650879
0.650846
0.650814
0.650781
0.650749
0.650716
0.650684
0.650651
0.650618
0.650586
0.650553
0.650521
0.650488
0.650456
0.650423
0.650391
0.650358
0.650325
0.650293
0.65026
0.650228
0.650195
0.650162
0.65013
0.650097
0.650065
0.650032
0.649999
0.649967
0.649934
0.649902
0.649869
0.649836
0.649804
0.649771
0.649739
0.649706
0.649673
0.649641
0.649608
0.649575
0.649543
0.64951
0.649477
0.649445
0.649412
0.649379
0.649347
0.649314
0.649281
0.649249
0.649216
0.649183
0.649151
0.649118
0.649085
0.649053
0.64902
0.648987
0.648954
0.648922
0.648889
0.648856
0.648824
0.648791
0.648758
0.648725
0.648693
0.64866
0.648627
0.648595
0.648562
0.648529
0.648496
0.648464
0.648431
0.648398
0.648365
0.648333
0.6483
0.648267
0.648234
0.648201
0.648169
0.648136
0.648103
0.64807
0.648038
0.648005
0.647972
0.647939
0.647906
0.647874
0.647841
0.647808
0.647775
0.647742
0.64771
0.647677
0.647644
0.647611
0.647578
0.647545
0.647513
0.64748
0.647447
0.647414
0.647381
0.647348
0.647315
0.647283
0.64725
0.647217
0.647184
0.647151
0.647118
0.647085
0.647052
0.64702
0.646987
0.646954
0.646921
0.646888
0.646855
0.646822
0.646789
0.646756
0.646724
0.646691
0.646658
0.646625
0.646592
0.646559
0.646526
0.646493
0.64646
0.646427
0.646394
0.646361
0.646328
0.646295
0.646262
0.64623
0.646197
0.646164
0.646131
0.646098
0.646065
0.646032
0.645999
0.645966
0.645933
0.6459
0.645867
0.645834
0.645801
0.645768
0.645735
0.645702
0.645669
0.645636
0.645603
0.64557
0.645537
0.645504
0.645471
0.645438
0.645405
0.645372
0.645339
0.645306
0.645273
0.64524
0.645206
0.645173
0.64514
0.645107
0.645074
0.645041
0.645008
0.644975
0.644942
0.644909
0.644876
0.644843
0.64481
0.644777
0.644743
0.64471
0.644677
0.644644
0.644611
0.644578
0.644545
0.644512
0.644479
0.644446
0.644412
0.644379
0.644346
0.644313
0.64428
0.644247
0.644214
0.644181
0.644147
0.644114
0.644081
0.644048
0.644015
0.643982
0.643948
0.643915
0.643882
0.643849
0.643816
0.643783
0.643749
0.643716
0.643683
0.64365
0.643617
0.643583
0.64355
0.643517
0.643484
0.643451
0.643417
0.643384
0.643351
0.643318
0.643285
0.643251
0.643218
0.643185
0.643152
0.643118
0.643085
0.643052
0.643019
0.642985
0.642952
0.642919
0.642886
0.642852
0.642819
0.642786
0.642753
0.642719
0.642686
0.642653
0.64262
0.642586
0.642553
0.64252
0.642486
0.642453
0.64242
0.642386
0.642353
0.64232
0.642287
0.642253
0.64222
0.642187
0.642153
0.64212
0.642087
0.642053
0.64202
0.641987
0.641953
0.64192
0.641887
0.641853
0.64182
0.641787
0.641753
0.64172
0.641686
0.641653
0.64162
0.641586
0.641553
0.64152
0.641486
0.641453
0.641419
0.641386
0.641353
0.641319
0.641286
0.641252
0.641219
0.641186
0.641152
0.641119
0.641085
0.641052
0.641019
0.640985
0.640952
0.640918
0.640885
0.640851
0.640818
0.640785
0.640751
0.640718
0.640684
0.640651
0.640617
0.640584
0.64055
0.640517
0.640483
0.64045
0.640416
0.640383
0.64035
0.640316
0.640283
0.640249
0.640216
0.640182
0.640149
0.640115
0.640082
0.640048
0.640015
0.639981
0.639947
0.639914
0.63988
0.639847
0.639813
0.63978
0.639746
0.639713
0.639679
0.639646
0.639612
0.639579
0.639545
0.639511
0.639478
0.639444
0.639411
0.639377
0.639344
0.63931
0.639277
0.639243
0.639209
0.639176
0.639142
0.639109
0.639075
0.639041
0.639008
0.638974
0.638941
0.638907
0.638873
0.63884
0.638806
0.638773
0.638739
0.638705
0.638672
0.638638
0.638604
0.638571
0.638537
0.638503
0.63847
0.638436
0.638402
0.638369
0.638335
0.638302
0.638268
0.638234
0.638201
0.638167
0.638133
0.638099
0.638066
0.638032
0.637998
0.637965
0.637931
0.637897
0.637864
0.63783
0.637796
0.637763
0.637729
0.637695
0.637661
0.637628
0.637594
0.63756
0.637526
0.637493
0.637459
0.637425
0.637392
0.637358
0.637324
0.63729
0.637257
0.637223
0.637189
0.637155
0.637121
0.637088
0.637054
0.63702
0.636986
0.636953
0.636919
0.636885
0.636851
0.636817
0.636784
0.63675
0.636716
0.636682
0.636648
0.636615
0.636581
0.636547
0.636513
0.636479
0.636446
0.636412
0.636378
0.636344
0.63631
0.636276
0.636243
0.636209
0.636175
0.636141
0.636107
0.636073
0.636039
0.636006
0.635972
0.635938
0.635904
0.63587
0.635836
0.635802
0.635769
0.635735
0.635701
0.635667
0.635633
0.635599
0.635565
0.635531
0.635497
0.635463
0.63543
0.635396
0.635362
0.635328
0.635294
0.63526
0.635226
0.635192
0.635158
0.635124
0.63509
0.635056
0.635022
0.634988
0.634955
0.634921
0.634887
0.634853
0.634819
0.634785
0.634751
0.634717
0.634683
0.634649
0.634615
0.634581
0.634547
0.634513
0.634479
0.634445
0.634411
0.634377
0.634343
0.634309
0.634275
0.634241
0.634207
0.634173
0.634139
0.634105
0.634071
0.634037
0.634003
0.633969
0.633935
0.633901
0.633867
0.633832
0.633798
0.633764
0.63373
0.633696
0.633662
0.633628
0.633594
0.63356
0.633526
0.633492
0.633458
0.633424
0.63339
0.633356
0.633321
0.633287
0.633253
0.633219
0.633185
0.633151
0.633117
0.633083
0.633049
0.633015
0.63298
0.632946
0.632912
0.632878
0.632844
0.63281
0.632776
0.632741
0.632707
0.632673
0.632639
0.632605
0.632571
0.632537
0.632502
0.632468
0.632434
0.6324
0.632366
0.632332
0.632297
0.632263
0.632229
0.632195
0.632161
0.632126
0.632092
0.632058
0.632024
0.63199
0.631955
0.631921
0.631887
0.631853
0.631819
0.631784
0.63175
0.631716
0.631682
0.631648
0.631613
0.631579
0.631545
0.631511
0.631476
0.631442
0.631408
0.631374
0.631339
0.631305
0.631271
0.631237
0.631202
0.631168
0.631134
0.631099
0.631065
0.631031
0.630997
0.630962
0.630928
0.630894
0.630859
0.630825
0.630791
0.630756
0.630722
0.630688
0.630654
0.630619
0.630585
0.630551
0.630516
0.630482
0.630448
0.630413
0.630379
0.630345
0.63031
0.630276
0.630242
0.630207
0.630173
0.630139
0.630104
0.63007
0.630035
0.630001
0.629967
0.629932
0.629898
0.629864
0.629829
0.629795
0.62976
0.629726
0.629692
0.629657
0.629623
0.629588
0.629554
0.62952
0.629485
0.629451
0.629416
0.629382
0.629347
0.629313
0.629279
0.629244
0.62921
0.629175
0.629141
0.629106
0.629072
0.629038
0.629003
0.628969
0.628934
0.6289
0.628865
0.628831
0.628796
0.628762
0.628727
0.628693
0.628658
0.628624
0.628589
0.628555
0.62852
0.628486
0.628452
0.628417
0.628383
0.628348
0.628313
0.628279
0.628244
0.62821
0.628175
0.628141
0.628106
0.628072
0.628037
0.628003
0.627968
0.627934
0.627899
0.627865
0.62783
0.627796
0.627761
0.627726
0.627692
0.627657
0.627623
0.627588
0.627554
0.627519
0.627484
0.62745
0.627415
0.627381
0.627346
0.627312
0.627277
0.627242
0.627208
0.627173
0.627139
0.627104
0.627069
0.627035
0.627
0.626965
0.626931
0.626896
0.626862
0.626827
0.626792
0.626758
0.626723
0.626688
0.626654
0.626619
0.626584
0.62655
0.626515
0.62648
0.626446
0.626411
0.626377
0.626342
0.626307
0.626272
0.626238
0.626203
0.626168
0.626134
0.626099
0.626064
0.62603
0.625995
0.62596
0.625926
0.625891
0.625856
0.625821
0.625787
0.625752
0.625717
0.625683
0.625648
0.625613
0.625578
0.625544
0.625509
0.625474
0.625439
0.625405
0.62537
0.625335
0.6253
0.625266
0.625231
0.625196
0.625161
0.625127
0.625092
0.625057
0.625022
0.624988
0.624953
0.624918
0.624883
0.624848
0.624814
0.624779
0.624744
0.624709
0.624674
0.62464
0.624605
0.62457
0.624535
0.6245
0.624465
0.624431
0.624396
0.624361
0.624326
0.624291
0.624256
0.624222
0.624187
0.624152
0.624117
0.624082
0.624047
0.624013
0.623978
0.623943
0.623908
0.623873
0.623838
0.623803
0.623768
0.623734
0.623699
0.623664
0.623629
0.623594
0.623559
0.623524
0.623489
0.623454
0.62342
0.623385
0.62335
0.623315
0.62328
0.623245
0.62321
0.623175
0.62314
0.623105
0.62307
0.623035
0.623
0.622966
0.622931
0.622896
0.622861
0.622826
0.622791
0.622756
0.622721
0.622686
0.622651
0.622616
0.622581
0.622546
0.622511
0.622476
0.622441
0.622406
0.622371
0.622336
0.622301
0.622266
0.622231
0.622196
0.622161
0.622126
0.622091
0.622056
0.622021
0.621986
0.621951
0.621916
0.621881
0.621846
0.621811
0.621776
0.621741
0.621706
0.621671
0.621636
0.621601
0.621566
0.62153
0.621495
0.62146
0.621425
0.62139
0.621355
0.62132
0.621285
0.62125
0.621215
0.62118
0.621145
0.62111
0.621075
0.621039
0.621004
0.620969
0.620934
0.620899
0.620864
0.620829
0.620794
0.620759
0.620723
0.620688
0.620653
0.620618
0.620583
0.620548
0.620513
0.620478
0.620442
0.620407
0.620372
0.620337
0.620302
0.620267
0.620231
0.620196
0.620161
0.620126
0.620091
0.620056
0.62002
0.619985
0.61995
0.619915
0.61988
0.619845
0.619809
0.619774
0.619739
0.619704
0.619669
0.619633
0.619598
0.619563
0.619528
0.619492
0.619457
0.619422
0.619387
0.619352
0.619316
0.619281
0.619246
0.619211
0.619175
0.61914
0.619105
0.61907
0.619034
0.618999
0.618964
0.618929
0.618893
0.618858
0.618823
0.618788
0.618752
0.618717
0.618682
0.618646
0.618611
0.618576
0.618541
0.618505
0.61847
0.618435
0.618399
0.618364
0.618329
0.618293
0.618258
0.618223
0.618188
0.618152
0.618117
0.618082
0.618046
0.618011
0.617976
0.61794
0.617905
0.61787
0.617834
0.617799
0.617764
0.617728
0.617693
0.617657
0.617622
0.617587
0.617551
0.617516
0.617481
0.617445
0.61741
0.617374
0.617339
0.617304
0.617268
0.617233
0.617198
0.617162
0.617127
0.617091
0.617056
0.61702
0.616985
0.61695
0.616914
0.616879
0.616843
0.616808
0.616773
0.616737
0.616702
0.616666
0.616631
0.616595
0.61656
0.616524
0.616489
0.616454
0.616418
0.616383
0.616347
0.616312
0.616276
0.616241
0.616205
0.61617
0.616134
0.616099
0.616063
0.616028
0.615992
0.615957
0.615921
0.615886
0.61585
0.615815
0.615779
0.615744
0.615708
0.615673
0.615637
0.615602
0.615566
0.615531
0.615495
0.61546
0.615424
0.615389
0.615353
0.615318
0.615282
0.615247
0.615211
0.615175
0.61514
0.615104
0.615069
0.615033
0.614998
0.614962
0.614927
0.614891
0.614855
0.61482
0.614784
0.614749
0.614713
0.614677
0.614642
0.614606
0.614571
0.614535
0.614499
0.614464
0.614428
0.614393
0.614357
0.614321
0.614286
0.61425
0.614215
0.614179
0.614143
0.614108
0.614072
0.614036
0.614001
0.613965
0.613929
0.613894
0.613858
0.613823
0.613787
0.613751
0.613716
0.61368
0.613644
0.613609
0.613573
0.613537
0.613502
0.613466
0.61343
0.613394
0.613359
0.613323
0.613287
0.613252
0.613216
0.61318
0.613145
0.613109
0.613073
0.613037
0.613002
0.612966
0.61293
0.612895
0.612859
0.612823
0.612787
0.612752
0.612716
0.61268
0.612644
0.612609
0.612573
0.612537
0.612501
0.612466
0.61243
0.612394
0.612358
0.612323
0.612287
0.612251
0.612215
0.61218
0.612144
0.612108
0.612072
0.612036
0.612001
0.611965
0.611929
0.611893
0.611857
0.611822
0.611786
0.61175
0.611714
0.611678
0.611643
0.611607
0.611571
0.611535
0.611499
0.611463
0.611428
0.611392
0.611356
0.61132
0.611284
0.611248
0.611213
0.611177
0.611141
0.611105
0.611069
0.611033
0.610997
0.610961
0.610926
0.61089
0.610854
0.610818
0.610782
0.610746
0.61071
0.610674
0.610639
0.610603
0.610567
0.610531
0.610495
0.610459
0.610423
0.610387
0.610351
0.610315
0.610279
0.610244
0.610208
0.610172
0.610136
0.6101
0.610064
0.610028
0.609992
0.609956
0.60992
0.609884
0.609848
0.609812
0.609776
0.60974
0.609704
0.609668
0.609632
0.609596
0.60956
0.609525
0.609489
0.609453
0.609417
0.609381
0.609345
0.609309
0.609273
0.609237
0.609201
0.609165
0.609129
0.609093
0.609057
0.609021
0.608985
0.608949
0.608913
0.608876
0.60884
0.608804
0.608768
0.608732
0.608696
0.60866
0.608624
0.608588
0.608552
0.608516
0.60848
0.608444
0.608408
0.608372
0.608336
0.6083
0.608264
0.608228
0.608192
0.608155
0.608119
0.608083
0.608047
0.608011
0.607975
0.607939
0.607903
0.607867
0.607831
0.607795
0.607758
0.607722
0.607686
0.60765
0.607614
0.607578
0.607542
0.607506
0.607469
0.607433
0.607397
0.607361
0.607325
0.607289
0.607253
0.607217
0.60718
0.607144
0.607108
0.607072
0.607036
0.607
0.606963
0.606927
0.606891
0.606855
0.606819
0.606783
0.606746
0.60671
0.606674
0.606638
0.606602
0.606565
0.606529
0.606493
0.606457
0.606421
0.606384
0.606348
0.606312
0.606276
0.60624
0.606203
0.606167
0.606131
0.606095
0.606058
0.606022
0.605986
0.60595
0.605913
0.605877
0.605841
0.605805
0.605768
0.605732
0.605696
0.60566
0.605623
0.605587
0.605551
0.605515
0.605478
0.605442
0.605406
0.60537
0.605333
0.605297
0.605261
0.605224
0.605188
0.605152
0.605116
0.605079
0.605043
0.605007
0.60497
0.604934
0.604898
0.604861
0.604825
0.604789
0.604752
0.604716
0.60468
0.604643
0.604607
0.604571
0.604534
0.604498
0.604462
0.604425
0.604389
0.604353
0.604316
0.60428
0.604244
0.604207
0.604171
0.604134
0.604098
0.604062
0.604025
0.603989
0.603953
0.603916
0.60388
0.603843
0.603807
0.603771
0.603734
0.603698
0.603661
0.603625
0.603589
0.603552
0.603516
0.603479
0.603443
0.603407
0.60337
0.603334
0.603297
0.603261
0.603224
0.603188
0.603151
0.603115
0.603079
0.603042
0.603006
0.602969
0.602933
0.602896
0.60286
0.602823
0.602787
0.60275
0.602714
0.602678
0.602641
0.602605
0.602568
0.602532
0.602495
0.602459
0.602422
0.602386
0.602349
0.602313
0.602276
0.60224
0.602203
0.602167
0.60213
0.602094
0.602057
0.602021
0.601984
0.601947
0.601911
0.601874
0.601838
0.601801
0.601765
0.601728
0.601692
0.601655
0.601619
0.601582
0.601546
0.601509
0.601472
0.601436
0.601399
0.601363
0.601326
0.60129
0.601253
0.601216
0.60118
0.601143
0.601107
0.60107
0.601033
0.600997
0.60096
0.600924
0.600887
0.600851
0.600814
0.600777
0.600741
0.600704
0.600667
0.600631
0.600594
0.600558
0.600521
0.600484
0.600448
0.600411
0.600374
0.600338
0.600301
0.600264
0.600228
0.600191
0.600155
0.600118
0.600081
0.600045
0.600008
0.599971
0.599935
0.599898
0.599861
0.599825
0.599788
0.599751
0.599715
0.599678
0.599641
0.599604
0.599568
0.599531
0.599494
0.599458
0.599421
0.599384
0.599348
0.599311
0.599274
0.599237
0.599201
0.599164
0.599127
0.59909
0.599054
0.599017
0.59898
0.598944
0.598907
0.59887
0.598833
0.598797
0.59876
0.598723
0.598686
0.59865
0.598613
0.598576
0.598539
0.598502
0.598466
0.598429
0.598392
0.598355
0.598319
0.598282
0.598245
0.598208
0.598171
0.598135
0.598098
0.598061
0.598024
0.597987
0.597951
0.597914
0.597877
0.59784
0.597803
0.597767
0.59773
0.597693
0.597656
0.597619
0.597582
0.597546
0.597509
0.597472
0.597435
0.597398
0.597361
0.597325
0.597288
0.597251
0.597214
0.597177
0.59714
0.597103
0.597067
0.59703
0.596993
0.596956
0.596919
0.596882
0.596845
0.596808
0.596771
0.596735
0.596698
0.596661
0.596624
0.596587
0.59655
0.596513
0.596476
0.596439
0.596402
0.596366
0.596329
0.596292
0.596255
0.596218
0.596181
0.596144
0.596107
0.59607
0.596033
0.595996
0.595959
0.595922
0.595885
0.595848
0.595811
0.595775
0.595738
0.595701
0.595664
0.595627
0.59559
0.595553
0.595516
0.595479
0.595442
0.595405
0.595368
0.595331
0.595294
0.595257
0.59522
0.595183
0.595146
0.595109
0.595072
0.595035
0.594998
0.594961
0.594924
0.594887
0.59485
0.594813
0.594776
0.594739
0.594702
0.594665
0.594628
0.594591
0.594554
0.594516
0.594479
0.594442
0.594405
0.594368
0.594331
0.594294
0.594257
0.59422
0.594183
0.594146
0.594109
0.594072
0.594035
0.593998
0.593961
0.593923
0.593886
0.593849
0.593812
0.593775
0.593738
0.593701
0.593664
0.593627
0.59359
0.593552
0.593515
0.593478
0.593441
0.593404
0.593367
0.59333
0.593293
0.593255
0.593218
0.593181
0.593144
0.593107
0.59307
0.593033
0.592996
0.592958
0.592921
0.592884
0.592847
0.59281
0.592773
0.592735
0.592698
0.592661
0.592624
0.592587
0.59255
0.592512
0.592475
0.592438
0.592401
0.592364
0.592326
0.592289
0.592252
0.592215
0.592178
0.59214
0.592103
0.592066
0.592029
0.591992
0.591954
0.591917
0.59188
0.591843
0.591805
0.591768
0.591731
0.591694
0.591657
0.591619
0.591582
0.591545
0.591508
0.59147
0.591433
0.591396
0.591359
0.591321
0.591284
0.591247
0.59121
0.591172
0.591135
0.591098
0.59106
0.591023
0.590986
0.590949
0.590911
0.590874
0.590837
0.590799
0.590762
0.590725
0.590687
0.59065
0.590613
0.590576
0.590538
0.590501
0.590464
0.590426
0.590389
0.590352
0.590314
0.590277
0.59024
0.590202
0.590165
0.590128
0.59009
0.590053
0.590016
0.589978
0.589941
0.589904
0.589866
0.589829
0.589791
0.589754
0.589717
0.589679
0.589642
0.589605
0.589567
0.58953
0.589493
0.589455
0.589418
0.58938
0.589343
0.589306
0.589268
0.589231
0.589193
0.589156
0.589119
0.589081
0.589044
0.589006
0.588969
0.588931
0.588894
0.588857
0.588819
0.588782
0.588744
0.588707
0.588669
0.588632
0.588595
0.588557
0.58852
0.588482
0.588445
0.588407
0.58837
0.588332
0.588295
0.588258
0.58822
0.588183
0.588145
0.588108
0.58807
0.588033
0.587995
0.587958
0.58792
0.587883
0.587845
0.587808
0.58777
0.587733
0.587695
0.587658
0.58762
0.587583
0.587545
0.587508
0.58747
0.587433
0.587395
0.587358
0.58732
0.587283
0.587245
0.587208
0.58717
0.587132
0.587095
0.587057
0.58702
0.586982
0.586945
0.586907
0.58687
0.586832
0.586795
0.586757
0.586719
0.586682
0.586644
0.586607
0.586569
0.586532
0.586494
0.586456
0.586419
0.586381
0.586344
0.586306
0.586268
0.586231
0.586193
0.586156
0.586118
0.58608
0.586043
0.586005
0.585968
0.58593
0.585892
0.585855
0.585817
0.585779
0.585742
0.585704
0.585667
0.585629
0.585591
0.585554
0.585516
0.585478
0.585441
0.585403
0.585365
0.585328
0.58529
0.585252
0.585215
0.585177
0.585139
0.585102
0.585064
0.585026
0.584989
0.584951
0.584913
0.584876
0.584838
0.5848
0.584763
0.584725
0.584687
0.58465
0.584612
0.584574
0.584536
0.584499
0.584461
0.584423
0.584386
0.584348
0.58431
0.584272
0.584235
0.584197
0.584159
0.584122
0.584084
0.584046
0.584008
0.583971
0.583933
0.583895
0.583857
0.58382
0.583782
0.583744
0.583706
0.583669
0.583631
0.583593
0.583555
0.583517
0.58348
0.583442
0.583404
0.583366
0.583329
0.583291
0.583253
0.583215
0.583177
0.58314
0.583102
0.583064
0.583026
0.582988
0.582951
0.582913
0.582875
0.582837
0.582799
0.582762
0.582724
0.582686
0.582648
0.58261
0.582572
0.582535
0.582497
0.582459
0.582421
0.582383
0.582345
0.582308
0.58227
0.582232
0.582194
0.582156
0.582118
0.58208
0.582042
0.582005
0.581967
0.581929
0.581891
0.581853
0.581815
0.581777
0.581739
0.581702
0.581664
0.581626
0.581588
0.58155
0.581512
0.581474
0.581436
0.581398
0.58136
0.581323
0.581285
0.581247
0.581209
0.581171
0.581133
0.581095
0.581057
0.581019
0.580981
0.580943
0.580905
0.580867
0.580829
0.580792
0.580754
0.580716
0.580678
0.58064
0.580602
0.580564
0.580526
0.580488
0.58045
0.580412
0.580374
0.580336
0.580298
0.58026
0.580222
0.580184
0.580146
0.580108
0.58007
0.580032
0.579994
0.579956
0.579918
0.57988
0.579842
0.579804
0.579766
0.579728
0.57969
0.579652
0.579614
0.579576
0.579538
0.5795
0.579462
0.579424
0.579386
0.579348
0.57931
0.579272
0.579234
0.579196
0.579158
0.57912
0.579082
0.579043
0.579005
0.578967
0.578929
0.578891
0.578853
0.578815
0.578777
0.578739
0.578701
0.578663
0.578625
0.578587
0.578549
0.57851
0.578472
0.578434
0.578396
0.578358
0.57832
0.578282
0.578244
0.578206
0.578168
0.578129
0.578091
0.578053
0.578015
0.577977
0.577939
0.577901
0.577863
0.577824
0.577786
0.577748
0.57771
0.577672
0.577634
0.577596
0.577557
0.577519
0.577481
0.577443
0.577405
0.577367
0.577328
0.57729
0.577252
0.577214
0.577176
0.577138
0.577099
0.577061
0.577023
0.576985
0.576947
0.576909
0.57687
0.576832
0.576794
0.576756
0.576718
0.576679
0.576641
0.576603
0.576565
0.576527
0.576488
0.57645
0.576412
0.576374
0.576335
0.576297
0.576259
0.576221
0.576182
0.576144
0.576106
0.576068
0.57603
0.575991
0.575953
0.575915
0.575877
0.575838
0.5758
0.575762
0.575723
0.575685
0.575647
0.575609
0.57557
0.575532
0.575494
0.575456
0.575417
0.575379
0.575341
0.575302
0.575264
0.575226
0.575188
0.575149
0.575111
0.575073
0.575034
0.574996
0.574958
0.574919
0.574881
0.574843
0.574804
0.574766
0.574728
0.57469
0.574651
0.574613
0.574575
0.574536
0.574498
0.57446
0.574421
0.574383
0.574344
0.574306
